customer_id,total_monetary_spend,transaction_frequency,total_items_purchased,first_purchase,last_purchase,views,carts,purchases,searches,total_sessions,cart_to_view_ratio,avg_order_value
C0101,4393.0,2,7,2024-04-06 10:40:09,2024-04-29 13:04:07,5,3,0,0,3,0.6,2196.5
C0102,5794.0,2,6,2024-05-12 17:08:43,2024-05-27 12:16:04,21,7,1,5,7,0.3333,2897.0
C0103,5952.0,5,18,2024-01-21 05:53:33,2024-11-19 22:31:14,23,7,0,6,7,0.3043,1190.4
C0104,7289.0,5,21,2024-01-29 21:19:26,2024-09-30 03:44:08,17,7,0,1,6,0.4118,1457.8
C0105,22322.0,7,38,2024-01-19 04:56:30,2024-12-18 08:56:13,15,5,3,2,6,0.3333,3188.86
C0106,11527.0,4,23,2024-01-19 16:46:00,2024-12-06 08:57:27,8,5,1,1,5,0.625,2881.75
C0107,12157.0,2,13,2024-02-24 04:41:55,2024-10-22 04:59:10,12,4,0,2,6,0.3333,6078.5
C0108,2546.0,2,4,2024-07-24 11:45:53,2024-09-09 12:08:15,23,5,2,4,8,0.2174,1273.0
C0109,13375.0,5,15,2024-01-07 07:43:00,2024-11-30 15:45:22,26,6,3,2,7,0.2308,2675.0
C0110,18201.0,3,19,2024-02-25 10:52:46,2024-08-03 16:29:27,8,2,2,2,3,0.25,6067.0
C0111,13815.0,6,25,2024-01-09 23:42:18,2024-12-03 10:48:26,21,3,2,5,7,0.1429,2302.5
C0112,9741.0,2,9,2024-01-20 15:25:30,2024-05-03 23:13:22,15,6,1,2,7,0.4,4870.5
C0113,13013.0,3,17,2024-01-11 23:50:19,2024-12-14 10:59:00,22,10,3,3,8,0.4545,4337.67
C0114,28388.0,5,32,2024-04-03 00:46:51,2024-08-19 07:34:54,23,4,0,7,5,0.1739,5677.6
C0115,11560.0,3,20,2024-03-03 03:20:11,2024-11-10 18:04:02,31,13,6,2,12,0.4194,3853.33
C0116,10483.0,3,17,2024-01-05 07:40:06,2024-10-05 07:23:30,19,7,0,0,6,0.3684,3494.33
C0117,3896.0,2,14,2024-07-01 15:10:40,2024-07-09 08:54:54,25,13,3,5,8,0.52,1948.0
C0118,9084.0,3,16,2024-03-03 17:57:35,2024-09-23 13:40:09,13,7,2,2,6,0.5385,3028.0
C0119,1413.0,1,7,2024-11-08 03:52:57,2024-11-08 03:52:57,15,6,2,5,8,0.4,1413.0
C0120,3242.0,2,8,2024-04-26 11:14:45,2024-05-01 15:22:24,29,2,2,0,7,0.069,1621.0
C0121,19003.0,5,17,2024-01-23 16:25:40,2024-11-24 01:33:46,22,13,3,4,11,0.5909,3800.6
C0122,6956.0,3,14,2024-08-03 10:22:53,2024-11-22 12:10:04,9,3,0,2,4,0.3333,2318.67
C0123,5192.0,2,8,2024-04-14 03:17:29,2024-08-15 15:40:19,11,1,3,1,4,0.0909,2596.0
C0124,13323.0,3,17,2024-09-04 11:11:49,2024-10-22 13:31:21,18,2,0,3,7,0.1111,4441.0
C0125,3133.0,3,7,2024-05-03 10:35:14,2024-07-26 08:14:51,10,2,0,1,2,0.2,1044.33
C0126,587.0,1,3,2024-04-21 09:51:50,2024-04-21 09:51:50,13,5,3,3,3,0.3846,587.0
C0127,17286.0,4,24,2024-04-05 06:30:41,2024-11-08 20:53:35,4,4,1,2,3,1.0,4321.5
C0128,9579.0,3,21,2024-03-09 01:04:01,2024-10-23 19:16:20,29,15,4,2,11,0.5172,3193.0
C0129,6167.0,1,13,2024-05-30 22:34:20,2024-05-30 22:34:20,14,1,2,4,4,0.0714,6167.0
C0130,10297.0,5,23,2024-01-29 21:33:27,2024-11-11 06:57:02,20,3,1,5,6,0.15,2059.4
C0131,4441.0,2,9,2024-04-27 11:36:28,2024-05-02 09:35:56,11,3,2,3,3,0.2727,2220.5
C0132,9769.0,3,11,2024-03-07 13:19:55,2024-07-26 20:09:14,22,7,2,3,5,0.3182,3256.33
C0133,17405.0,8,35,2024-03-02 15:39:42,2024-12-20 18:34:35,17,6,2,3,6,0.3529,2175.62
C0134,20437.0,4,33,2024-02-03 12:47:00,2024-11-04 01:18:25,1,2,1,2,2,2.0,5109.25
C0135,13144.0,4,26,2024-01-05 03:28:10,2024-12-09 14:24:52,18,11,2,1,5,0.6111,3286.0
C0136,3926.0,2,4,2024-05-06 09:40:24,2024-10-20 04:56:31,7,3,0,2,3,0.4286,1963.0
C0137,17005.0,7,35,2024-01-17 07:24:23,2024-12-07 10:19:07,12,1,0,0,4,0.0833,2429.29
C0138,15438.0,3,12,2024-03-02 11:35:54,2024-09-02 06:21:37,17,6,2,2,5,0.3529,5146.0
C0139,8989.0,2,11,2024-04-26 22:36:31,2024-11-03 10:48:45,13,5,2,3,4,0.3846,4494.5
C0140,14549.0,5,21,2024-03-06 07:28:54,2024-08-18 17:06:08,9,4,3,3,6,0.4444,2909.8
C0141,6043.0,2,7,2024-01-12 09:23:03,2024-05-03 09:04:01,7,3,1,2,3,0.4286,3021.5
C0142,4472.0,2,8,2024-01-17 15:57:25,2024-09-18 09:59:29,22,5,2,3,6,0.2273,2236.0
C0143,11778.0,3,22,2024-03-25 11:29:16,2024-07-01 02:17:36,26,10,3,7,9,0.3846,3926.0
C0144,7970.0,4,10,2024-03-17 01:19:28,2024-09-13 00:31:11,22,10,2,2,8,0.4545,1992.5
C0145,10557.0,4,13,2024-04-25 19:12:40,2024-08-19 04:57:26,15,1,0,1,5,0.0667,2639.25
C0146,21457.0,5,23,2024-01-29 07:16:37,2024-11-24 21:35:31,41,11,1,5,11,0.2683,4291.4
C0147,5164.0,2,6,2024-03-04 15:01:50,2024-11-02 01:15:39,16,4,1,2,5,0.25,2582.0
C0148,14384.0,3,16,2024-02-16 14:29:04,2024-07-28 08:46:26,8,6,2,1,5,0.75,4794.67
C0149,4295.0,1,5,2024-08-22 07:06:11,2024-08-22 07:06:11,14,4,3,0,7,0.2857,4295.0
C0150,8287.0,3,13,2024-01-27 13:39:39,2024-05-31 03:28:57,7,5,1,1,4,0.7143,2762.33
C0151,13983.0,5,17,2024-03-03 11:32:43,2024-11-01 11:10:59,40,11,3,2,11,0.275,2796.6
C0152,7429.0,2,11,2024-08-29 19:52:44,2024-10-05 09:17:18,35,9,1,6,11,0.2571,3714.5
C0153,15871.0,5,19,2024-03-22 11:30:52,2024-12-07 07:01:42,11,1,1,2,5,0.0909,3174.2
C0154,9302.0,2,18,2024-02-19 13:08:17,2024-07-13 00:31:35,16,5,0,5,7,0.3125,4651.0
C0155,15701.0,4,19,2024-03-31 08:02:39,2024-08-10 11:29:16,20,9,1,1,8,0.45,3925.25
C0156,15874.0,6,26,2024-02-23 13:01:18,2024-12-27 13:24:45,4,1,2,3,3,0.25,2645.67
C0157,6428.0,2,12,2024-03-15 02:24:15,2024-07-02 18:51:36,12,4,1,6,5,0.3333,3214.0
C0158,6541.0,2,9,2024-07-24 09:08:03,2024-12-12 10:06:07,21,8,3,7,7,0.381,3270.5
C0159,7679.0,4,11,2024-02-13 17:23:05,2024-11-14 12:44:15,19,13,2,1,6,0.6842,1919.75
C0160,9301.0,3,19,2024-05-10 22:09:17,2024-10-10 12:15:31,6,3,1,4,4,0.5,3100.33
C0161,10223.0,4,17,2024-04-27 13:36:27,2024-07-07 16:46:43,21,12,3,6,8,0.5714,2555.75
C0162,3997.0,2,3,2024-11-16 05:25:47,2024-12-25 09:40:48,20,4,0,1,6,0.2,1998.5
C0163,2436.0,1,4,2024-10-13 07:28:12,2024-10-13 07:28:12,9,2,1,0,4,0.2222,2436.0
C0164,17644.0,3,16,2024-01-11 04:38:17,2024-08-04 11:59:26,20,3,3,2,6,0.15,5881.33
C0165,13225.0,6,25,2024-05-29 07:15:25,2024-10-14 12:47:11,26,3,2,6,7,0.1154,2204.17
C0166,7106.0,3,14,2024-02-13 07:04:28,2024-11-10 14:48:12,11,7,1,2,5,0.6364,2368.67
C0167,23132.0,6,28,2024-02-06 10:09:41,2024-11-20 13:59:03,10,2,0,3,5,0.2,3855.33
C0168,13215.0,3,15,2024-02-05 06:56:29,2024-12-13 01:22:44,9,3,0,4,5,0.3333,4405.0
C0169,7151.0,4,19,2024-03-18 03:48:17,2024-07-23 13:42:13,8,8,1,1,4,1.0,1787.75
C0170,19385.0,6,25,2024-02-15 10:13:14,2024-10-28 12:13:39,19,6,6,0,8,0.3158,3230.83
C0171,12518.0,4,22,2024-01-23 20:44:24,2024-11-22 05:17:13,9,4,0,0,3,0.4444,3129.5
C0172,5076.0,3,14,2024-05-04 03:09:47,2024-11-20 15:49:00,25,8,1,11,9,0.32,1692.0
C0173,16973.0,5,27,2024-02-09 20:42:18,2024-10-23 16:40:08,7,2,2,1,4,0.2857,3394.6
C0174,2494.0,2,6,2024-10-29 21:22:17,2024-12-30 14:40:18,17,6,2,4,6,0.3529,1247.0
C0175,12564.0,6,16,2024-01-12 15:30:19,2024-11-22 04:07:49,14,5,2,1,5,0.3571,2094.0
C0176,3942.0,3,8,2024-04-28 08:19:11,2024-09-19 22:09:41,6,0,1,0,2,0.0,1314.0
C0177,549.0,1,1,2024-08-31 19:55:46,2024-08-31 19:55:46,24,3,4,3,6,0.125,549.0
C0178,11408.0,6,22,2024-02-29 14:48:03,2024-10-27 20:39:20,14,3,0,2,4,0.2143,1901.33
C0179,11354.0,2,16,2024-02-13 20:48:51,2024-07-02 00:05:07,36,9,1,7,11,0.25,5677.0
C0180,12043.0,5,17,2024-01-08 02:45:29,2024-12-23 21:51:07,13,5,3,2,5,0.3846,2408.6
C0181,12466.0,3,24,2024-01-22 23:31:23,2024-08-09 18:30:47,26,7,2,2,8,0.2692,4155.33
C0182,12658.0,4,22,2024-06-06 16:45:33,2024-10-14 04:40:31,9,1,1,1,2,0.1111,3164.5
C0183,14864.0,3,16,2024-03-17 05:21:56,2024-12-20 01:10:44,19,9,1,2,7,0.4737,4954.67
C0184,3747.0,1,3,2024-09-27 06:48:11,2024-09-27 06:48:11,9,3,0,1,3,0.3333,3747.0
C0185,2875.0,1,5,2024-02-27 10:31:53,2024-02-27 10:31:53,22,7,2,3,8,0.3182,2875.0
C0186,4524.0,2,6,2024-05-25 20:53:02,2024-07-30 13:15:47,27,10,1,8,9,0.3704,2262.0
C0187,21838.0,4,32,2024-02-18 23:33:25,2024-11-07 15:01:48,16,3,3,2,3,0.1875,5459.5
C0188,13978.0,4,22,2024-04-20 16:44:11,2024-09-16 03:40:25,16,8,3,1,5,0.5,3494.5
C0189,14220.0,4,20,2024-01-16 13:13:19,2024-11-08 10:10:18,13,3,3,1,5,0.2308,3555.0
C0190,5721.0,3,9,2024-02-24 13:15:09,2024-08-17 00:20:08,39,9,1,7,11,0.2308,1907.0
C0191,8845.0,3,15,2024-03-13 05:03:50,2024-08-30 01:00:32,6,1,2,0,3,0.1667,2948.33
C0192,2416.0,2,4,2024-02-03 18:40:12,2024-11-18 19:14:52,7,6,1,2,2,0.8571,1208.0
C0193,22452.0,6,28,2024-04-23 20:32:14,2024-11-01 20:00:51,7,4,1,2,3,0.5714,3742.0
C0194,29514.0,7,46,2024-04-02 10:31:50,2024-12-06 10:28:14,15,7,2,1,7,0.4667,4216.29
C0195,5338.0,3,12,2024-05-17 07:40:50,2024-12-23 19:41:29,10,3,0,0,2,0.3,1779.33
C0196,23728.0,6,42,2024-05-12 00:37:29,2024-10-18 19:26:51,28,3,4,2,8,0.1071,3954.67
C0197,15838.0,4,22,2024-03-07 02:34:35,2024-10-27 19:45:20,7,5,1,1,4,0.7143,3959.5
C0198,3862.0,2,8,2024-06-06 17:20:23,2024-08-16 00:52:20,22,9,4,5,8,0.4091,1931.0
C0199,9948.0,4,12,2024-05-30 01:20:28,2024-09-19 23:16:59,11,3,0,0,3,0.2727,2487.0
C0200,696.0,2,4,2024-09-01 07:46:58,2024-09-23 14:34:14,29,5,2,6,8,0.1724,348.0
C0201,5094.0,1,6,2024-12-05 04:19:17,2024-12-05 04:19:17,21,2,0,2,8,0.0952,5094.0
C0202,42588.0,6,42,2024-01-25 00:28:20,2024-12-19 22:15:59,24,6,5,3,7,0.25,7098.0
C0203,1948.0,1,2,2024-08-01 18:07:38,2024-08-01 18:07:38,11,3,1,1,4,0.2727,1948.0
C0204,15360.0,4,20,2024-01-12 04:38:00,2024-10-18 06:33:21,24,6,3,2,7,0.25,3840.0
C0205,3853.0,2,7,2024-01-19 14:36:39,2024-09-11 12:46:33,14,8,2,3,6,0.5714,1926.5
C0206,11412.0,4,18,2024-01-31 17:44:02,2024-10-12 19:29:43,21,9,3,0,7,0.4286,2853.0
C0207,5445.0,2,15,2024-03-05 23:49:03,2024-06-25 08:18:07,16,1,0,0,4,0.0625,2722.5
C0208,1955.0,1,5,2024-10-26 09:37:22,2024-10-26 09:37:22,27,4,1,2,7,0.1481,1955.0
C0209,8170.0,4,20,2024-01-02 18:01:52,2024-09-08 23:46:34,8,4,0,0,2,0.5,2042.5
C0210,2485.0,1,5,2024-03-13 12:05:47,2024-03-13 12:05:47,14,6,1,1,5,0.4286,2485.0
C0211,9389.0,3,11,2024-04-10 17:23:05,2024-10-13 23:03:13,11,1,2,4,5,0.0909,3129.67
C0212,22699.0,4,21,2024-03-18 01:15:53,2024-10-28 02:21:33,15,5,1,1,5,0.3333,5674.75
C0213,22638.0,8,32,2024-01-13 21:03:13,2024-11-20 02:16:33,20,12,0,5,9,0.6,2829.75
C0214,1037.0,1,3,2024-04-05 09:01:59,2024-04-05 09:01:59,26,4,3,4,8,0.1538,1037.0
C0215,5897.0,3,13,2024-04-13 00:02:23,2024-12-20 18:01:13,4,3,1,1,2,0.75,1965.67
C0216,7738.0,2,12,2024-05-09 06:17:18,2024-06-27 19:04:25,16,8,0,2,5,0.5,3869.0
C0217,11037.0,1,13,2024-10-31 04:35:43,2024-10-31 04:35:43,22,8,1,3,6,0.3636,11037.0
C0218,10142.0,3,18,2024-03-05 04:13:00,2024-07-26 04:16:31,26,5,1,4,6,0.1923,3380.67
C0219,11083.0,3,17,2024-03-08 11:20:58,2024-10-09 00:40:00,29,11,3,3,9,0.3793,3694.33
C0220,19973.0,5,27,2024-02-05 06:07:28,2024-07-03 08:41:52,19,6,3,3,5,0.3158,3994.6
C0221,12154.0,3,16,2024-02-16 00:09:47,2024-12-24 16:07:04,6,3,0,0,4,0.5,4051.33
C0222,10782.0,3,18,2024-08-11 08:40:27,2024-12-14 22:31:20,13,3,0,3,4,0.2308,3594.0
C0223,20844.0,7,26,2024-01-13 12:49:20,2024-11-13 22:33:22,12,4,2,2,4,0.3333,2977.71
C0224,9796.0,3,14,2024-03-21 02:21:35,2024-11-05 15:39:52,14,3,0,3,4,0.2143,3265.33
C0225,25519.0,6,31,2024-01-19 02:35:24,2024-12-07 20:54:09,36,12,8,10,12,0.3333,4253.17
C0226,3148.0,1,2,2024-04-03 23:01:35,2024-04-03 23:01:35,9,5,0,1,3,0.5556,3148.0
C0227,7344.0,2,6,2024-06-16 12:13:29,2024-08-01 19:58:36,17,9,1,1,6,0.5294,3672.0
C0228,7827.0,3,13,2024-01-27 15:12:40,2024-08-28 12:04:39,13,4,3,1,5,0.3077,2609.0
C0229,10328.0,5,12,2024-01-21 19:21:31,2024-12-07 02:13:37,19,6,2,4,8,0.3158,2065.6
C0230,4193.0,3,7,2024-05-18 06:27:00,2024-11-28 20:16:24,13,3,3,1,5,0.2308,1397.67
C0231,24678.0,3,22,2024-06-22 09:35:52,2024-11-09 08:03:57,23,7,1,6,12,0.3043,8226.0
C0232,7449.0,4,11,2024-02-22 04:57:10,2024-08-22 15:18:21,13,5,1,2,4,0.3846,1862.25
C0233,6368.0,4,12,2024-04-06 23:20:55,2024-09-21 20:55:14,23,9,3,5,8,0.3913,1592.0
C0234,25573.0,6,37,2024-04-25 04:25:08,2024-11-01 07:24:49,8,7,0,2,3,0.875,4262.17
C0235,9058.0,4,22,2024-04-23 02:13:48,2024-10-29 13:20:44,38,8,4,1,11,0.2105,2264.5
C0236,13987.0,4,23,2024-03-24 16:07:43,2024-07-30 02:40:48,13,5,2,2,5,0.3846,3496.75
C0237,11882.0,3,18,2024-03-28 18:48:40,2024-11-10 13:49:46,24,8,7,4,9,0.3333,3960.67
C0238,13025.0,3,15,2024-03-18 08:29:27,2024-06-28 02:23:38,19,4,2,2,5,0.2105,4341.67
C0239,16739.0,3,21,2024-01-01 06:24:34,2024-05-05 04:43:30,6,3,1,0,4,0.5,5579.67
C0240,11789.0,2,11,2024-03-20 09:16:34,2024-09-09 01:26:40,23,9,1,1,6,0.3913,5894.5
C0241,3960.0,2,10,2024-03-04 05:02:38,2024-08-20 13:58:08,11,5,0,0,4,0.4545,1980.0
C0242,11484.0,5,16,2024-04-28 06:57:29,2024-12-12 16:27:08,20,4,3,3,7,0.2,2296.8
C0243,19974.0,5,26,2024-07-01 08:27:09,2024-11-22 19:05:47,9,1,1,1,4,0.1111,3994.8
C0244,8939.0,4,11,2024-01-13 03:05:05,2024-12-14 22:49:45,14,9,0,3,5,0.6429,2234.75
C0245,2216.0,2,4,2024-05-14 07:30:51,2024-06-17 20:27:26,5,2,0,4,2,0.4,1108.0
C0246,3611.0,3,9,2024-09-03 09:56:31,2024-12-31 14:18:01,14,3,0,6,5,0.2143,1203.67
C0247,8989.0,3,11,2024-04-21 00:14:00,2024-09-27 00:28:57,19,8,3,2,8,0.4211,2996.33
C0248,16846.0,3,24,2024-05-19 17:01:11,2024-11-23 03:18:09,34,14,2,5,11,0.4118,5615.33
C0249,6788.0,2,12,2024-01-10 19:58:25,2024-09-15 18:33:09,18,2,2,4,6,0.1111,3394.0
C0250,11486.0,3,14,2024-03-21 08:22:57,2024-09-15 13:46:48,8,9,0,2,5,1.125,3828.67
C0251,1947.0,2,3,2024-04-19 00:50:20,2024-07-05 23:03:18,10,2,0,2,2,0.2,973.5
C0252,5799.0,3,11,2024-02-13 13:27:30,2024-03-19 10:41:16,12,4,1,2,6,0.3333,1933.0
C0253,2797.0,1,3,2024-07-16 04:23:23,2024-07-16 04:23:23,29,10,5,10,10,0.3448,2797.0
C0254,37341.0,7,39,2024-04-13 02:42:39,2024-11-28 02:01:36,15,6,1,0,6,0.4,5334.43
C0255,27141.0,5,29,2024-02-03 08:17:13,2024-12-15 02:39:43,11,8,1,4,4,0.7273,5428.2
C0256,3894.0,1,6,2024-04-02 10:55:01,2024-04-02 10:55:01,17,2,3,2,9,0.1176,3894.0
C0257,2826.0,2,4,2024-09-23 06:57:48,2024-11-03 00:15:18,19,8,0,4,9,0.4211,1413.0
C0258,11118.0,4,22,2024-05-28 00:39:50,2024-07-21 04:48:04,22,7,0,5,8,0.3182,2779.5
C0259,3996.0,1,4,2024-07-08 07:20:54,2024-07-08 07:20:54,16,7,1,1,6,0.4375,3996.0
C0260,31515.0,4,35,2024-01-24 18:15:09,2024-11-05 21:49:33,12,4,0,1,4,0.3333,7878.75
C0261,20559.0,4,21,2024-02-20 00:39:07,2024-10-11 10:50:34,15,4,2,1,6,0.2667,5139.75
C0262,30654.0,8,36,2024-01-17 15:37:24,2024-12-24 18:43:00,20,11,5,5,10,0.55,3831.75
C0263,966.0,2,4,2024-02-22 04:30:06,2024-12-11 21:24:28,13,2,1,2,4,0.1538,483.0
C0264,4740.0,2,10,2024-04-02 15:25:22,2024-05-23 12:11:11,28,8,2,2,7,0.2857,2370.0
C0265,10277.0,1,13,2024-07-22 00:38:22,2024-07-22 00:38:22,22,4,0,1,7,0.1818,10277.0
C0266,11069.0,4,21,2024-03-16 06:38:08,2024-04-15 23:01:15,9,3,0,1,6,0.3333,2767.25
C0267,20342.0,3,28,2024-02-01 22:36:23,2024-11-27 21:47:36,17,1,0,3,4,0.0588,6780.67
C0268,9467.0,3,13,2024-05-21 23:22:12,2024-11-30 05:22:44,11,2,1,1,5,0.1818,3155.67
C0269,5691.0,2,9,2024-02-06 14:27:04,2024-10-11 09:53:59,13,1,0,2,5,0.0769,2845.5
C0270,2097.0,2,3,2024-03-10 10:30:46,2024-06-16 13:08:42,4,2,0,2,3,0.5,1048.5
C0271,4215.0,2,5,2024-02-10 09:55:15,2024-10-05 20:24:16,7,4,2,2,4,0.5714,2107.5
C0272,25173.0,4,27,2024-01-18 02:14:05,2024-12-20 16:04:44,8,3,0,0,3,0.375,6293.25
C0273,11409.0,3,11,2024-07-11 14:24:32,2024-10-16 05:20:10,18,6,6,7,7,0.3333,3803.0
C0274,4632.0,2,8,2024-11-01 23:05:51,2024-12-06 21:30:07,12,9,1,0,6,0.75,2316.0
C0275,9768.0,6,22,2024-07-01 05:28:35,2024-11-08 05:59:42,16,3,3,1,5,0.1875,1628.0
C0276,15241.0,3,9,2024-05-20 09:21:57,2024-11-18 04:16:28,2,1,1,0,1,0.5,5080.33
C0277,3794.0,2,6,2024-01-21 23:34:25,2024-08-15 19:57:42,17,6,2,4,7,0.3529,1897.0
C0278,19918.0,5,22,2024-03-09 04:05:37,2024-08-23 10:28:29,14,0,1,5,4,0.0,3983.6
C0279,3195.0,1,5,2024-04-09 05:01:32,2024-04-09 05:01:32,22,4,1,5,8,0.1818,3195.0
C0280,24366.0,7,34,2024-01-13 17:58:46,2024-11-20 08:33:58,28,2,3,0,8,0.0714,3480.86
C0281,2797.0,1,3,2024-08-20 17:03:26,2024-08-20 17:03:26,16,3,3,2,5,0.1875,2797.0
C0282,8488.0,3,12,2024-03-28 04:00:40,2024-11-07 05:52:34,16,8,3,3,8,0.5,2829.33
C0283,1951.0,2,9,2024-04-13 00:52:58,2024-05-16 09:59:24,9,0,0,0,3,0.0,975.5
C0284,14783.0,5,17,2024-03-28 20:13:36,2024-08-06 22:25:52,13,6,1,2,6,0.4615,2956.6
C0285,8118.0,3,12,2024-02-24 12:12:39,2024-11-13 23:40:15,13,3,2,3,5,0.2308,2706.0
C0286,10715.0,4,25,2024-01-29 15:25:24,2024-12-24 02:28:03,17,3,2,2,5,0.1765,2678.75
C0287,1217.0,1,3,2024-05-09 15:10:09,2024-05-09 15:10:09,21,8,2,0,7,0.381,1217.0
C0288,4547.0,3,13,2024-01-04 18:09:09,2024-11-29 03:14:32,13,3,1,2,3,0.2308,1515.67
C0289,13579.0,4,21,2024-02-10 00:59:16,2024-10-30 09:34:19,4,2,0,1,2,0.5,3394.75
C0290,11792.0,6,28,2024-01-21 14:11:23,2024-11-29 14:39:22,10,3,0,1,2,0.3,1965.33
C0291,0.0,0,0,,,23,10,2,4,7,0.4348,0.0
C0292,1057.0,1,3,2024-02-27 05:29:44,2024-02-27 05:29:44,26,5,2,5,7,0.1923,1057.0
C0293,13290.0,4,20,2024-03-18 08:11:31,2024-12-26 10:52:43,4,1,0,0,3,0.25,3322.5
C0294,927.0,1,3,2024-02-14 04:57:35,2024-02-14 04:57:35,34,6,2,2,9,0.1765,927.0
C0295,19.0,1,1,2024-07-16 01:18:21,2024-07-16 01:18:21,8,7,0,2,4,0.875,19.0
C0296,24678.0,4,22,2024-04-25 21:53:48,2024-11-20 20:45:20,24,9,4,2,9,0.375,6169.5
C0297,25753.0,7,37,2024-02-27 17:01:36,2024-10-22 10:20:00,27,3,3,2,8,0.1111,3679.0
C0298,0.0,0,0,,,8,4,0,1,3,0.5,0.0
C0299,6821.0,3,9,2024-01-13 19:38:26,2024-12-04 09:32:51,18,4,1,5,9,0.2222,2273.67
C0300,12923.0,2,17,2024-08-08 11:35:10,2024-12-21 18:43:03,5,1,0,0,2,0.2,6461.5
C0301,2744.0,4,6,2024-04-07 21:50:50,2024-12-12 03:54:11,6,1,0,1,2,0.1667,686.0
C0302,7309.0,5,11,2024-01-10 14:54:10,2024-07-31 21:09:02,18,5,0,7,9,0.2778,1461.8
C0303,748.0,1,2,2024-01-22 16:51:34,2024-01-22 16:51:34,22,8,0,2,8,0.3636,748.0
C0304,14161.0,5,19,2024-01-25 14:38:41,2024-11-07 17:56:27,11,5,2,0,3,0.4545,2832.2
C0305,13745.0,6,25,2024-03-03 21:55:39,2024-12-17 08:03:51,23,12,4,5,8,0.5217,2290.83
C0306,2596.0,1,4,2024-10-11 13:04:06,2024-10-11 13:04:06,23,8,1,4,6,0.3478,2596.0
C0307,0.0,0,0,,,24,4,1,5,7,0.1667,0.0
C0308,27105.0,6,35,2024-01-31 15:46:23,2024-11-21 23:52:29,29,7,1,4,6,0.2414,4517.5
C0309,20827.0,8,33,2024-03-30 06:00:04,2024-11-12 14:36:23,19,13,3,3,10,0.6842,2603.38
C0310,10280.0,3,20,2024-07-07 00:17:44,2024-10-23 18:30:22,25,7,3,6,8,0.28,3426.67
C0311,9487.0,3,13,2024-04-05 06:58:36,2024-06-11 22:47:05,13,2,2,1,6,0.1538,3162.33
C0312,4520.0,3,10,2024-01-14 18:22:51,2024-11-07 04:57:08,15,2,0,3,3,0.1333,1506.67
C0313,9086.0,4,14,2024-02-09 23:37:15,2024-11-27 14:33:00,3,2,0,0,3,0.6667,2271.5
C0314,11690.0,3,10,2024-03-03 10:11:12,2024-12-01 09:52:22,28,9,0,4,7,0.3214,3896.67
C0315,5718.0,2,12,2024-05-30 01:38:49,2024-06-10 19:50:11,11,5,4,3,5,0.4545,2859.0
C0316,8891.0,3,9,2024-04-10 20:27:52,2024-12-24 12:27:17,12,10,1,3,5,0.8333,2963.67
C0317,13207.0,5,23,2024-01-02 03:00:45,2024-11-18 11:04:23,8,8,0,0,3,1.0,2641.4
C0318,26835.0,4,25,2024-01-03 16:21:54,2024-09-17 07:13:18,8,5,1,5,3,0.625,6708.75
C0319,14825.0,4,25,2024-05-27 07:25:46,2024-09-12 07:00:25,22,8,1,3,8,0.3636,3706.25
C0320,9492.0,6,18,2024-02-14 17:25:26,2024-12-02 11:22:17,14,3,1,2,5,0.2143,1582.0
C0321,26772.0,5,28,2024-02-03 10:41:33,2024-07-08 02:01:17,18,10,3,5,7,0.5556,5354.4
C0322,24081.0,5,19,2024-02-12 02:20:56,2024-11-26 00:48:02,17,6,0,5,7,0.3529,4816.2
C0323,2697.0,1,3,2024-07-31 19:32:20,2024-07-31 19:32:20,9,6,1,0,4,0.6667,2697.0
C0324,3345.0,2,5,2024-01-16 22:28:13,2024-09-25 05:37:37,17,5,0,4,8,0.2941,1672.5
C0325,11171.0,5,19,2024-05-02 12:16:28,2024-07-18 21:41:30,22,6,1,2,7,0.2727,2234.2
C0326,399.0,1,1,2024-07-23 21:07:24,2024-07-23 21:07:24,6,5,1,4,4,0.8333,399.0
C0327,6154.0,2,16,2024-07-21 01:08:33,2024-12-31 22:52:57,6,4,2,0,4,0.6667,3077.0
C0328,12209.0,6,21,2024-05-02 19:48:39,2024-12-28 03:54:29,32,5,3,2,9,0.1562,2034.83
C0329,7396.0,3,14,2024-03-21 11:18:12,2024-07-16 12:13:26,34,11,3,2,8,0.3235,2465.33
C0330,12559.0,5,21,2024-04-08 21:52:42,2024-12-14 02:54:32,17,3,1,8,10,0.1765,2511.8
C0331,0.0,0,0,,,11,3,3,1,3,0.2727,0.0
C0332,9476.0,2,14,2024-01-14 22:43:12,2024-05-11 20:10:31,19,3,0,3,5,0.1579,4738.0
C0333,11005.0,6,25,2024-05-02 14:45:33,2024-12-01 08:48:21,21,11,3,5,9,0.5238,1834.17
C0334,13148.0,4,12,2024-06-18 04:18:16,2024-12-07 09:52:57,19,13,2,5,9,0.6842,3287.0
C0335,13731.0,5,19,2024-03-05 10:34:18,2024-09-28 15:13:20,18,5,3,0,6,0.2778,2746.2
C0336,12022.0,5,18,2024-02-23 18:52:24,2024-12-13 21:50:57,10,6,0,1,4,0.6,2404.4
C0337,8240.0,1,10,2024-05-28 20:37:53,2024-05-28 20:37:53,12,2,0,2,4,0.1667,8240.0
C0338,12382.0,3,18,2024-04-02 11:54:26,2024-11-10 02:59:25,19,5,0,6,7,0.2632,4127.33
C0339,0.0,0,0,,,28,6,1,0,8,0.2143,0.0
C0340,5399.0,2,11,2024-02-26 18:05:48,2024-09-30 21:15:06,23,10,1,2,7,0.4348,2699.5
C0341,3966.0,1,4,2024-12-18 13:49:05,2024-12-18 13:49:05,26,6,0,3,7,0.2308,3966.0
C0342,3542.0,2,8,2024-02-05 12:31:57,2024-07-02 23:38:29,4,3,0,4,2,0.75,1771.0
C0343,2754.0,2,6,2024-06-07 06:42:26,2024-06-13 15:00:04,38,6,0,5,9,0.1579,1377.0
C0344,3725.0,1,5,2024-05-30 19:29:42,2024-05-30 19:29:42,1,1,0,3,3,1.0,3725.0
C0345,14122.0,2,8,2024-05-17 05:38:29,2024-10-19 04:36:19,14,8,1,4,9,0.5714,7061.0
C0346,14669.0,4,21,2024-01-04 19:51:55,2024-07-29 01:29:29,8,5,0,4,5,0.625,3667.25
C0347,12498.0,3,22,2024-03-23 12:24:53,2024-11-08 08:43:04,27,6,0,1,8,0.2222,4166.0
C0348,9839.0,2,11,2024-06-13 20:51:53,2024-09-30 12:41:13,21,5,2,2,5,0.2381,4919.5
C0349,13900.0,3,20,2024-01-04 00:21:02,2024-12-22 00:23:50,16,4,2,1,7,0.25,4633.33
C0350,6011.0,2,9,2024-11-20 07:25:07,2024-12-07 11:51:10,26,7,4,6,8,0.2692,3005.5
C0351,5518.0,5,12,2024-03-04 22:14:38,2024-10-12 07:58:08,20,9,0,2,6,0.45,1103.6
C0352,12954.0,4,16,2024-02-05 03:49:43,2024-11-04 23:12:25,25,11,1,10,9,0.44,3238.5
C0353,999.0,1,1,2024-11-18 11:37:51,2024-11-18 11:37:51,12,5,1,1,5,0.4167,999.0
C0354,10645.0,2,15,2024-01-01 19:12:58,2024-05-25 00:31:25,16,0,0,3,4,0.0,5322.5
C0355,7140.0,3,10,2024-01-28 15:14:52,2024-12-31 19:04:56,23,6,2,2,5,0.2609,2380.0
C0356,13037.0,4,13,2024-01-24 03:53:49,2024-05-28 15:56:43,12,1,0,2,3,0.0833,3259.25
C0357,23415.0,4,35,2024-05-01 17:40:03,2024-09-26 17:14:50,9,2,0,2,4,0.2222,5853.75
C0358,22637.0,8,33,2024-01-14 13:36:10,2024-12-14 07:12:36,16,9,1,3,6,0.5625,2829.62
C0359,11480.0,4,20,2024-02-16 21:25:46,2024-10-25 20:34:04,18,3,1,2,5,0.1667,2870.0
C0360,11967.0,4,13,2024-07-29 12:12:05,2024-11-19 17:53:54,8,4,0,0,3,0.5,2991.75
C0361,15416.0,4,24,2024-03-28 11:20:52,2024-10-04 04:48:04,36,14,0,8,10,0.3889,3854.0
C0362,7388.0,3,12,2024-04-29 20:04:09,2024-12-29 19:32:59,10,4,1,6,4,0.4,2462.67
C0363,13566.0,2,14,2024-03-10 20:35:28,2024-11-16 05:40:01,19,5,4,0,6,0.2632,6783.0
C0364,8695.0,2,15,2024-01-17 23:08:11,2024-09-03 04:37:56,18,13,4,10,8,0.7222,4347.5
C0365,13010.0,3,20,2024-05-03 05:18:33,2024-09-07 02:23:22,14,8,3,2,6,0.5714,4336.67
C0366,24198.0,6,32,2024-03-06 00:35:37,2024-11-20 14:08:40,16,6,1,2,7,0.375,4033.0
C0367,24043.0,7,37,2024-03-15 22:19:49,2024-12-28 19:43:19,29,7,1,4,7,0.2414,3434.71
C0368,10035.0,3,15,2024-02-16 00:26:16,2024-08-16 10:05:28,7,1,1,0,4,0.1429,3345.0
C0369,7439.0,4,11,2024-03-14 03:34:57,2024-12-03 11:06:26,19,8,1,3,5,0.4211,1859.75
C0370,15822.0,5,18,2024-01-19 16:44:21,2024-09-04 04:41:25,18,3,2,3,6,0.1667,3164.4
C0371,29340.0,7,40,2024-03-26 14:11:23,2024-11-10 18:04:39,32,10,2,4,9,0.3125,4191.43
C0372,9794.0,4,16,2024-02-27 23:37:21,2024-11-15 21:11:02,33,7,1,7,11,0.2121,2448.5
C0373,9368.0,3,22,2024-01-22 06:12:20,2024-08-08 10:31:26,13,8,3,3,6,0.6154,3122.67
C0374,4033.0,4,7,2024-01-23 23:59:28,2024-09-08 19:09:44,6,2,1,2,4,0.3333,1008.25
C0375,19555.0,7,35,2024-01-03 04:13:06,2024-11-23 05:13:47,25,8,1,6,8,0.32,2793.57
C0376,28045.0,6,25,2024-01-16 19:41:47,2024-11-03 17:47:28,14,6,0,2,5,0.4286,4674.17
C0377,8956.0,5,14,2024-01-07 01:47:21,2024-12-15 03:37:33,2,3,1,0,1,1.5,1791.2
C0378,7794.0,1,6,2024-05-16 02:43:16,2024-05-16 02:43:16,30,8,0,6,8,0.2667,7794.0
C0379,23751.0,6,29,2024-01-05 15:29:18,2024-12-26 21:39:49,20,5,1,2,6,0.25,3958.5
C0380,2065.0,2,5,2024-01-22 13:47:50,2024-02-24 22:47:11,12,3,0,5,4,0.25,1032.5
C0381,6919.0,3,11,2024-01-29 05:32:07,2024-07-03 01:38:11,18,5,2,5,6,0.2778,2306.33
C0382,14402.0,3,18,2024-04-11 09:32:55,2024-10-11 22:13:22,29,8,4,5,8,0.2759,4800.67
C0383,3717.0,1,3,2024-08-01 14:16:49,2024-08-01 14:16:49,12,1,1,0,3,0.0833,3717.0
C0384,3419.0,4,11,2024-05-07 04:09:29,2024-12-19 21:46:45,10,3,0,2,2,0.3,854.75
C0385,3170.0,3,10,2024-02-25 17:43:31,2024-07-02 20:14:06,18,4,0,3,5,0.2222,1056.67
C0386,5997.0,2,13,2024-01-21 17:27:57,2024-06-05 04:57:14,36,11,4,7,11,0.3056,2998.5
C0387,20687.0,2,13,2024-03-15 17:54:28,2024-07-11 23:15:48,21,9,1,2,6,0.4286,10343.5
C0388,16587.0,4,23,2024-01-24 06:35:17,2024-09-04 23:00:19,9,1,3,2,4,0.1111,4146.75
C0389,6091.0,2,9,2024-03-01 16:17:51,2024-03-28 21:18:57,20,6,2,4,6,0.3,3045.5
C0390,8791.0,3,9,2024-01-14 19:05:09,2024-09-01 12:00:03,35,9,2,10,10,0.2571,2930.33
C0391,16323.0,5,27,2024-03-10 01:30:08,2024-11-09 23:53:35,18,8,1,3,5,0.4444,3264.6
C0392,399.0,1,1,2024-07-02 09:24:23,2024-07-02 09:24:23,12,1,3,2,3,0.0833,399.0
C0393,7555.0,3,15,2024-01-27 00:41:20,2024-06-23 23:40:53,20,6,2,2,6,0.3,2518.33
C0394,0.0,0,0,,,21,4,1,2,6,0.1905,0.0
C0395,38.0,1,2,2024-03-22 00:28:00,2024-03-22 00:28:00,29,5,0,3,9,0.1724,38.0
C0396,6967.0,4,13,2024-01-15 07:43:29,2024-09-26 21:17:09,23,9,0,0,6,0.3913,1741.75
C0397,10317.0,2,13,2024-05-31 06:16:23,2024-12-06 06:30:20,29,6,2,1,7,0.2069,5158.5
C0398,9009.0,3,11,2024-01-02 17:07:16,2024-10-14 15:11:46,23,8,0,1,7,0.3478,3003.0
C0399,7532.0,4,18,2024-03-27 14:59:19,2024-12-24 15:17:03,12,4,0,2,4,0.3333,1883.0
C0400,11765.0,3,15,2024-02-29 16:57:28,2024-10-24 22:01:57,7,0,0,0,1,0.0,3921.67
C0401,9430.0,3,10,2024-06-15 17:36:37,2024-11-15 13:44:38,16,10,3,3,6,0.625,3143.33
C0402,10251.0,2,19,2024-01-26 00:09:50,2024-07-31 07:56:33,40,10,2,5,10,0.25,5125.5
C0403,7188.0,4,12,2024-03-24 06:50:08,2024-06-25 11:27:03,23,9,1,6,9,0.3913,1797.0
C0404,9883.0,5,17,2024-06-26 23:07:30,2024-11-14 10:58:10,18,11,5,4,9,0.6111,1976.6
C0405,13207.0,7,33,2024-04-30 01:06:58,2024-12-12 04:27:18,9,5,0,3,5,0.5556,1886.71
C0406,9971.0,5,19,2024-04-10 21:07:31,2024-11-12 03:28:19,18,7,3,4,7,0.3889,1994.2
C0407,12515.0,5,15,2024-01-20 09:07:21,2024-12-31 18:22:48,29,4,4,1,8,0.1379,2503.0
C0408,19479.0,8,31,2024-01-09 11:11:32,2024-12-22 03:33:18,23,6,3,1,9,0.2609,2434.88
C0409,14069.0,4,21,2024-06-29 22:34:52,2024-11-22 08:54:49,13,2,0,2,5,0.1538,3517.25
C0410,15954.0,2,16,2024-04-20 15:07:23,2024-11-01 13:56:18,3,1,0,1,1,0.3333,7977.0
C0411,12609.0,2,11,2024-03-14 02:08:14,2024-09-05 01:51:57,0,0,0,0,0,0.0,6304.5
C0412,18402.0,5,18,2024-05-03 03:29:36,2024-12-22 00:01:06,12,7,2,3,5,0.5833,3680.4
C0413,14585.0,3,15,2024-03-01 10:00:16,2024-05-24 12:20:46,13,10,1,6,7,0.7692,4861.67
C0414,24934.0,5,26,2024-01-27 16:25:13,2024-12-25 20:31:03,9,3,0,1,3,0.3333,4986.8
C0415,22671.0,4,19,2024-01-30 15:53:36,2024-03-18 07:57:41,28,3,1,3,8,0.1071,5667.75
C0416,9200.0,6,10,2024-01-20 23:44:51,2024-10-11 00:05:29,22,4,1,6,9,0.1818,1533.33
C0417,11042.0,4,18,2024-06-10 06:41:43,2024-12-29 07:39:30,17,5,1,1,6,0.2941,2760.5
C0418,5700.0,3,10,2024-01-24 12:22:01,2024-07-28 04:34:32,11,3,2,1,5,0.2727,1900.0
C0419,12753.0,4,17,2024-01-31 13:12:19,2024-12-13 22:53:25,15,6,1,2,4,0.4,3188.25
C0420,468.0,1,2,2024-10-14 03:24:01,2024-10-14 03:24:01,26,5,0,5,6,0.1923,468.0
C0421,8677.0,4,13,2024-02-19 09:31:08,2024-12-25 09:14:44,24,6,0,4,9,0.25,2169.25
C0422,17064.0,5,16,2024-04-19 02:12:43,2024-12-24 08:58:12,8,5,2,0,5,0.625,3412.8
C0423,5693.0,3,17,2024-05-23 03:53:45,2024-12-09 18:41:53,26,11,0,6,9,0.4231,1897.67
C0424,22178.0,4,22,2024-02-12 16:26:06,2024-12-24 08:10:03,21,3,1,3,7,0.1429,5544.5
C0425,6675.0,2,15,2024-02-28 06:41:18,2024-11-21 00:02:17,16,4,1,1,6,0.25,3337.5
C0426,17569.0,4,21,2024-01-30 18:49:57,2024-08-21 11:44:40,25,4,3,2,5,0.16,4392.25
C0427,13029.0,6,21,2024-01-05 01:15:48,2024-11-11 04:26:48,25,5,0,6,8,0.2,2171.5
C0428,16157.0,6,23,2024-02-28 09:42:37,2024-09-16 08:03:48,16,7,2,2,6,0.4375,2692.83
C0429,2131.0,3,9,2024-05-31 17:25:29,2024-11-23 14:25:16,11,4,2,3,5,0.3636,710.33
C0430,30571.0,4,19,2024-03-12 16:32:15,2024-11-22 16:22:50,12,2,3,6,5,0.1667,7642.75
C0431,11193.0,2,7,2024-01-03 11:10:56,2024-07-14 01:17:34,17,8,2,3,8,0.4706,5596.5
C0432,4020.0,2,10,2024-05-24 22:06:15,2024-08-28 23:03:42,18,10,3,4,6,0.5556,2010.0
C0433,99.0,1,1,2024-01-11 09:26:31,2024-01-11 09:26:31,25,16,2,3,10,0.64,99.0
C0434,15121.0,5,19,2024-03-16 14:37:05,2024-10-31 17:36:35,6,2,1,2,4,0.3333,3024.2
C0435,1647.0,1,3,2024-05-11 22:25:17,2024-05-11 22:25:17,19,8,2,2,6,0.4211,1647.0
C0436,17770.0,6,30,2024-01-05 15:25:49,2024-12-07 19:06:43,24,6,0,6,7,0.25,2961.67
C0437,5977.0,5,13,2024-04-09 18:42:38,2024-11-27 21:10:05,14,1,1,2,8,0.0714,1195.4
C0438,11745.0,5,15,2024-01-16 08:17:40,2024-04-24 09:06:18,13,2,0,1,3,0.1538,2349.0
C0439,1715.0,3,5,2024-05-05 02:44:05,2024-12-24 13:31:37,12,8,2,2,5,0.6667,571.67
C0440,1655.0,2,5,2024-06-21 02:05:19,2024-12-02 16:43:21,21,7,0,2,7,0.3333,827.5
C0441,10062.0,7,18,2024-02-10 08:40:58,2024-10-26 16:23:01,16,8,1,2,7,0.5,1437.43
C0442,4759.0,4,11,2024-06-06 01:52:24,2024-10-15 19:13:13,10,3,1,1,5,0.3,1189.75
C0443,799.0,1,1,2024-06-21 14:38:15,2024-06-21 14:38:15,0,0,0,0,0,0.0,799.0
C0444,0.0,0,0,,,24,6,1,6,5,0.25,0.0
C0445,2396.0,2,4,2024-04-24 14:02:48,2024-08-14 03:39:04,9,5,1,3,4,0.5556,1198.0
C0446,2751.0,1,9,2024-04-06 09:05:03,2024-04-06 09:05:03,20,5,2,5,6,0.25,2751.0
C0447,9270.0,5,20,2024-01-09 10:35:27,2024-10-15 02:48:40,26,6,0,2,9,0.2308,1854.0
C0448,2553.0,2,7,2024-06-24 01:17:44,2024-08-12 00:10:26,14,4,1,3,5,0.2857,1276.5
C0449,17513.0,8,27,2024-02-16 07:11:27,2024-11-22 13:51:35,15,3,0,4,5,0.2,2189.12
C0450,7047.0,2,13,2024-01-10 12:25:27,2024-06-16 11:16:45,9,0,1,0,4,0.0,3523.5
C0451,0.0,0,0,,,26,11,3,2,8,0.4231,0.0
C0452,5942.0,1,8,2024-02-13 15:22:49,2024-02-13 15:22:49,27,7,4,3,10,0.2593,5942.0
C0453,349.0,1,1,2024-10-03 23:28:43,2024-10-03 23:28:43,35,12,1,4,10,0.3429,349.0
C0454,16419.0,6,21,2024-01-25 15:14:17,2024-11-28 14:36:25,22,8,2,2,9,0.3636,2736.5
C0455,10662.0,3,8,2024-05-24 06:54:53,2024-12-06 16:37:25,18,2,1,1,5,0.1111,3554.0
C0456,21080.0,4,30,2024-05-10 14:20:31,2024-09-16 08:21:14,25,9,2,3,9,0.36,5270.0
C0457,7074.0,4,16,2024-01-01 23:38:06,2024-07-20 17:47:07,12,7,2,5,6,0.5833,1768.5
C0458,10850.0,3,10,2024-04-01 08:09:29,2024-07-12 18:11:57,24,12,1,8,9,0.5,3616.67
C0459,13264.0,4,16,2024-01-29 10:43:16,2024-04-24 09:23:59,9,2,0,1,3,0.2222,3316.0
C0460,25380.0,6,30,2024-01-20 01:00:19,2024-10-10 00:04:00,22,10,0,2,8,0.4545,4230.0
C0461,13527.0,6,23,2024-02-20 06:09:03,2024-10-24 15:30:17,27,3,2,4,7,0.1111,2254.5
C0462,15640.0,4,20,2024-01-15 02:40:29,2024-07-31 12:06:22,26,6,1,0,8,0.2308,3910.0
C0463,22678.0,7,32,2024-02-28 11:09:05,2024-11-15 12:29:56,31,11,2,4,10,0.3548,3239.71
C0464,49.0,1,1,2024-07-19 12:19:22,2024-07-19 12:19:22,26,7,3,2,8,0.2692,49.0
C0465,6693.0,4,17,2024-02-12 10:30:29,2024-12-18 04:44:04,15,6,1,1,5,0.4,1673.25
C0466,11344.0,3,16,2024-01-08 23:11:09,2024-04-29 06:33:51,15,6,1,2,6,0.4,3781.33
C0467,8715.0,3,15,2024-06-20 14:26:11,2024-08-31 21:25:21,20,1,5,5,6,0.05,2905.0
C0468,5110.0,2,10,2024-10-07 22:38:06,2024-10-29 00:58:35,13,5,2,2,6,0.3846,2555.0
C0469,10404.0,4,16,2024-02-17 02:45:59,2024-11-13 00:17:19,15,4,0,3,5,0.2667,2601.0
C0470,35893.0,9,47,2024-01-22 19:31:24,2024-12-29 15:09:26,22,4,3,0,9,0.1818,3988.11
C0471,7719.0,5,11,2024-03-02 05:04:54,2024-09-05 08:07:19,23,5,0,2,6,0.2174,1543.8
C0472,10248.0,2,12,2024-05-21 21:21:31,2024-08-20 03:18:59,11,4,0,3,4,0.3636,5124.0
C0473,198.0,1,2,2024-03-07 07:18:52,2024-03-07 07:18:52,24,6,0,4,9,0.25,198.0
C0474,6302.0,2,18,2024-09-06 06:37:41,2024-11-15 17:17:49,26,5,1,1,7,0.1923,3151.0
C0475,2697.0,1,3,2024-08-11 18:52:16,2024-08-11 18:52:16,31,8,2,6,10,0.2581,2697.0
C0476,6373.0,3,7,2024-09-24 11:19:12,2024-11-01 03:56:37,5,2,0,1,5,0.4,2124.33
C0477,3693.0,3,7,2024-04-12 10:54:22,2024-11-09 07:32:40,10,4,0,1,5,0.4,1231.0
C0478,4295.0,2,5,2024-04-22 14:59:16,2024-10-16 15:56:49,9,1,0,1,3,0.1111,2147.5
C0479,13968.0,3,12,2024-05-29 07:38:31,2024-12-28 20:59:57,12,3,1,1,4,0.25,4656.0
C0480,14902.0,3,18,2024-03-13 01:51:47,2024-12-19 21:11:31,15,9,1,4,7,0.6,4967.33
C0481,14517.0,5,23,2024-01-16 16:54:37,2024-08-07 22:49:54,30,13,0,5,9,0.4333,2903.4
C0482,9245.0,4,15,2024-06-05 10:50:28,2024-10-25 11:03:03,12,4,0,0,4,0.3333,2311.25
C0483,3444.0,3,6,2024-01-10 22:59:03,2024-09-11 05:12:07,22,11,3,3,7,0.5,1148.0
C0484,1197.0,2,3,2024-01-09 20:53:22,2024-02-03 17:26:24,5,3,1,1,3,0.6,598.5
C0485,10619.0,4,21,2024-03-26 23:25:26,2024-07-27 20:01:14,29,9,3,3,10,0.3103,2654.75
C0486,3195.0,1,5,2024-06-25 13:58:57,2024-06-25 13:58:57,7,4,2,1,3,0.5714,3195.0
C0487,1547.0,2,3,2024-08-16 11:23:35,2024-12-10 14:51:59,24,8,4,4,9,0.3333,773.5
C0488,8441.0,2,9,2024-08-20 12:52:15,2024-10-03 05:50:53,36,8,0,6,10,0.2222,4220.5
C0489,6644.0,2,6,2024-01-07 08:45:35,2024-08-21 09:58:40,11,3,1,1,4,0.2727,3322.0
C0490,6545.0,1,5,2024-11-25 23:01:35,2024-11-25 23:01:35,14,5,1,2,6,0.3571,6545.0
C0491,13381.0,4,19,2024-04-16 08:39:01,2024-08-19 03:57:24,34,7,1,4,9,0.2059,3345.25
C0492,33202.0,5,38,2024-01-23 17:49:13,2024-12-27 02:41:22,19,5,2,4,7,0.2632,6640.4
C0493,1818.0,2,12,2024-01-20 06:38:09,2024-11-19 17:07:34,13,5,0,3,4,0.3846,909.0
C0494,11059.0,4,21,2024-02-15 05:58:35,2024-08-18 22:31:32,21,7,2,2,8,0.3333,2764.75
C0495,38.0,1,2,2024-07-04 13:19:26,2024-07-04 13:19:26,19,6,0,1,4,0.3158,38.0
C0496,7456.0,2,14,2024-10-30 20:13:28,2024-11-12 07:38:15,21,7,2,4,8,0.3333,3728.0
C0497,10399.0,3,11,2024-01-11 19:47:34,2024-02-03 06:51:00,27,12,1,8,10,0.4444,3466.33
C0498,37074.0,7,46,2024-01-05 22:40:39,2024-12-04 16:32:02,7,4,1,3,5,0.5714,5296.29
C0499,10723.0,2,17,2024-06-15 13:48:10,2024-11-08 12:35:38,9,2,1,2,4,0.2222,5361.5
C0500,10613.0,3,17,2024-02-13 05:19:03,2024-11-29 04:07:01,28,8,2,2,9,0.2857,3537.67
C0501,27990.0,7,30,2024-01-14 13:00:16,2024-11-09 22:08:58,14,4,2,2,5,0.2857,3998.57
C0502,8788.0,4,12,2024-04-02 02:06:11,2024-06-24 17:03:33,32,7,3,2,8,0.2188,2197.0
C0503,22263.0,6,37,2024-06-19 11:34:52,2024-12-03 10:44:06,17,2,2,4,5,0.1176,3710.5
C0504,3476.0,2,4,2024-02-22 07:38:48,2024-08-11 13:13:07,11,5,1,1,3,0.4545,1738.0
C0505,797.0,1,3,2024-10-10 19:37:23,2024-10-10 19:37:23,18,3,2,2,6,0.1667,797.0
C0506,2398.0,1,2,2024-03-29 12:25:46,2024-03-29 12:25:46,5,1,1,3,3,0.2,2398.0
C0507,3629.0,2,11,2024-02-04 00:40:45,2024-07-29 09:44:55,40,13,2,8,14,0.325,1814.5
C0508,5971.0,2,9,2024-02-27 15:33:35,2024-12-17 00:41:53,23,4,1,5,8,0.1739,2985.5
C0509,11315.0,2,15,2024-03-20 18:32:58,2024-10-30 03:11:28,21,10,2,6,8,0.4762,5657.5
C0510,5693.0,2,7,2024-09-08 23:22:48,2024-10-06 22:29:13,19,8,0,1,6,0.4211,2846.5
C0511,11334.0,5,16,2024-03-13 16:00:20,2024-09-20 14:35:38,24,2,2,2,5,0.0833,2266.8
C0512,12573.0,5,17,2024-02-13 08:53:22,2024-12-13 17:02:29,12,5,2,2,5,0.4167,2514.6
C0513,3821.0,1,9,2024-10-11 14:14:19,2024-10-11 14:14:19,21,7,1,3,8,0.3333,3821.0
C0514,349.0,1,1,2024-03-15 17:41:58,2024-03-15 17:41:58,11,2,0,2,4,0.1818,349.0
C0515,25456.0,6,34,2024-01-09 03:40:33,2024-06-01 17:47:16,28,10,0,5,8,0.3571,4242.67
C0516,11055.0,2,15,2024-08-21 01:55:14,2024-09-11 17:08:18,13,4,1,1,6,0.3077,5527.5
C0517,20202.0,6,18,2024-01-11 14:36:28,2024-12-11 10:35:04,13,3,1,4,6,0.2308,3367.0
C0518,11211.0,5,19,2024-04-29 04:39:43,2024-12-31 05:57:47,35,13,1,5,11,0.3714,2242.2
C0519,9301.0,3,9,2024-05-25 11:27:44,2024-09-23 10:15:21,8,3,1,1,4,0.375,3100.33
C0520,1047.0,1,3,2024-10-19 06:12:24,2024-10-19 06:12:24,26,10,3,2,7,0.3846,1047.0
C0521,4742.0,2,8,2024-06-06 04:59:41,2024-09-21 11:00:51,26,6,1,3,8,0.2308,2371.0
C0522,15695.0,5,25,2024-01-09 21:30:59,2024-12-14 11:26:01,28,8,3,5,8,0.2857,3139.0
C0523,50403.0,12,57,2024-04-04 15:26:30,2024-12-31 14:42:52,10,8,1,5,4,0.8,4200.25
C0524,2496.0,2,4,2024-02-11 07:52:36,2024-08-07 10:35:55,17,6,0,5,8,0.3529,1248.0
C0525,9572.0,3,18,2024-07-06 02:30:19,2024-11-24 04:03:33,25,15,2,4,9,0.6,3190.67
C0526,429.0,1,1,2024-04-15 06:46:20,2024-04-15 06:46:20,12,2,2,1,4,0.1667,429.0
C0527,0.0,0,0,,,10,0,2,3,4,0.0,0.0
C0528,9193.0,2,7,2024-05-04 20:43:56,2024-05-07 23:34:31,30,6,1,3,8,0.2,4596.5
C0529,6331.0,2,9,2024-04-16 12:06:35,2024-11-01 17:57:08,20,2,3,1,7,0.1,3165.5
C0530,6420.0,2,10,2024-05-25 12:54:07,2024-07-31 02:00:15,20,5,0,3,5,0.25,3210.0
C0531,16471.0,5,19,2024-02-20 12:13:58,2024-10-30 23:36:21,14,6,2,2,7,0.4286,3294.2
C0532,4407.0,3,13,2024-04-22 21:09:11,2024-11-24 11:35:58,15,5,0,4,4,0.3333,1469.0
C0533,11426.0,4,14,2024-02-04 13:45:10,2024-10-24 14:16:44,12,2,1,1,5,0.1667,2856.5
C0534,8297.0,3,13,2024-06-13 19:50:28,2024-10-13 05:46:05,11,3,1,1,4,0.2727,2765.67
C0535,5779.0,4,11,2024-08-02 21:25:48,2024-12-15 09:32:05,14,5,0,3,6,0.3571,1444.75
C0536,21609.0,5,31,2024-02-14 08:13:54,2024-10-27 03:02:30,17,7,4,3,7,0.4118,4321.8
C0537,24835.0,3,25,2024-01-22 07:49:34,2024-07-09 10:13:49,0,1,0,1,1,0.0,8278.33
C0538,9777.0,6,23,2024-01-29 21:42:32,2024-10-15 11:31:21,16,4,3,2,7,0.25,1629.5
C0539,1845.0,2,5,2024-10-13 20:09:34,2024-10-16 08:08:44,5,2,0,2,2,0.4,922.5
C0540,2268.0,4,12,2024-02-27 12:41:29,2024-05-18 08:24:05,13,5,0,1,4,0.3846,567.0
C0541,1696.0,1,4,2024-06-10 10:54:49,2024-06-10 10:54:49,1,1,0,0,1,1.0,1696.0
C0542,9322.0,5,18,2024-01-08 06:27:03,2024-11-12 18:10:11,20,7,2,4,7,0.35,1864.4
C0543,3553.0,2,7,2024-03-31 08:26:41,2024-09-10 19:41:30,10,3,1,3,4,0.3,1776.5
C0544,1548.0,1,2,2024-05-13 02:22:21,2024-05-13 02:22:21,28,3,2,3,10,0.1071,1548.0
C0545,1399.0,1,1,2024-05-07 17:01:25,2024-05-07 17:01:25,5,3,0,2,2,0.6,1399.0
C0546,1960.0,3,10,2024-06-27 15:35:57,2024-11-09 03:02:26,11,4,1,2,5,0.3636,653.33
C0547,1799.0,1,1,2024-07-05 10:20:34,2024-07-05 10:20:34,19,8,2,3,6,0.4211,1799.0
C0548,3763.0,2,7,2024-02-13 06:23:06,2024-11-13 00:17:45,23,9,3,5,9,0.3913,1881.5
C0549,3383.0,3,7,2024-07-10 20:20:12,2024-10-05 03:56:32,8,4,1,2,4,0.5,1127.67
C0550,6099.0,3,11,2024-02-19 11:13:49,2024-11-30 11:24:42,9,1,1,2,2,0.1111,2033.0
C0551,7436.0,4,14,2024-01-05 07:23:38,2024-12-20 17:30:11,19,7,4,5,9,0.3684,1859.0
C0552,17910.0,6,20,2024-01-24 03:18:05,2024-12-08 14:15:24,11,5,0,2,4,0.4545,2985.0
C0553,8692.0,1,8,2024-05-04 03:31:56,2024-05-04 03:31:56,8,2,1,1,3,0.25,8692.0
C0554,12799.0,3,21,2024-01-16 06:26:45,2024-11-18 07:53:15,21,7,2,6,10,0.3333,4266.33
C0555,26316.0,5,44,2024-01-13 18:17:28,2024-10-17 23:57:05,23,4,1,2,7,0.1739,5263.2
C0556,19355.0,6,25,2024-02-16 17:04:11,2024-11-21 18:28:58,23,8,3,3,7,0.3478,3225.83
C0557,7507.0,1,13,2024-08-22 12:01:28,2024-08-22 12:01:28,30,7,1,2,9,0.2333,7507.0
C0558,4213.0,1,7,2024-10-07 09:28:25,2024-10-07 09:28:25,22,8,2,4,7,0.3636,4213.0
C0559,2864.0,2,6,2024-04-02 21:17:53,2024-11-28 07:30:10,23,10,1,5,10,0.4348,1432.0
C0560,9437.0,2,13,2024-08-11 02:31:26,2024-08-18 05:41:24,15,8,2,3,7,0.5333,4718.5
C0561,15583.0,5,17,2024-03-24 04:50:07,2024-12-08 02:32:17,19,10,1,3,7,0.5263,3116.6
C0562,12482.0,3,18,2024-04-19 06:52:48,2024-10-03 05:07:58,15,11,0,5,8,0.7333,4160.67
C0563,0.0,0,0,,,4,0,0,1,3,0.0,0.0
C0564,14060.0,4,20,2024-06-13 10:46:49,2024-12-20 21:58:57,17,7,1,3,6,0.4118,3515.0
C0565,7648.0,3,12,2024-02-06 22:55:47,2024-09-14 19:42:30,19,5,2,6,8,0.2632,2549.33
C0566,4070.0,3,10,2024-03-24 03:48:59,2024-12-02 17:50:10,16,5,0,3,6,0.3125,1356.67
C0567,18671.0,4,19,2024-03-20 04:55:04,2024-08-25 02:42:09,19,2,1,4,8,0.1053,4667.75
C0568,5331.0,2,9,2024-04-22 05:12:37,2024-06-22 08:17:01,10,6,0,6,5,0.6,2665.5
C0569,2499.0,1,1,2024-09-30 20:38:16,2024-09-30 20:38:16,25,12,3,4,7,0.48,2499.0
C0570,8486.0,4,14,2024-01-27 01:48:33,2024-07-25 10:36:58,3,2,0,1,1,0.6667,2121.5
C0571,11138.0,2,12,2024-05-31 01:54:20,2024-11-26 00:43:00,12,3,0,0,4,0.25,5569.0
C0572,9257.0,4,13,2024-01-21 15:16:47,2024-12-10 19:25:21,10,6,0,1,4,0.6,2314.25
C0573,13582.0,3,18,2024-09-26 03:54:35,2024-11-05 08:52:00,16,3,0,5,7,0.1875,4527.33
C0574,2396.0,1,4,2024-02-09 07:49:48,2024-02-09 07:49:48,23,5,0,2,6,0.2174,2396.0
C0575,11066.0,5,14,2024-02-16 22:35:43,2024-11-28 03:21:27,31,9,1,6,9,0.2903,2213.2
C0576,9061.0,3,19,2024-02-09 10:24:00,2024-07-24 09:24:43,22,7,2,2,6,0.3182,3020.33
C0577,18290.0,5,30,2024-06-09 04:22:17,2024-12-24 23:12:52,20,6,2,5,7,0.3,3658.0
C0578,5175.0,3,15,2024-01-20 15:25:01,2024-03-11 02:00:48,9,4,1,0,4,0.4444,1725.0
C0579,0.0,0,0,,,22,8,0,5,8,0.3636,0.0
C0580,3585.0,1,5,2024-01-06 18:54:16,2024-01-06 18:54:16,9,0,1,3,3,0.0,3585.0
C0581,11823.0,4,17,2024-02-29 19:44:18,2024-12-19 17:43:46,32,8,1,4,8,0.25,2955.75
C0582,20781.0,5,29,2024-02-04 08:30:13,2024-11-12 22:44:24,18,3,0,1,6,0.1667,4156.2
C0583,22301.0,7,29,2024-02-21 04:36:14,2024-12-02 15:49:35,13,4,2,6,5,0.3077,3185.86
C0584,6271.0,3,9,2024-07-12 16:20:06,2024-10-26 14:15:05,24,8,4,3,5,0.3333,2090.33
C0585,12633.0,6,17,2024-01-10 07:34:23,2024-11-20 13:14:06,8,6,1,5,6,0.75,2105.5
C0586,13671.0,3,19,2024-01-28 17:01:04,2024-06-12 00:48:55,7,5,2,0,4,0.7143,4557.0
C0587,8291.0,3,9,2024-02-02 05:24:35,2024-04-13 04:27:27,16,2,0,2,4,0.125,2763.67
C0588,11310.0,7,20,2024-05-15 06:52:03,2024-10-17 10:08:00,7,4,0,1,4,0.5714,1615.71
C0589,3093.0,1,7,2024-09-09 14:45:04,2024-09-09 14:45:04,23,2,0,1,8,0.087,3093.0
C0590,2147.0,1,3,2024-09-09 10:24:28,2024-09-09 10:24:28,13,6,1,0,4,0.4615,2147.0
C0591,4841.0,1,9,2024-12-31 14:51:13,2024-12-31 14:51:13,30,8,0,3,9,0.2667,4841.0
C0592,18848.0,2,12,2024-06-14 05:13:34,2024-09-17 14:23:41,6,1,0,1,4,0.1667,9424.0
C0593,7704.0,4,16,2024-08-04 16:03:08,2024-11-11 23:54:37,8,3,1,1,3,0.375,1926.0
C0594,11667.0,2,13,2024-01-30 22:04:37,2024-08-05 23:18:08,29,6,3,5,11,0.2069,5833.5
C0595,9434.0,4,16,2024-07-10 00:05:34,2024-12-27 06:14:38,14,4,1,2,5,0.2857,2358.5
C0596,11597.0,5,23,2024-01-21 03:32:20,2024-08-13 15:34:40,12,1,2,2,4,0.0833,2319.4
C0597,7239.0,2,11,2024-08-05 21:57:08,2024-11-25 04:09:31,28,6,0,5,8,0.2143,3619.5
C0598,15955.0,5,25,2024-02-17 07:49:21,2024-12-03 01:23:01,22,10,1,4,9,0.4545,3191.0
C0599,0.0,0,0,,,8,4,4,1,3,0.5,0.0
C0600,10722.0,3,18,2024-04-10 19:47:30,2024-09-27 07:55:31,10,5,0,1,2,0.5,3574.0
C0601,6091.0,2,9,2024-02-18 14:25:48,2024-02-26 05:08:58,20,6,1,3,5,0.3,3045.5
C0602,0.0,0,0,,,11,6,0,0,3,0.5455,0.0
C0603,9544.0,1,6,2024-05-24 14:55:34,2024-05-24 14:55:34,24,7,2,2,9,0.2917,9544.0
C0604,2677.0,2,3,2024-06-13 15:37:06,2024-11-18 12:48:12,11,2,1,0,3,0.1818,1338.5
C0605,22173.0,8,37,2024-01-09 05:40:19,2024-12-03 09:48:48,17,5,4,1,7,0.2941,2771.62
C0606,7629.0,3,11,2024-01-21 15:47:50,2024-07-10 14:06:28,36,8,0,2,11,0.2222,2543.0
C0607,3202.0,3,8,2024-01-03 13:47:03,2024-07-30 09:58:11,22,6,2,3,6,0.2727,1067.33
C0608,3446.0,1,4,2024-09-02 13:03:02,2024-09-02 13:03:02,14,6,1,3,6,0.4286,3446.0
C0609,9959.0,4,11,2024-04-28 09:41:46,2024-11-18 15:47:48,12,2,0,1,4,0.1667,2489.75
C0610,12201.0,3,19,2024-01-15 13:16:39,2024-07-21 19:45:35,23,4,4,2,7,0.1739,4067.0
C0611,1645.0,3,5,2024-09-13 03:24:09,2024-11-07 16:28:25,16,2,1,2,6,0.125,548.33
C0612,0.0,0,0,,,16,5,0,0,5,0.3125,0.0
C0613,10914.0,4,16,2024-10-04 18:06:33,2024-12-10 02:07:43,15,7,1,2,7,0.4667,2728.5
C0614,10540.0,2,10,2024-07-27 04:01:03,2024-12-25 12:18:26,11,2,1,3,3,0.1818,5270.0
C0615,13733.0,3,17,2024-04-28 07:11:50,2024-11-27 04:57:49,20,7,0,5,8,0.35,4577.67
C0616,6374.0,2,6,2024-02-08 20:08:42,2024-10-28 08:22:12,24,7,3,7,7,0.2917,3187.0
C0617,7633.0,4,17,2024-03-25 04:57:23,2024-11-16 19:20:43,10,1,2,0,5,0.1,1908.25
C0618,27019.0,7,41,2024-02-06 17:34:56,2024-11-01 12:02:50,23,8,2,11,11,0.3478,3859.86
C0619,7420.0,3,10,2024-04-13 22:07:28,2024-11-05 11:30:06,26,3,1,4,7,0.1154,2473.33
C0620,3296.0,1,4,2024-07-04 22:15:09,2024-07-04 22:15:09,17,4,1,4,6,0.2353,3296.0
C0621,2695.0,2,5,2024-07-20 06:12:44,2024-11-29 03:42:02,12,3,0,4,5,0.25,1347.5
C0622,3988.0,3,12,2024-04-07 00:24:49,2024-10-22 21:19:23,10,4,0,1,3,0.4,1329.33
C0623,12362.0,3,18,2024-02-21 04:21:13,2024-04-14 21:13:08,29,6,1,5,7,0.2069,4120.67
C0624,13229.0,4,21,2024-03-17 01:46:09,2024-11-19 17:46:06,13,5,0,4,5,0.3846,3307.25
C0625,2846.0,2,4,2024-05-23 12:37:08,2024-07-20 09:54:27,15,5,4,1,5,0.3333,1423.0
C0626,22581.0,8,29,2024-01-22 00:41:51,2024-11-21 00:47:30,7,2,1,2,3,0.2857,2822.62
C0627,7728.0,3,12,2024-02-26 21:43:21,2024-11-09 02:34:37,9,1,1,3,3,0.1111,2576.0
C0628,14688.0,4,22,2024-04-08 16:16:39,2024-11-28 18:05:47,7,2,1,1,4,0.2857,3672.0
C0629,9950.0,4,20,2024-02-09 21:18:36,2024-11-21 20:58:12,26,9,2,4,7,0.3462,2487.5
C0630,795.0,1,5,2024-10-10 20:47:56,2024-10-10 20:47:56,14,0,1,0,5,0.0,795.0
C0631,7210.0,4,10,2024-05-04 07:41:59,2024-12-20 16:26:08,30,11,2,5,10,0.3667,1802.5
C0632,4522.0,2,8,2024-08-23 09:29:01,2024-08-26 13:35:51,34,15,4,5,15,0.4412,2261.0
C0633,13334.0,5,26,2024-07-03 23:00:01,2024-11-24 22:14:36,3,3,0,1,2,1.0,2666.8
C0634,7177.0,2,13,2024-12-16 07:06:26,2024-12-31 15:17:27,21,14,0,1,6,0.6667,3588.5
C0635,11893.0,3,17,2024-06-23 13:44:35,2024-10-23 04:08:09,26,10,3,3,9,0.3846,3964.33
C0636,14818.0,5,22,2024-02-14 21:30:13,2024-12-04 16:00:07,20,7,2,1,8,0.35,2963.6
C0637,4810.0,3,10,2024-02-26 08:52:59,2024-11-24 04:49:56,30,10,3,2,9,0.3333,1603.33
C0638,16448.0,5,22,2024-03-10 03:55:38,2024-12-24 15:58:37,20,5,3,3,6,0.25,3289.6
C0639,19611.0,3,19,2024-03-19 18:42:53,2024-09-20 20:48:28,16,5,2,2,7,0.3125,6537.0
C0640,18473.0,7,27,2024-01-19 02:57:55,2024-12-01 08:12:47,20,5,2,3,6,0.25,2639.0
C0641,19370.0,7,20,2024-02-04 19:34:47,2024-11-29 15:47:52,13,4,0,0,5,0.3077,2767.14
C0642,14030.0,4,20,2024-03-21 02:41:06,2024-09-29 07:56:33,12,4,2,5,6,0.3333,3507.5
C0643,9005.0,4,15,2024-01-13 21:11:08,2024-07-21 22:35:26,24,3,4,3,8,0.125,2251.25
C0644,18437.0,3,13,2024-03-20 16:28:56,2024-05-19 04:34:59,13,6,2,3,6,0.4615,6145.67
C0645,10116.0,3,14,2024-04-15 00:38:07,2024-11-12 19:37:54,32,8,3,7,13,0.25,3372.0
C0646,4160.0,3,10,2024-05-15 09:56:26,2024-09-06 03:55:23,15,6,0,3,6,0.4,1386.67
C0647,11872.0,3,18,2024-02-23 15:55:51,2024-06-02 21:16:50,15,4,2,2,7,0.2667,3957.33
C0648,13699.0,4,21,2024-06-07 14:01:53,2024-11-21 03:00:19,16,5,1,5,7,0.3125,3424.75
C0649,20330.0,4,20,2024-01-03 20:15:12,2024-12-10 01:02:12,18,4,1,0,5,0.2222,5082.5
C0650,3299.0,2,11,2024-01-04 08:38:29,2024-04-26 12:57:58,17,4,0,1,6,0.2353,1649.5
C0651,12384.0,5,16,2024-01-13 05:30:59,2024-12-28 14:02:01,12,8,4,2,6,0.6667,2476.8
C0652,8083.0,4,17,2024-02-20 02:23:06,2024-05-15 17:28:57,16,7,1,5,8,0.4375,2020.75
C0653,7181.0,3,19,2024-01-17 08:19:08,2024-08-30 08:23:29,31,14,3,2,10,0.4516,2393.67
C0654,99.0,1,1,2024-10-30 23:12:28,2024-10-30 23:12:28,9,4,4,2,6,0.4444,99.0
C0655,28211.0,5,29,2024-03-04 18:48:39,2024-09-01 17:39:07,18,3,0,5,10,0.1667,5642.2
C0656,24302.0,7,28,2024-01-14 00:06:25,2024-10-30 02:56:25,23,5,1,7,7,0.2174,3471.71
C0657,18905.0,4,25,2024-02-02 21:07:13,2024-08-20 07:50:30,20,6,1,3,7,0.3,4726.25
C0658,7887.0,4,13,2024-01-02 04:40:06,2024-10-29 21:32:22,10,8,3,1,5,0.8,1971.75
C0659,12339.0,4,21,2024-03-27 19:34:37,2024-06-02 20:13:19,12,7,2,1,4,0.5833,3084.75
C0660,13741.0,6,29,2024-04-02 13:06:09,2024-12-18 21:07:43,15,5,1,4,6,0.3333,2290.17
C0661,9810.0,5,20,2024-04-18 03:22:18,2024-07-20 05:42:05,15,4,1,1,5,0.2667,1962.0
C0662,5243.0,3,7,2024-03-30 19:54:48,2024-10-25 13:03:52,12,4,1,1,3,0.3333,1747.67
C0663,699.0,1,1,2024-06-11 19:33:06,2024-06-11 19:33:06,5,5,0,2,4,1.0,699.0
C0664,12237.0,5,23,2024-02-16 23:54:11,2024-12-22 17:21:22,2,4,0,3,3,2.0,2447.4
C0665,4024.0,2,6,2024-05-10 03:11:42,2024-05-16 00:16:13,13,5,2,1,6,0.3846,2012.0
C0666,4244.0,1,6,2024-11-23 12:33:12,2024-11-23 12:33:12,24,8,2,5,8,0.3333,4244.0
C0667,9712.0,5,18,2024-02-18 21:23:12,2024-12-27 01:24:02,26,9,2,4,7,0.3462,1942.4
C0668,1098.0,2,2,2024-02-19 02:33:16,2024-08-24 18:52:20,16,3,0,1,3,0.1875,549.0
C0669,1505.0,1,5,2024-02-04 16:43:00,2024-02-04 16:43:00,17,7,0,2,7,0.4118,1505.0
C0670,18984.0,5,36,2024-02-29 16:30:22,2024-09-02 19:57:20,18,12,3,1,7,0.6667,3796.8
C0671,3942.0,2,8,2024-06-30 17:12:37,2024-07-23 00:43:01,17,6,2,2,8,0.3529,1971.0
C0672,6056.0,3,14,2024-01-11 05:11:54,2024-02-20 10:40:12,8,3,0,1,5,0.375,2018.67
C0673,41254.0,6,46,2024-02-19 16:39:48,2024-12-21 08:32:08,20,4,0,1,7,0.2,6875.67
C0674,24302.0,7,38,2024-02-12 05:28:59,2024-10-17 12:51:49,19,7,2,5,8,0.3684,3471.71
C0675,9442.0,4,18,2024-02-16 06:56:07,2024-06-12 10:44:42,5,2,0,2,3,0.4,2360.5
C0676,16915.0,4,25,2024-04-01 16:03:46,2024-11-25 14:28:45,15,5,2,0,5,0.3333,4228.75
C0677,20433.0,6,27,2024-01-14 01:55:36,2024-12-15 21:30:04,26,7,2,4,8,0.2692,3405.5
C0678,0.0,0,0,,,33,8,3,1,8,0.2424,0.0
C0679,26786.0,5,24,2024-01-09 01:47:14,2024-07-03 03:15:28,10,8,3,5,7,0.8,5357.2
C0680,5634.0,2,6,2024-06-11 02:28:48,2024-09-23 09:01:15,22,6,1,4,10,0.2727,2817.0
C0681,24003.0,7,37,2024-01-01 11:16:54,2024-11-01 19:04:33,18,5,1,1,5,0.2778,3429.0
C0682,9060.0,3,10,2024-02-04 17:39:58,2024-11-23 23:38:57,27,6,3,12,9,0.2222,3020.0
C0683,23234.0,2,16,2024-01-07 08:39:15,2024-06-13 16:47:40,24,5,2,0,9,0.2083,11617.0
C0684,4943.0,3,7,2024-03-03 01:30:41,2024-09-11 08:51:22,21,9,1,3,8,0.4286,1647.67
C0685,26371.0,6,29,2024-03-28 14:17:43,2024-12-30 12:22:15,15,8,1,0,5,0.5333,4395.17
C0686,9807.0,2,13,2024-02-25 04:50:20,2024-12-22 09:26:48,16,11,2,3,9,0.6875,4903.5
C0687,14376.0,5,24,2024-01-17 06:51:25,2024-12-03 19:40:15,21,6,1,2,6,0.2857,2875.2
C0688,6787.0,3,13,2024-03-05 00:13:07,2024-12-16 02:46:18,10,2,0,2,4,0.2,2262.33
C0689,10264.0,3,16,2024-07-30 09:15:36,2024-11-10 10:46:18,19,3,0,3,6,0.1579,3421.33
C0690,13984.0,3,26,2024-01-17 12:38:25,2024-10-27 15:47:57,8,3,1,2,4,0.375,4661.33
C0691,8830.0,4,20,2024-03-17 02:42:18,2024-10-24 14:26:09,12,3,1,2,4,0.25,2207.5
C0692,9105.0,4,15,2024-01-23 12:01:39,2024-07-08 11:06:28,7,0,1,0,3,0.0,2276.25
C0693,22627.0,4,23,2024-01-23 06:14:21,2024-11-16 10:02:50,11,3,1,1,3,0.2727,5656.75
C0694,4662.0,2,8,2024-04-13 14:25:59,2024-05-20 23:23:12,20,3,2,2,6,0.15,2331.0
C0695,26599.0,5,31,2024-08-12 20:45:32,2024-11-10 20:48:06,13,7,4,3,5,0.5385,5319.8
C0696,5322.0,1,8,2024-11-30 06:10:35,2024-11-30 06:10:35,19,9,1,6,6,0.4737,5322.0
C0697,17838.0,6,32,2024-02-27 05:57:07,2024-09-05 15:14:57,20,7,2,5,6,0.35,2973.0
C0698,7320.0,2,10,2024-02-07 19:20:19,2024-04-04 08:51:39,24,4,1,3,6,0.1667,3660.0
C0699,13300.0,4,20,2024-03-12 12:55:23,2024-10-31 08:28:00,11,7,2,4,4,0.6364,3325.0
C0700,2515.0,2,5,2024-01-29 10:07:06,2024-12-03 10:19:08,2,1,0,1,1,0.5,1257.5
C0701,41734.0,13,56,2024-01-18 17:59:52,2024-12-13 00:46:37,14,4,1,0,3,0.2857,3210.31
C0702,1652.0,1,8,2024-09-28 23:13:23,2024-09-28 23:13:23,31,8,1,6,10,0.2581,1652.0
C0703,2546.0,2,4,2024-06-23 17:44:55,2024-06-30 02:23:37,15,1,2,4,4,0.0667,1273.0
C0704,18798.0,5,22,2024-02-16 17:06:29,2024-09-14 07:22:47,49,8,8,9,12,0.1633,3759.6
C0705,21358.0,5,22,2024-03-18 19:55:27,2024-12-03 09:21:31,16,4,0,2,4,0.25,4271.6
C0706,11525.0,4,15,2024-01-25 18:26:35,2024-11-19 22:27:04,9,3,0,3,5,0.3333,2881.25
C0707,16558.0,6,32,2024-02-18 00:32:27,2024-10-19 10:47:35,14,6,2,1,7,0.4286,2759.67
C0708,7199.0,2,11,2024-02-05 10:09:57,2024-07-29 03:48:52,23,5,1,3,6,0.2174,3599.5
C0709,8934.0,4,16,2024-01-06 06:18:51,2024-12-05 07:29:16,19,3,1,2,7,0.1579,2233.5
C0710,3182.0,3,8,2024-04-24 04:48:05,2024-09-30 02:37:18,26,9,0,7,7,0.3462,1060.67
C0711,7964.0,3,16,2024-01-24 16:39:20,2024-05-02 03:58:44,8,1,1,0,4,0.125,2654.67
C0712,5129.0,3,11,2024-06-04 02:50:52,2024-12-02 02:43:44,11,5,1,1,4,0.4545,1709.67
C0713,9105.0,5,15,2024-02-13 02:19:56,2024-12-17 23:48:39,18,4,3,4,5,0.2222,1821.0
C0714,7205.0,3,15,2024-06-12 11:52:39,2024-10-17 01:36:49,27,3,3,3,8,0.1111,2401.67
C0715,22084.0,7,36,2024-03-03 23:06:21,2024-12-20 03:16:09,19,1,0,2,5,0.0526,3154.86
C0716,0.0,0,0,,,7,3,0,0,3,0.4286,0.0
C0717,6848.0,2,22,2024-03-17 04:29:43,2024-08-17 01:24:43,30,8,2,3,9,0.2667,3424.0
C0718,15352.0,6,28,2024-01-11 01:35:27,2024-09-29 10:24:33,17,7,2,6,6,0.4118,2558.67
C0719,6091.0,3,9,2024-02-13 18:42:58,2024-12-16 12:00:48,25,11,3,7,8,0.44,2030.33
C0720,7509.0,3,11,2024-01-22 14:20:02,2024-09-12 23:46:33,20,9,3,1,6,0.45,2503.0
C0721,16597.0,4,23,2024-02-09 17:04:08,2024-12-23 06:02:04,18,1,1,2,7,0.0556,4149.25
C0722,20374.0,6,26,2024-02-06 15:30:36,2024-11-02 07:09:09,4,4,3,0,3,1.0,3395.67
C0723,10990.0,2,10,2024-01-20 22:41:21,2024-09-23 19:26:07,17,1,2,2,4,0.0588,5495.0
C0724,21354.0,6,26,2024-03-03 17:04:24,2024-12-15 23:10:17,17,7,0,4,7,0.4118,3559.0
C0725,11804.0,6,16,2024-02-08 12:08:20,2024-10-13 21:56:22,9,7,0,1,3,0.7778,1967.33
C0726,16735.0,4,25,2024-02-25 04:18:30,2024-08-31 08:23:03,13,0,1,1,3,0.0,4183.75
C0727,13953.0,4,17,2024-02-02 15:59:12,2024-12-10 03:14:45,21,3,1,3,9,0.1429,3488.25
C0728,10806.0,6,24,2024-07-20 21:05:28,2024-12-25 15:25:36,34,8,2,2,10,0.2353,1801.0
C0729,9137.0,4,13,2024-01-11 14:32:01,2024-11-07 20:41:05,8,2,0,0,5,0.25,2284.25
C0730,8445.0,3,15,2024-01-05 21:34:57,2024-06-08 12:10:44,16,4,0,0,5,0.25,2815.0
C0731,2746.0,1,4,2024-05-14 09:56:34,2024-05-14 09:56:34,17,5,1,3,6,0.2941,2746.0
C0732,19876.0,7,24,2024-01-18 06:21:36,2024-09-07 18:51:01,10,6,0,1,3,0.6,2839.43
C0733,0.0,0,0,,,14,6,1,2,4,0.4286,0.0
C0734,17825.0,3,25,2024-04-26 20:31:07,2024-12-26 13:17:58,15,4,3,1,7,0.2667,5941.67
C0735,9487.0,4,13,2024-01-16 12:16:23,2024-09-16 05:44:58,20,5,2,1,7,0.25,2371.75
C0736,7359.0,1,11,2024-08-26 03:21:36,2024-08-26 03:21:36,20,8,3,3,6,0.4,7359.0
C0737,8729.0,2,11,2024-07-09 12:34:26,2024-07-27 07:31:07,14,5,0,1,6,0.3571,4364.5
C0738,10278.0,3,12,2024-04-27 21:30:16,2024-10-25 19:46:17,21,14,1,2,8,0.6667,3426.0
C0739,7206.0,3,14,2024-04-11 22:30:24,2024-11-24 18:17:52,24,5,0,2,6,0.2083,2402.0
C0740,20374.0,6,26,2024-01-10 23:02:01,2024-10-04 11:57:18,23,6,2,3,6,0.2609,3395.67
C0741,18731.0,5,29,2024-03-15 12:40:31,2024-08-23 05:59:23,25,5,1,2,7,0.2,3746.2
C0742,16002.0,4,18,2024-05-02 06:44:04,2024-09-13 04:23:50,37,10,5,5,9,0.2703,4000.5
C0743,42413.0,7,47,2024-03-19 02:37:17,2024-10-06 01:50:49,27,5,0,6,6,0.1852,6059.0
C0744,1947.0,1,3,2024-01-25 22:41:19,2024-01-25 22:41:19,15,7,1,5,9,0.4667,1947.0
C0745,9392.0,5,18,2024-01-22 08:18:30,2024-12-31 10:22:12,15,5,0,3,6,0.3333,1878.4
C0746,7888.0,2,12,2024-02-28 14:34:38,2024-07-13 03:35:05,20,13,0,1,8,0.65,3944.0
C0747,6440.0,4,20,2024-02-15 13:01:13,2024-08-24 22:45:38,24,5,6,4,8,0.2083,1610.0
C0748,3598.0,1,2,2024-01-12 17:21:05,2024-01-12 17:21:05,14,4,2,0,4,0.2857,3598.0
C0749,13765.0,5,25,2024-02-19 06:33:07,2024-12-13 21:30:32,26,5,3,2,7,0.1923,2753.0
C0750,19350.0,3,20,2024-02-17 00:16:50,2024-05-11 11:47:56,14,6,0,3,5,0.4286,6450.0
C0751,7890.0,3,10,2024-02-05 21:00:50,2024-03-12 11:42:27,13,2,1,1,5,0.1538,2630.0
C0752,3682.0,2,8,2024-01-26 11:35:40,2024-03-30 23:38:26,17,0,2,5,8,0.0,1841.0
C0753,27375.0,6,25,2024-01-09 09:00:28,2024-10-27 07:57:47,25,11,3,9,11,0.44,4562.5
C0754,15421.0,5,19,2024-02-08 21:19:10,2024-11-26 12:48:25,10,4,0,1,2,0.4,3084.2
C0755,12136.0,4,14,2024-01-06 08:33:49,2024-11-20 05:06:29,16,6,1,3,4,0.375,3034.0
C0756,10474.0,4,16,2024-01-10 02:18:23,2024-12-06 20:16:25,10,5,3,3,5,0.5,2618.5
C0757,9533.0,4,17,2024-01-16 07:17:16,2024-09-15 17:28:44,11,3,2,2,5,0.2727,2383.25
C0758,0.0,0,0,,,12,2,2,4,4,0.1667,0.0
C0759,8394.0,2,6,2024-07-18 11:54:44,2024-10-03 10:34:13,14,2,1,5,6,0.1429,4197.0
C0760,4013.0,2,7,2024-04-21 07:27:01,2024-08-07 14:06:32,10,5,2,1,5,0.5,2006.5
C0761,13070.0,4,20,2024-02-24 08:57:35,2024-09-18 00:20:14,28,6,1,5,8,0.2143,3267.5
C0762,28236.0,8,44,2024-01-05 18:59:34,2024-12-23 03:41:26,39,8,3,7,12,0.2051,3529.5
C0763,7061.0,3,9,2024-02-08 22:39:52,2024-12-25 04:44:16,20,9,3,1,7,0.45,2353.67
C0764,7647.0,2,13,2024-04-20 09:34:38,2024-08-29 11:59:27,17,4,1,5,5,0.2353,3823.5
C0765,6794.0,2,6,2024-01-23 14:17:43,2024-02-10 17:15:11,5,0,2,1,2,0.0,3397.0
C0766,1517.0,1,3,2024-07-26 05:54:46,2024-07-26 05:54:46,15,3,3,4,6,0.2,1517.0
C0767,16704.0,3,16,2024-01-02 06:15:34,2024-09-26 21:01:09,12,2,1,0,5,0.1667,5568.0
C0768,1498.0,1,2,2024-04-20 01:41:53,2024-04-20 01:41:53,16,9,1,2,6,0.5625,1498.0
C0769,6814.0,6,16,2024-01-25 06:22:27,2024-12-31 03:18:39,24,5,1,2,8,0.2083,1135.67
C0770,4329.0,3,11,2024-01-11 00:03:48,2024-09-14 01:31:02,7,3,1,0,3,0.4286,1443.0
C0771,10567.0,4,23,2024-02-06 23:19:30,2024-12-03 18:07:55,22,3,2,3,6,0.1364,2641.75
C0772,1986.0,2,4,2024-10-05 23:44:15,2024-11-12 16:47:52,11,3,1,2,5,0.2727,993.0
C0773,20500.0,5,30,2024-03-23 01:21:14,2024-09-29 09:22:09,20,8,1,0,6,0.4,4100.0
C0774,7988.0,2,12,2024-05-30 22:01:06,2024-06-17 13:50:48,22,7,2,1,5,0.3182,3994.0
C0775,2792.0,2,8,2024-01-21 18:23:16,2024-05-17 07:37:20,8,4,0,4,4,0.5,1396.0
C0776,1655.0,2,5,2024-05-10 12:47:03,2024-12-18 04:52:00,18,7,4,3,6,0.3889,827.5
C0777,5342.0,2,8,2024-05-11 16:12:18,2024-08-11 10:20:25,14,5,1,0,6,0.3571,2671.0
C0778,18976.0,4,24,2024-01-21 02:41:32,2024-12-29 14:47:04,19,7,1,2,7,0.3684,4744.0
C0779,7239.0,2,11,2024-05-19 22:23:24,2024-08-21 06:21:16,35,14,2,3,12,0.4,3619.5
C0780,9559.0,3,11,2024-02-24 23:02:22,2024-11-18 05:49:35,7,1,0,0,3,0.1429,3186.33
C0781,6594.0,3,6,2024-01-31 23:52:52,2024-10-27 23:40:06,18,5,1,2,5,0.2778,2198.0
C0782,21469.0,8,31,2024-05-05 03:47:11,2024-12-30 11:29:54,15,6,0,1,5,0.4,2683.62
C0783,0.0,0,0,,,17,3,1,1,5,0.1765,0.0
C0784,16246.0,7,34,2024-02-13 21:45:48,2024-11-03 18:16:38,22,7,2,2,5,0.3182,2320.86
C0785,7655.0,6,15,2024-01-26 08:31:08,2024-09-12 06:27:08,17,6,2,4,6,0.3529,1275.83
C0786,8183.0,3,17,2024-01-01 05:03:37,2024-12-15 14:45:26,33,13,1,6,9,0.3939,2727.67
C0787,18271.0,2,29,2024-08-11 11:31:25,2024-11-12 07:36:32,17,3,0,2,6,0.1765,9135.5
C0788,14385.0,7,25,2024-03-11 12:01:12,2024-12-15 08:01:42,30,7,2,5,10,0.2333,2055.0
C0789,13554.0,8,26,2024-02-12 18:50:05,2024-12-24 21:31:55,17,5,3,3,6,0.2941,1694.25
C0790,7369.0,4,11,2024-01-31 03:08:50,2024-12-25 14:48:32,10,2,0,3,3,0.2,1842.25
C0791,15083.0,4,17,2024-07-13 08:54:09,2024-10-05 13:02:26,21,2,2,2,6,0.0952,3770.75
C0792,13734.0,4,16,2024-01-26 03:08:41,2024-05-29 15:37:56,16,6,2,5,5,0.375,3433.5
C0793,5996.0,1,4,2024-05-21 20:03:34,2024-05-21 20:03:34,17,1,2,1,4,0.0588,5996.0
C0794,6714.0,2,6,2024-04-22 00:49:02,2024-10-13 13:22:09,31,10,1,4,9,0.3226,3357.0
C0795,2396.0,1,4,2024-02-25 22:58:44,2024-02-25 22:58:44,16,2,0,0,4,0.125,2396.0
C0796,5729.0,3,11,2024-01-22 18:48:06,2024-10-08 04:54:31,20,3,2,3,5,0.15,1909.67
C0797,3982.0,2,8,2024-08-12 12:28:56,2024-08-16 17:03:17,9,3,2,2,4,0.3333,1991.0
C0798,12447.0,7,23,2024-02-19 19:40:45,2024-12-21 10:00:27,27,9,0,3,9,0.3333,1778.14
C0799,14254.0,6,26,2024-01-12 02:18:13,2024-10-19 12:49:20,8,6,1,3,4,0.75,2375.67
C0800,5943.0,4,17,2024-02-03 04:50:12,2024-12-20 06:48:43,33,9,0,4,9,0.2727,1485.75
C0801,19243.0,6,27,2024-01-27 05:22:48,2024-09-13 07:30:13,11,2,1,1,4,0.1818,3207.17
C0802,6722.0,3,8,2024-01-09 14:07:42,2024-12-21 07:12:29,21,5,0,2,7,0.2381,2240.67
C0803,13228.0,2,12,2024-08-10 08:16:16,2024-11-06 14:45:39,6,2,0,0,2,0.3333,6614.0
C0804,11759.0,6,21,2024-03-23 01:11:55,2024-10-27 22:00:33,11,5,1,3,4,0.4545,1959.83
C0805,0.0,0,0,,,13,2,2,3,5,0.1538,0.0
C0806,0.0,0,0,,,30,5,0,3,8,0.1667,0.0
C0807,49.0,1,1,2024-03-01 06:29:27,2024-03-01 06:29:27,6,2,0,0,2,0.3333,49.0
C0808,10193.0,2,7,2024-02-28 15:46:56,2024-05-17 10:59:24,28,8,2,3,6,0.2857,5096.5
C0809,9935.0,3,15,2024-03-17 20:11:19,2024-12-19 12:00:24,23,12,1,5,8,0.5217,3311.67
C0810,2352.0,2,8,2024-01-03 13:08:55,2024-10-22 09:12:12,19,8,0,3,7,0.4211,1176.0
C0811,22824.0,5,26,2024-03-15 21:45:05,2024-12-22 08:53:23,17,8,2,0,6,0.4706,4564.8
C0812,1498.0,2,2,2024-10-12 11:26:14,2024-10-19 12:52:05,22,11,0,6,8,0.5,749.0
C0813,6240.0,2,10,2024-01-13 01:42:21,2024-10-16 11:50:49,28,9,1,3,9,0.3214,3120.0
C0814,24981.0,6,39,2024-01-29 06:06:34,2024-10-22 12:44:58,16,4,1,2,4,0.25,4163.5
C0815,2365.0,2,5,2024-05-30 20:37:58,2024-08-25 02:37:35,4,1,0,2,2,0.25,1182.5
C0816,4981.0,3,9,2024-05-16 14:08:09,2024-12-21 04:55:48,24,6,0,3,7,0.25,1660.33
C0817,2384.0,2,6,2024-01-06 03:40:35,2024-04-30 07:11:59,16,5,3,4,5,0.3125,1192.0
C0818,16812.0,6,28,2024-03-24 03:38:13,2024-12-24 09:24:05,22,7,1,1,6,0.3182,2802.0
C0819,14089.0,4,21,2024-01-14 16:23:31,2024-11-21 23:08:17,12,3,0,7,5,0.25,3522.25
C0820,3584.0,1,6,2024-02-16 09:17:22,2024-02-16 09:17:22,26,7,2,2,7,0.2692,3584.0
C0821,17447.0,6,23,2024-03-17 18:53:19,2024-12-18 01:02:41,14,3,0,1,8,0.2143,2907.83
C0822,15698.0,5,22,2024-03-09 03:13:49,2024-11-09 23:04:44,27,14,3,10,12,0.5185,3139.6
C0823,0.0,0,0,,,11,3,2,2,3,0.2727,0.0
C0824,25568.0,4,22,2024-05-29 00:31:14,2024-11-01 08:51:49,48,12,5,10,13,0.25,6392.0
C0825,10229.0,2,11,2024-09-12 20:46:21,2024-12-17 12:49:10,23,12,3,3,8,0.5217,5114.5
C0826,7560.0,4,10,2024-04-24 05:37:36,2024-09-25 16:12:30,25,5,1,2,8,0.2,1890.0
C0827,7988.0,2,12,2024-01-01 04:14:29,2024-07-31 14:51:42,17,8,6,3,7,0.4706,3994.0
C0828,18960.0,9,40,2024-01-13 10:48:46,2024-12-04 01:28:07,26,11,2,6,9,0.4231,2106.67
C0829,21127.0,2,23,2024-03-24 13:10:38,2024-07-14 16:37:38,16,9,1,3,5,0.5625,10563.5
C0830,15743.0,4,27,2024-01-10 19:46:17,2024-10-16 06:28:18,31,4,0,2,8,0.129,3935.75
C0831,6009.0,2,11,2024-01-18 02:16:57,2024-08-30 04:22:12,12,7,0,0,5,0.5833,3004.5
C0832,749.0,1,1,2024-09-13 04:32:11,2024-09-13 04:32:11,8,4,0,2,4,0.5,749.0
C0833,6826.0,4,14,2024-04-23 21:11:31,2024-08-04 20:53:02,46,8,2,8,13,0.1739,1706.5
C0834,8612.0,5,18,2024-02-25 17:08:12,2024-08-07 22:49:55,15,1,0,2,5,0.0667,1722.4
C0835,198.0,1,2,2024-11-20 13:39:21,2024-11-20 13:39:21,9,4,2,1,5,0.4444,198.0
C0836,15739.0,4,21,2024-01-25 15:57:01,2024-12-17 07:31:01,26,8,1,9,10,0.3077,3934.75
C0837,10218.0,4,22,2024-04-10 04:47:56,2024-12-06 08:41:35,15,5,0,3,4,0.3333,2554.5
C0838,5934.0,2,16,2024-04-11 05:41:09,2024-07-19 15:26:24,11,4,1,2,4,0.3636,2967.0
C0839,5818.0,4,12,2024-02-13 09:59:12,2024-09-08 11:44:11,5,1,1,0,1,0.2,1454.5
C0840,12371.0,2,9,2024-02-06 00:44:44,2024-08-11 00:24:44,19,7,1,1,5,0.3684,6185.5
C0841,11826.0,3,14,2024-01-10 09:02:32,2024-05-25 13:14:47,12,3,1,2,6,0.25,3942.0
C0842,6221.0,3,9,2024-03-08 23:01:04,2024-11-01 19:30:25,9,8,2,2,5,0.8889,2073.67
C0843,4590.0,5,10,2024-02-15 23:07:04,2024-12-17 12:17:13,14,6,0,2,6,0.4286,918.0
C0844,3655.0,3,5,2024-06-28 19:32:11,2024-09-16 23:09:09,29,8,2,6,8,0.2759,1218.33
C0845,12429.0,5,21,2024-03-19 14:21:39,2024-11-23 13:17:06,26,8,1,5,8,0.3077,2485.8
C0846,5181.0,3,9,2024-04-11 19:23:27,2024-11-22 03:20:14,14,7,1,1,4,0.5,1727.0
C0847,47649.0,11,61,2024-01-06 13:29:17,2024-11-23 08:29:20,12,14,2,8,10,1.1667,4331.73
C0848,6840.0,1,10,2024-01-02 08:41:59,2024-01-02 08:41:59,12,1,0,1,4,0.0833,6840.0
C0849,2348.0,4,12,2024-03-16 04:26:27,2024-10-16 18:40:49,41,14,1,7,10,0.3415,587.0
C0850,13861.0,4,19,2024-01-07 15:27:20,2024-12-18 01:14:40,18,2,1,2,6,0.1111,3465.25
C0851,4026.0,1,4,2024-01-14 22:15:37,2024-01-14 22:15:37,1,0,0,0,1,0.0,4026.0
C0852,6302.0,4,18,2024-03-14 23:31:47,2024-10-08 01:26:32,16,2,1,3,5,0.125,1575.5
C0853,10054.0,4,26,2024-04-11 16:59:38,2024-12-07 12:03:32,15,5,0,2,5,0.3333,2513.5
C0854,10154.0,2,16,2024-07-21 04:24:08,2024-11-14 13:28:46,17,9,1,2,6,0.5294,5077.0
C0855,18359.0,6,31,2024-03-10 09:01:43,2024-12-30 15:33:42,18,6,0,3,8,0.3333,3059.83
C0856,6760.0,3,10,2024-02-02 11:16:59,2024-05-19 14:05:26,9,4,1,1,8,0.4444,2253.33
C0857,13642.0,4,28,2024-01-11 04:11:06,2024-12-22 22:47:19,18,6,3,2,5,0.3333,3410.5
C0858,2953.0,2,7,2024-06-06 09:57:15,2024-08-06 09:16:02,16,4,0,4,6,0.25,1476.5
C0859,0.0,0,0,,,15,7,2,0,4,0.4667,0.0
C0860,14979.0,5,21,2024-02-21 04:56:45,2024-09-22 00:04:02,7,2,1,0,2,0.2857,2995.8
C0861,3722.0,2,8,2024-09-04 21:23:54,2024-12-16 19:30:52,20,5,3,2,8,0.25,1861.0
C0862,9205.0,4,15,2024-03-07 00:37:31,2024-08-22 21:26:40,31,9,4,0,10,0.2903,2301.25
C0863,12547.0,4,23,2024-06-05 03:32:46,2024-11-21 09:25:50,18,7,1,1,5,0.3889,3136.75
C0864,38329.0,7,41,2024-02-08 17:32:52,2024-12-08 13:23:57,45,10,4,4,11,0.2222,5475.57
C0865,18982.0,3,18,2024-01-11 04:22:06,2024-11-11 13:13:27,20,5,5,9,8,0.25,6327.33
C0866,9603.0,4,17,2024-02-11 20:44:25,2024-09-15 02:54:09,10,4,3,0,4,0.4,2400.75
C0867,11385.0,3,15,2024-02-15 06:33:29,2024-10-11 21:16:52,8,3,3,3,3,0.375,3795.0
C0868,10747.0,2,13,2024-03-28 01:46:22,2024-05-08 23:54:42,5,1,0,2,2,0.2,5373.5
C0869,7714.0,6,16,2024-06-12 04:19:30,2024-09-05 06:41:12,21,10,2,0,7,0.4762,1285.67
C0870,9738.0,2,12,2024-01-04 08:44:31,2024-12-20 05:42:50,15,4,0,3,6,0.2667,4869.0
C0871,7857.0,4,13,2024-01-02 10:41:20,2024-12-24 17:35:36,25,9,0,2,8,0.36,1964.25
C0872,13485.0,6,15,2024-04-15 22:40:29,2024-11-20 22:34:47,28,7,1,5,9,0.25,2247.5
C0873,3444.0,1,6,2024-11-27 23:59:01,2024-11-27 23:59:01,13,6,2,0,3,0.4615,3444.0
C0874,978.0,1,2,2024-05-27 16:11:09,2024-05-27 16:11:09,19,5,0,1,4,0.2632,978.0
C0875,15728.0,4,22,2024-04-10 15:08:00,2024-09-03 23:13:20,27,3,0,3,5,0.1111,3932.0
C0876,1748.0,1,2,2024-06-05 09:21:44,2024-06-05 09:21:44,20,8,1,3,7,0.4,1748.0
C0877,12633.0,5,17,2024-02-24 08:21:46,2024-11-02 00:54:19,21,4,3,1,8,0.1905,2526.6
C0878,9818.0,3,12,2024-04-25 20:04:39,2024-09-23 09:43:34,10,2,0,1,4,0.2,3272.67
C0879,10287.0,4,23,2024-06-07 22:45:53,2024-12-19 18:04:35,1,1,0,0,1,1.0,2571.75
C0880,12038.0,2,12,2024-05-05 19:54:25,2024-10-14 15:57:57,10,6,0,2,7,0.6,6019.0
C0881,7414.0,5,16,2024-01-07 22:59:25,2024-10-05 08:56:51,10,2,2,2,5,0.2,1482.8
C0882,5211.0,2,9,2024-05-12 10:34:10,2024-06-13 08:11:23,20,4,0,1,6,0.2,2605.5
C0883,10692.0,3,8,2024-04-26 01:40:24,2024-10-17 06:21:05,14,5,1,1,7,0.3571,3564.0
C0884,3845.0,1,5,2024-03-19 06:47:05,2024-03-19 06:47:05,10,6,0,5,6,0.6,3845.0
C0885,5393.0,1,7,2024-08-09 17:07:41,2024-08-09 17:07:41,7,1,0,5,4,0.1429,5393.0
C0886,2913.0,1,7,2024-04-10 17:20:06,2024-04-10 17:20:06,26,10,3,2,7,0.3846,2913.0
C0887,7484.0,3,16,2024-02-15 15:15:08,2024-09-22 00:49:45,21,3,1,5,6,0.1429,2494.67
C0888,5032.0,3,8,2024-11-02 15:04:16,2024-12-26 19:49:26,11,1,2,0,3,0.0909,1677.33
C0889,5454.0,2,6,2024-06-30 13:01:31,2024-08-29 04:06:47,3,0,2,3,4,0.0,2727.0
C0890,7984.0,4,16,2024-01-23 00:22:35,2024-10-04 11:06:35,23,2,1,3,7,0.087,1996.0
C0891,0.0,0,0,,,12,8,3,2,6,0.6667,0.0
C0892,13451.0,3,19,2024-05-02 20:09:25,2024-11-12 05:57:15,20,6,4,3,6,0.3,4483.67
C0893,8806.0,3,14,2024-03-13 18:25:56,2024-05-03 09:58:46,28,9,0,3,10,0.3214,2935.33
C0894,3832.0,2,8,2024-07-26 22:27:00,2024-08-16 11:13:22,16,9,2,3,7,0.5625,1916.0
C0895,4693.0,1,7,2024-01-18 16:51:13,2024-01-18 16:51:13,13,3,0,2,6,0.2308,4693.0
C0896,1383.0,2,7,2024-05-03 18:21:14,2024-09-11 10:01:23,34,10,4,5,10,0.2941,691.5
C0897,31348.0,7,32,2024-01-13 21:26:51,2024-12-16 05:54:19,9,3,1,9,5,0.3333,4478.29
C0898,3501.0,4,9,2024-03-07 06:06:49,2024-10-22 05:57:58,17,8,0,0,7,0.4706,875.25
C0899,1547.0,1,3,2024-05-02 03:05:44,2024-05-02 03:05:44,15,7,3,2,5,0.4667,1547.0
C0900,11101.0,4,19,2024-01-22 01:27:31,2024-09-29 06:48:23,20,10,2,3,6,0.5,2775.25
C0901,14106.0,4,14,2024-03-01 22:56:02,2024-10-17 21:03:00,12,6,0,2,4,0.5,3526.5
C0902,8913.0,5,27,2024-04-13 00:38:42,2024-11-28 13:41:30,20,3,0,0,4,0.15,1782.6
C0903,13383.0,5,17,2024-01-09 08:19:12,2024-11-17 06:47:05,4,3,1,1,3,0.75,2676.6
C0904,22333.0,7,37,2024-01-05 18:03:38,2024-11-08 20:05:22,13,5,2,5,8,0.3846,3190.43
C0905,15841.0,6,29,2024-02-11 20:55:51,2024-10-28 10:12:43,18,9,0,5,4,0.5,2640.17
C0906,16397.0,4,23,2024-05-17 05:10:33,2024-12-19 09:42:55,14,3,0,1,3,0.2143,4099.25
C0907,4516.0,1,4,2024-09-23 01:58:47,2024-09-23 01:58:47,12,3,0,4,5,0.25,4516.0
C0908,1007.0,2,3,2024-01-17 08:03:12,2024-09-03 07:23:04,18,6,2,5,7,0.3333,503.5
C0909,6070.0,3,10,2024-06-18 22:44:21,2024-12-08 03:16:45,13,1,2,1,3,0.0769,2023.33
C0910,9980.0,3,10,2024-03-15 05:03:48,2024-09-15 01:20:32,14,3,1,5,4,0.2143,3326.67
C0911,11061.0,5,19,2024-02-10 14:37:48,2024-11-03 00:48:08,17,9,1,5,7,0.5294,2212.2
C0912,13236.0,4,14,2024-04-23 18:34:37,2024-11-15 21:11:33,11,3,1,3,7,0.2727,3309.0
C0913,14873.0,5,27,2024-02-12 23:28:42,2024-12-06 18:25:57,21,7,1,4,6,0.3333,2974.6
C0914,14900.0,3,20,2024-05-15 15:29:26,2024-10-18 09:24:32,37,7,2,4,8,0.1892,4966.67
C0915,0.0,0,0,,,11,8,5,1,6,0.7273,0.0
C0916,13979.0,2,11,2024-09-21 10:24:13,2024-10-25 02:00:37,6,0,0,0,4,0.0,6989.5
C0917,0.0,0,0,,,13,9,1,3,6,0.6923,0.0
C0918,19426.0,3,24,2024-02-05 07:34:46,2024-12-22 12:24:01,11,6,1,1,5,0.5455,6475.33
C0919,0.0,0,0,,,17,2,0,0,3,0.1176,0.0
C0920,5650.0,3,10,2024-02-05 11:46:59,2024-10-25 00:37:02,13,4,1,1,5,0.3077,1883.33
C0921,7334.0,4,16,2024-01-06 12:27:33,2024-10-27 03:59:05,27,10,2,6,9,0.3704,1833.5
C0922,2813.0,2,7,2024-04-10 03:01:41,2024-12-17 02:37:54,15,8,1,6,6,0.5333,1406.5
C0923,2714.0,2,6,2024-11-03 04:56:32,2024-11-11 06:44:37,20,1,2,2,8,0.05,1357.0
C0924,2723.0,2,7,2024-01-23 21:45:09,2024-04-19 17:39:52,21,7,2,7,6,0.3333,1361.5
C0925,1697.0,1,3,2024-04-24 12:01:40,2024-04-24 12:01:40,31,6,2,5,8,0.1935,1697.0
C0926,29355.0,6,25,2024-01-02 10:25:34,2024-12-28 15:49:19,11,8,2,3,6,0.7273,4892.5
C0927,4732.0,2,8,2024-06-19 12:47:14,2024-08-02 00:45:21,19,4,1,1,5,0.2105,2366.0
C0928,2710.0,2,10,2024-02-03 14:16:01,2024-12-11 23:20:54,22,8,1,1,8,0.3636,1355.0
C0929,38729.0,7,41,2024-02-11 15:23:00,2024-11-30 23:53:59,42,18,4,6,13,0.4286,5532.71
C0930,547.0,1,3,2024-01-31 02:07:47,2024-01-31 02:07:47,12,0,1,0,4,0.0,547.0
C0931,4543.0,2,7,2024-06-25 06:20:30,2024-10-21 06:59:23,12,5,1,3,4,0.4167,2271.5
C0932,13379.0,5,21,2024-03-09 14:12:06,2024-09-08 05:30:53,27,4,3,6,6,0.1481,2675.8
C0933,7987.0,2,13,2024-03-15 00:00:01,2024-08-01 07:58:32,20,1,0,5,4,0.05,3993.5
C0934,3614.0,2,6,2024-09-26 12:30:02,2024-12-22 18:39:19,29,5,1,6,11,0.1724,1807.0
C0935,7520.0,2,10,2024-07-14 03:38:48,2024-12-30 18:17:24,15,6,0,3,5,0.4,3760.0
C0936,4096.0,1,4,2024-08-13 21:29:58,2024-08-13 21:29:58,22,7,5,3,9,0.3182,4096.0
C0937,11977.0,5,23,2024-02-18 18:18:48,2024-07-19 14:55:56,12,9,0,4,5,0.75,2395.4
C0938,1547.0,2,3,2024-04-01 18:34:12,2024-04-28 07:49:21,3,3,1,0,1,1.0,773.5
C0939,15799.0,5,21,2024-02-16 17:30:37,2024-10-19 08:01:38,31,6,3,2,10,0.1935,3159.8
C0940,10736.0,2,14,2024-06-23 20:38:44,2024-10-11 05:41:59,20,4,0,1,6,0.2,5368.0
C0941,13365.0,3,15,2024-02-24 06:12:51,2024-08-09 04:09:12,11,2,2,0,3,0.1818,4455.0
C0942,0.0,0,0,,,15,5,0,3,7,0.3333,0.0
C0943,20513.0,5,27,2024-04-05 06:14:15,2024-10-26 10:05:21,11,6,2,2,6,0.5455,4102.6
C0944,9969.0,4,21,2024-05-10 11:26:37,2024-11-16 06:37:33,16,4,0,0,5,0.25,2492.25
C0945,16890.0,5,30,2024-03-24 19:19:59,2024-11-13 05:33:58,9,9,1,3,4,1.0,3378.0
C0946,4942.0,3,8,2024-02-20 11:03:23,2024-06-14 15:53:15,23,3,1,3,7,0.1304,1647.33
C0947,349.0,1,1,2024-05-16 07:12:24,2024-05-16 07:12:24,16,3,1,2,6,0.1875,349.0
C0948,6677.0,4,13,2024-02-06 13:04:38,2024-12-08 12:58:03,15,7,3,3,7,0.4667,1669.25
C0949,12977.0,5,13,2024-01-08 06:28:23,2024-12-19 23:02:02,18,7,2,0,5,0.3889,2595.4
C0950,398.0,1,2,2024-11-06 12:28:47,2024-11-06 12:28:47,9,2,0,0,3,0.2222,398.0
C0951,4828.0,2,12,2024-01-19 23:57:22,2024-05-20 10:24:31,17,6,1,1,7,0.3529,2414.0
C0952,9036.0,4,14,2024-01-24 01:36:04,2024-12-31 08:00:09,28,6,1,6,11,0.2143,2259.0
C0953,4325.0,3,5,2024-01-20 14:26:53,2024-10-22 16:24:46,23,10,0,4,7,0.4348,1441.67
C0954,3045.0,3,5,2024-01-01 14:17:45,2024-05-20 13:01:53,11,3,1,2,5,0.2727,1015.0
C0955,10413.0,4,17,2024-07-02 13:19:20,2024-12-17 20:01:02,10,1,0,3,4,0.1,2603.25
C0956,19196.0,5,24,2024-02-10 13:53:28,2024-10-08 15:20:07,6,1,1,3,3,0.1667,3839.2
C0957,5649.0,2,11,2024-08-16 13:50:09,2024-08-25 16:45:15,28,7,3,1,7,0.25,2824.5
C0958,11749.0,2,11,2024-09-01 08:51:16,2024-12-23 15:25:29,21,14,0,6,9,0.6667,5874.5
C0959,0.0,0,0,,,15,3,0,1,5,0.2,0.0
C0960,22418.0,4,22,2024-05-04 14:49:18,2024-12-13 19:30:01,14,5,1,3,8,0.3571,5604.5
C0961,4632.0,2,8,2024-11-30 02:42:07,2024-12-04 15:41:26,35,16,2,5,11,0.4571,2316.0
C0962,6596.0,3,14,2024-09-23 17:11:35,2024-11-29 18:20:40,7,1,0,0,1,0.1429,2198.67
C0963,7774.0,5,16,2024-01-01 05:17:04,2024-12-29 14:02:23,25,6,2,5,8,0.24,1554.8
C0964,14142.0,3,28,2024-05-16 14:07:38,2024-08-12 09:05:21,16,6,2,2,7,0.375,4714.0
C0965,1047.0,2,3,2024-08-26 03:58:42,2024-10-09 07:07:52,22,8,2,2,7,0.3636,523.5
C0966,16669.0,4,21,2024-04-20 01:25:08,2024-12-20 17:48:38,12,5,0,5,4,0.4167,4167.25
C0967,7251.0,3,9,2024-08-17 11:54:35,2024-11-09 19:25:29,15,8,1,3,5,0.5333,2417.0
C0968,2297.0,2,3,2024-03-20 03:33:58,2024-08-19 21:28:32,26,6,6,1,10,0.2308,1148.5
C0969,349.0,1,1,2024-09-18 21:20:02,2024-09-18 21:20:02,17,7,1,3,5,0.4118,349.0
C0970,16390.0,3,20,2024-07-23 18:26:29,2024-12-28 22:44:39,18,5,0,1,7,0.2778,5463.33
C0971,5044.0,1,6,2024-09-29 17:49:30,2024-09-29 17:49:30,28,8,4,8,10,0.2857,5044.0
C0972,5113.0,1,7,2024-11-01 07:17:59,2024-11-01 07:17:59,16,6,1,1,8,0.375,5113.0
C0973,749.0,1,1,2024-01-01 20:49:30,2024-01-01 20:49:30,11,6,1,2,4,0.5455,749.0
C0974,8225.0,4,15,2024-04-29 07:18:52,2024-12-19 05:34:12,30,6,1,2,9,0.2,2056.25
C0975,4343.0,2,7,2024-03-14 06:30:14,2024-11-19 18:04:04,14,4,3,2,6,0.2857,2171.5
C0976,2834.0,1,6,2024-06-01 03:28:51,2024-06-01 03:28:51,5,1,0,0,1,0.2,2834.0
C0977,11786.0,3,14,2024-01-15 09:04:46,2024-10-14 18:34:12,18,6,1,2,7,0.3333,3928.67
C0978,9426.0,3,14,2024-02-08 11:11:06,2024-12-10 08:11:49,29,7,1,3,9,0.2414,3142.0
C0979,3744.0,3,6,2024-02-08 07:29:29,2024-11-13 12:00:50,22,7,0,2,8,0.3182,1248.0
C0980,7957.0,4,13,2024-03-02 11:41:07,2024-10-04 22:33:32,20,6,2,1,6,0.3,1989.25
C0981,11422.0,2,18,2024-05-27 03:02:30,2024-11-06 01:49:16,23,10,9,6,8,0.4348,5711.0
C0982,15418.0,4,22,2024-02-22 02:54:33,2024-10-05 08:53:56,19,5,0,5,5,0.2632,3854.5
C0983,7778.0,3,12,2024-01-26 07:18:51,2024-05-04 12:21:36,27,7,1,2,9,0.2593,2592.67
C0984,5970.0,2,10,2024-01-29 19:31:55,2024-08-23 13:37:35,10,2,0,5,3,0.2,2985.0
C0985,9079.0,1,11,2024-03-18 04:13:12,2024-03-18 04:13:12,12,4,1,1,5,0.3333,9079.0
C0986,8432.0,2,8,2024-04-28 02:04:02,2024-06-03 12:39:48,14,5,1,3,6,0.3571,4216.0
C0987,13127.0,5,23,2024-01-15 15:21:49,2024-11-18 04:18:47,30,5,3,1,7,0.1667,2625.4
C0988,27177.0,5,23,2024-02-18 13:09:10,2024-11-30 20:52:43,23,1,2,1,5,0.0435,5435.4
C0989,1844.0,1,6,2024-10-03 17:49:08,2024-10-03 17:49:08,26,9,1,3,10,0.3462,1844.0
C0990,6940.0,5,10,2024-02-03 15:59:27,2024-12-31 05:27:08,14,3,3,0,5,0.2143,1388.0
C0991,17220.0,5,30,2024-03-19 00:25:19,2024-12-24 11:30:32,9,5,1,2,4,0.5556,3444.0
C0992,6439.0,3,11,2024-09-20 04:48:14,2024-10-23 08:16:13,31,12,2,6,14,0.3871,2146.33
C0993,12254.0,4,16,2024-03-01 00:33:22,2024-12-30 03:21:40,22,13,1,3,7,0.5909,3063.5
C0994,18637.0,5,33,2024-01-29 13:46:53,2024-06-14 15:29:07,15,3,1,1,5,0.2,3727.4
C0995,7430.0,3,10,2024-08-26 10:34:50,2024-11-26 09:42:01,29,9,3,1,8,0.3103,2476.67
C0996,2894.0,2,6,2024-06-08 15:42:00,2024-10-21 12:38:14,31,8,2,7,9,0.2581,1447.0
C0997,13148.0,5,22,2024-01-13 11:32:08,2024-12-08 01:08:56,9,1,0,2,3,0.1111,2629.6
C0998,5039.0,3,11,2024-06-19 20:03:17,2024-11-27 00:42:49,47,12,5,4,15,0.2553,1679.67
C0999,10185.0,3,15,2024-06-29 06:48:24,2024-10-10 16:32:09,24,10,1,6,7,0.4167,3395.0
C1000,3690.0,2,10,2024-04-05 09:15:14,2024-07-18 23:51:34,27,14,2,6,10,0.5185,1845.0
C1001,2673.0,3,7,2024-03-06 08:48:43,2024-09-24 10:34:09,11,3,2,0,5,0.2727,891.0
C1002,2085.0,1,5,2024-09-10 21:30:58,2024-09-10 21:30:58,20,8,2,2,8,0.4,2085.0
C1003,13599.0,6,21,2024-03-23 00:56:01,2024-12-04 11:00:39,7,1,0,2,3,0.1429,2266.5
C1004,12818.0,5,22,2024-01-25 12:13:43,2024-09-04 13:57:27,21,7,3,9,9,0.3333,2563.6
C1005,11800.0,3,20,2024-02-29 11:54:14,2024-12-12 01:41:04,10,2,1,3,4,0.2,3933.33
C1006,5492.0,3,8,2024-02-18 03:27:51,2024-08-22 06:30:48,33,10,3,8,11,0.303,1830.67
C1007,21663.0,5,27,2024-02-02 20:55:16,2024-12-09 01:51:15,32,13,1,2,10,0.4062,4332.6
C1008,10497.0,5,23,2024-03-16 23:44:57,2024-12-03 05:27:44,36,15,2,4,13,0.4167,2099.4
C1009,5637.0,3,13,2024-09-10 22:15:01,2024-12-09 22:16:46,14,3,1,1,3,0.2143,1879.0
C1010,9889.0,3,11,2024-04-13 06:32:14,2024-10-30 15:27:04,3,3,2,1,3,1.0,3296.33
C1011,21822.0,5,28,2024-05-13 18:25:15,2024-09-23 12:56:54,9,3,1,1,3,0.3333,4364.4
C1012,15987.0,4,23,2024-05-09 20:35:25,2024-07-19 14:51:31,11,4,1,3,5,0.3636,3996.75
C1013,13476.0,5,14,2024-02-05 18:39:25,2024-10-28 17:02:55,22,6,0,5,6,0.2727,2695.2
C1014,15529.0,5,21,2024-01-28 09:20:04,2024-11-23 21:36:32,23,6,0,2,7,0.2609,3105.8
C1015,16218.0,5,22,2024-10-10 04:52:43,2024-12-19 01:32:44,7,2,1,1,3,0.2857,3243.6
C1016,13260.0,5,20,2024-05-11 03:33:55,2024-08-21 22:15:09,6,3,0,0,2,0.5,2652.0
C1017,11679.0,2,11,2024-05-15 15:58:09,2024-12-27 20:49:07,14,2,2,4,5,0.1429,5839.5
C1018,0.0,0,0,,,20,3,0,0,4,0.15,0.0
C1019,4255.0,2,5,2024-03-06 04:17:09,2024-09-08 12:10:06,5,1,1,1,3,0.2,2127.5
C1020,6788.0,2,12,2024-04-30 10:56:17,2024-11-19 14:26:02,21,10,1,2,6,0.4762,3394.0
C1021,12666.0,4,14,2024-04-19 14:13:30,2024-12-24 10:30:38,8,4,2,2,5,0.5,3166.5
C1022,13783.0,5,27,2024-01-08 23:10:41,2024-05-12 17:18:25,19,5,2,2,6,0.2632,2756.6
C1023,7087.0,3,13,2024-05-05 04:50:22,2024-10-30 12:35:45,13,8,1,1,6,0.6154,2362.33
C1024,14530.0,4,20,2024-07-04 21:44:39,2024-11-29 18:41:51,32,7,4,4,10,0.2188,3632.5
C1025,6204.0,3,16,2024-01-16 05:28:27,2024-09-24 19:03:43,27,5,0,3,7,0.1852,2068.0
C1026,13388.0,3,22,2024-06-20 00:24:52,2024-12-23 22:46:55,30,7,1,4,7,0.2333,4462.67
C1027,22235.0,7,35,2024-03-28 08:32:59,2024-11-23 11:33:18,28,7,4,7,9,0.25,3176.43
C1028,2797.0,2,3,2024-03-07 02:17:57,2024-04-14 22:32:44,10,4,2,2,4,0.4,1398.5
C1029,22571.0,2,29,2024-02-16 20:53:38,2024-11-20 02:12:28,20,3,3,2,5,0.15,11285.5
C1030,1842.0,3,8,2024-09-25 00:09:14,2024-12-09 14:10:21,11,5,0,4,5,0.4545,614.0
C1031,1816.0,2,4,2024-01-03 17:32:50,2024-06-09 10:02:57,24,5,1,7,7,0.2083,908.0
C1032,15941.0,5,19,2024-02-07 10:13:28,2024-10-07 04:43:03,21,5,3,3,7,0.2381,3188.2
C1033,4890.0,4,10,2024-01-09 07:51:56,2024-05-02 22:18:43,13,5,0,3,6,0.3846,1222.5
C1034,13181.0,3,19,2024-05-28 14:19:27,2024-11-15 17:49:29,27,3,1,5,7,0.1111,4393.67
C1035,3565.0,1,5,2024-07-20 22:41:35,2024-07-20 22:41:35,18,5,1,3,6,0.2778,3565.0
C1036,3456.0,2,4,2024-03-28 02:49:35,2024-09-24 19:53:12,15,2,0,5,5,0.1333,1728.0
C1037,15840.0,4,20,2024-02-22 12:48:37,2024-11-14 11:51:26,16,3,2,4,6,0.1875,3960.0
C1038,429.0,1,1,2024-04-28 12:33:10,2024-04-28 12:33:10,17,7,1,2,5,0.4118,429.0
C1039,1196.0,1,4,2024-10-07 01:21:50,2024-10-07 01:21:50,11,3,0,5,4,0.2727,1196.0
C1040,3465.0,2,5,2024-02-16 18:46:46,2024-09-16 14:14:23,10,6,0,1,3,0.6,1732.5
C1041,26529.0,6,31,2024-05-06 05:13:00,2024-12-08 04:24:55,21,5,1,3,6,0.2381,4421.5
C1042,13387.0,6,23,2024-05-26 21:11:07,2024-12-03 06:03:30,33,12,3,5,10,0.3636,2231.17
C1043,2703.0,2,7,2024-02-23 14:59:52,2024-12-05 17:44:30,33,8,1,8,9,0.2424,1351.5
C1044,17386.0,4,24,2024-04-18 04:45:48,2024-09-26 09:42:13,17,4,3,3,6,0.2353,4346.5
C1045,5121.0,1,9,2024-05-12 16:42:45,2024-05-12 16:42:45,14,7,0,2,5,0.5,5121.0
C1046,12996.0,4,24,2024-05-27 08:40:29,2024-09-01 00:50:32,11,6,1,2,3,0.5455,3249.0
C1047,10878.0,3,12,2024-03-27 22:56:01,2024-09-22 14:30:08,12,2,1,5,3,0.1667,3626.0
C1048,7785.0,3,15,2024-01-07 11:38:12,2024-10-14 06:27:28,24,3,1,2,7,0.125,2595.0
C1049,12337.0,4,23,2024-07-13 02:46:14,2024-12-14 11:19:31,13,4,3,4,5,0.3077,3084.25
C1050,1545.0,2,5,2024-07-26 12:45:35,2024-11-14 05:23:14,2,4,2,0,3,2.0,772.5
C1051,13733.0,4,27,2024-01-13 00:45:24,2024-08-06 00:43:53,11,2,2,2,5,0.1818,3433.25
C1052,24438.0,5,32,2024-03-19 14:56:43,2024-11-20 06:16:29,22,6,0,3,9,0.2727,4887.6
C1053,17358.0,8,32,2024-01-23 21:17:41,2024-12-19 10:36:37,12,7,0,3,5,0.5833,2169.75
C1054,4159.0,2,11,2024-10-02 04:30:36,2024-11-21 11:44:35,14,1,0,2,3,0.0714,2079.5
C1055,5971.0,3,9,2024-03-22 15:23:00,2024-09-06 13:05:50,6,2,0,2,3,0.3333,1990.33
C1056,15729.0,6,21,2024-04-11 17:53:15,2024-11-23 07:04:44,25,14,4,2,7,0.56,2621.5
C1057,3133.0,1,7,2024-03-18 13:12:03,2024-03-18 13:12:03,10,6,1,4,4,0.6,3133.0
C1058,6537.0,5,13,2024-02-06 10:25:43,2024-12-20 20:37:42,16,7,1,1,7,0.4375,1307.4
C1059,3324.0,1,6,2024-11-19 08:57:23,2024-11-19 08:57:23,7,3,1,0,3,0.4286,3324.0
C1060,6346.0,2,4,2024-02-02 04:09:36,2024-06-15 16:43:20,18,3,1,6,7,0.1667,3173.0
C1061,22204.0,6,26,2024-02-08 20:29:15,2024-12-09 10:03:18,14,0,1,4,4,0.0,3700.67
C1062,8126.0,3,14,2024-08-11 10:56:02,2024-09-14 02:29:50,5,5,1,1,3,1.0,2708.67
C1063,4431.0,3,9,2024-02-05 16:11:30,2024-06-30 15:07:02,26,9,2,1,9,0.3462,1477.0
C1064,17479.0,5,31,2024-04-10 20:39:22,2024-07-20 11:13:07,24,8,3,5,10,0.3333,3495.8
C1065,6241.0,1,9,2024-06-08 16:36:39,2024-06-08 16:36:39,12,8,3,6,6,0.6667,6241.0
C1066,5649.0,2,11,2024-05-04 23:44:49,2024-10-22 01:08:58,42,6,3,6,10,0.1429,2824.5
C1067,6263.0,3,17,2024-03-08 12:03:03,2024-12-29 07:29:34,11,1,1,1,3,0.0909,2087.67
C1068,25684.0,6,36,2024-04-16 02:10:36,2024-12-24 06:44:22,21,5,0,2,6,0.2381,4280.67
C1069,13157.0,6,23,2024-01-06 15:47:30,2024-11-29 01:51:02,12,1,1,3,5,0.0833,2192.83
C1070,22174.0,7,26,2024-01-29 07:34:41,2024-12-17 04:06:17,22,11,1,1,8,0.5,3167.71
C1071,3505.0,2,5,2024-08-28 08:08:26,2024-10-29 11:39:24,17,6,2,2,6,0.3529,1752.5
C1072,258.0,1,2,2024-09-05 04:47:34,2024-09-05 04:47:34,11,6,1,1,3,0.5455,258.0
C1073,10499.0,5,21,2024-02-02 00:02:04,2024-12-22 07:15:14,12,2,0,2,3,0.1667,2099.8
C1074,23853.0,4,27,2024-01-29 18:22:19,2024-10-20 04:15:49,18,6,3,4,8,0.3333,5963.25
C1075,22927.0,4,23,2024-01-08 17:13:15,2024-11-16 11:07:02,7,2,1,1,4,0.2857,5731.75
C1076,16736.0,4,24,2024-01-03 12:42:26,2024-08-28 15:59:24,41,8,0,8,11,0.1951,4184.0
C1077,4882.0,1,8,2024-06-27 02:19:51,2024-06-27 02:19:51,8,1,2,4,4,0.125,4882.0
C1078,22589.0,6,31,2024-01-23 11:43:21,2024-06-17 12:55:07,38,7,2,4,9,0.1842,3764.83
C1079,956.0,1,4,2024-09-17 15:40:46,2024-09-17 15:40:46,27,9,2,4,8,0.3333,956.0
C1080,4743.0,3,7,2024-04-17 20:40:09,2024-09-20 01:44:03,19,16,0,2,6,0.8421,1581.0
C1081,18697.0,6,33,2024-04-06 02:32:31,2024-12-31 10:16:49,24,6,1,2,8,0.25,3116.17
C1082,6312.0,3,8,2024-04-19 14:21:33,2024-12-09 21:50:52,11,0,0,0,2,0.0,2104.0
C1083,1116.0,1,4,2024-07-02 03:02:29,2024-07-02 03:02:29,28,10,0,2,8,0.3571,1116.0
C1084,14739.0,4,21,2024-05-23 13:18:02,2024-11-22 07:07:34,6,2,1,1,3,0.3333,3684.75
C1085,11768.0,2,12,2024-04-14 12:49:39,2024-06-11 18:06:40,14,8,2,6,6,0.5714,5884.0
C1086,10656.0,2,14,2024-04-17 22:04:28,2024-07-28 07:04:23,15,5,3,3,6,0.3333,5328.0
C1087,99.0,1,1,2024-07-25 01:05:32,2024-07-25 01:05:32,15,7,0,3,5,0.4667,99.0
C1088,23862.0,5,38,2024-01-18 03:41:57,2024-08-18 10:07:18,9,1,0,2,4,0.1111,4772.4
C1089,8007.0,3,13,2024-03-19 04:05:16,2024-10-03 12:10:02,23,15,3,6,10,0.6522,2669.0
C1090,5493.0,2,7,2024-01-02 14:45:04,2024-08-06 08:20:45,7,5,1,2,3,0.7143,2746.5
C1091,7514.0,4,16,2024-01-21 03:36:36,2024-11-09 23:03:11,13,4,0,4,7,0.3077,1878.5
C1092,21649.0,5,31,2024-01-30 20:35:23,2024-12-18 10:55:34,11,4,2,1,6,0.3636,4329.8
C1093,7741.0,3,9,2024-03-01 03:24:30,2024-07-21 20:51:22,4,5,0,1,2,1.25,2580.33
C1094,14041.0,5,19,2024-05-31 22:36:17,2024-12-04 00:09:39,8,6,1,4,4,0.75,2808.2
C1095,36485.0,4,35,2024-05-18 15:09:46,2024-10-23 08:11:56,22,8,1,6,7,0.3636,9121.25
C1096,7990.0,2,10,2024-05-05 16:34:23,2024-11-16 14:24:08,20,8,1,5,6,0.4,3995.0
C1097,1534.0,1,6,2024-10-07 23:34:24,2024-10-07 23:34:24,23,3,1,0,6,0.1304,1534.0
C1098,8416.0,5,24,2024-05-03 05:48:14,2024-12-25 11:55:16,13,4,1,1,5,0.3077,1683.2
C1099,18210.0,3,20,2024-01-16 11:40:58,2024-07-31 19:15:18,13,2,0,2,4,0.1538,6070.0
C1100,7319.0,3,11,2024-05-07 15:33:41,2024-11-29 03:13:29,21,10,1,2,9,0.4762,2439.67
C1101,4593.0,2,7,2024-06-04 11:08:07,2024-12-03 05:12:06,20,11,7,4,9,0.55,2296.5
C1102,16787.0,3,13,2024-01-18 20:34:44,2024-07-19 22:02:40,14,7,2,9,8,0.5,5595.67
C1103,10817.0,2,13,2024-01-12 01:06:14,2024-06-10 07:30:37,12,3,3,2,3,0.25,5408.5
C1104,3593.0,2,7,2024-01-30 22:18:02,2024-03-30 17:53:59,22,5,0,4,9,0.2273,1796.5
C1105,8990.0,4,20,2024-02-28 11:22:49,2024-05-01 16:54:22,25,6,1,6,7,0.24,2247.5
C1106,4739.0,2,11,2024-04-22 22:52:58,2024-07-05 08:39:41,30,13,2,5,12,0.4333,2369.5
C1107,10286.0,5,14,2024-03-12 18:43:01,2024-09-08 09:04:19,5,3,0,0,2,0.6,2057.2
C1108,7869.0,2,11,2024-03-23 21:26:35,2024-05-28 19:32:42,8,4,0,5,4,0.5,3934.5
C1109,3837.0,3,13,2024-04-07 14:06:38,2024-07-09 03:33:15,22,7,2,5,8,0.3182,1279.0
C1110,9201.0,4,19,2024-01-21 22:13:36,2024-10-10 16:57:51,21,3,1,1,6,0.1429,2300.25
C1111,2701.0,2,9,2024-04-29 12:44:20,2024-08-02 07:14:15,22,3,4,2,8,0.1364,1350.5
C1112,14934.0,3,16,2024-05-04 05:07:59,2024-08-24 07:14:42,21,0,0,3,5,0.0,4978.0
C1113,2676.0,1,4,2024-01-14 02:50:02,2024-01-14 02:50:02,30,12,1,5,11,0.4,2676.0
C1114,2017.0,1,3,2024-12-24 04:10:49,2024-12-24 04:10:49,29,7,1,2,9,0.2414,2017.0
C1115,2998.0,1,2,2024-02-01 20:22:41,2024-02-01 20:22:41,13,7,2,2,6,0.5385,2998.0
C1116,4452.0,3,8,2024-03-25 17:46:18,2024-05-07 02:37:09,32,5,0,5,8,0.1562,1484.0
C1117,16468.0,4,22,2024-01-21 12:40:04,2024-05-18 22:26:41,26,8,2,1,8,0.3077,4117.0
C1118,6990.0,2,10,2024-01-31 03:58:31,2024-11-07 06:04:20,27,5,1,2,8,0.1852,3495.0
C1119,7042.0,4,8,2024-03-09 01:17:45,2024-11-15 00:55:45,19,4,0,3,6,0.2105,1760.5
C1120,16799.0,5,21,2024-03-28 20:56:57,2024-11-15 18:44:23,24,4,4,2,6,0.1667,3359.8
C1121,2543.0,1,7,2024-08-27 09:07:23,2024-08-27 09:07:23,14,2,0,4,5,0.1429,2543.0
C1122,9509.0,2,11,2024-02-02 13:30:53,2024-05-12 09:15:20,25,12,1,2,9,0.48,4754.5
C1123,0.0,0,0,,,21,9,0,2,7,0.4286,0.0
C1124,23010.0,5,40,2024-03-17 11:01:29,2024-12-25 18:05:39,15,4,1,2,5,0.2667,4602.0
C1125,25262.0,4,38,2024-05-06 06:30:37,2024-11-16 14:23:25,17,7,1,2,6,0.4118,6315.5
C1126,9145.0,4,15,2024-01-31 18:42:48,2024-10-08 16:25:41,20,10,3,5,9,0.5,2286.25
C1127,787.0,1,3,2024-10-28 20:22:31,2024-10-28 20:22:31,10,5,0,1,4,0.5,787.0
C1128,0.0,0,0,,,9,4,0,0,4,0.4444,0.0
C1129,4511.0,3,9,2024-02-06 14:52:31,2024-08-22 17:27:52,34,8,3,4,9,0.2353,1503.67
C1130,16986.0,4,24,2024-05-18 12:19:27,2024-12-12 00:40:56,15,4,1,0,4,0.2667,4246.5
C1131,20257.0,4,23,2024-04-19 07:17:45,2024-12-13 15:59:17,2,0,0,1,1,0.0,5064.25
C1132,10391.0,5,19,2024-02-01 21:51:49,2024-12-08 01:45:42,12,6,4,2,5,0.5,2078.2
C1133,11629.0,4,21,2024-02-04 10:33:44,2024-07-30 03:58:37,12,4,0,3,5,0.3333,2907.25
C1134,2825.0,2,5,2024-03-25 04:46:44,2024-10-26 13:11:12,14,3,0,2,4,0.2143,1412.5
C1135,4141.0,3,9,2024-03-08 23:23:37,2024-12-03 16:46:39,29,4,2,3,10,0.1379,1380.33
C1136,18158.0,5,22,2024-03-16 11:15:05,2024-09-04 13:52:23,20,3,1,2,6,0.15,3631.6
C1137,15877.0,5,23,2024-04-16 11:29:07,2024-10-27 07:04:15,4,0,0,0,2,0.0,3175.4
C1138,18645.0,6,25,2024-01-10 03:12:09,2024-11-18 04:28:25,6,10,2,2,4,1.6667,3107.5
C1139,1605.0,1,5,2024-07-14 22:40:20,2024-07-14 22:40:20,18,3,1,3,7,0.1667,1605.0
C1140,11046.0,3,24,2024-05-02 19:19:19,2024-05-26 13:27:11,19,3,3,1,5,0.1579,3682.0
C1141,6681.0,3,9,2024-05-19 19:31:22,2024-12-27 19:08:48,22,5,2,0,6,0.2273,2227.0
C1142,8234.0,4,16,2024-05-25 04:13:14,2024-12-01 02:48:37,11,4,0,1,3,0.3636,2058.5
C1143,9739.0,3,11,2024-04-28 15:29:42,2024-11-02 21:09:21,19,4,1,2,5,0.2105,3246.33
C1144,29590.0,4,30,2024-04-26 16:53:30,2024-12-26 07:46:33,14,7,3,3,6,0.5,7397.5
C1145,2811.0,2,9,2024-04-09 14:03:06,2024-08-05 03:39:19,16,2,2,3,3,0.125,1405.5
C1146,12342.0,3,18,2024-04-21 21:21:01,2024-09-11 02:55:17,20,4,0,2,5,0.2,4114.0
C1147,7330.0,3,20,2024-10-25 09:07:07,2024-12-25 04:41:12,11,4,2,2,4,0.3636,2443.33
C1148,8634.0,3,16,2024-01-03 11:26:39,2024-06-05 11:39:23,25,3,1,4,9,0.12,2878.0
C1149,749.0,1,1,2024-07-26 10:57:57,2024-07-26 10:57:57,28,6,1,3,7,0.2143,749.0
C1150,0.0,0,0,,,27,1,1,8,8,0.037,0.0
C1151,7014.0,3,16,2024-09-21 10:30:00,2024-11-28 18:18:28,27,8,4,4,8,0.2963,2338.0
C1152,14481.0,3,19,2024-01-15 19:30:01,2024-11-30 14:27:34,15,4,1,1,5,0.2667,4827.0
C1153,2047.0,1,3,2024-02-19 18:53:51,2024-02-19 18:53:51,15,6,0,3,5,0.4,2047.0
C1154,16254.0,4,26,2024-05-09 23:07:08,2024-12-12 21:07:05,34,13,2,6,11,0.3824,4063.5
C1155,4513.0,2,7,2024-10-28 13:36:47,2024-11-21 14:44:36,15,7,1,0,5,0.4667,2256.5
C1156,17789.0,6,31,2024-01-08 22:08:55,2024-10-07 15:53:27,24,4,1,5,7,0.1667,2964.83
C1157,10478.0,4,22,2024-02-10 02:39:12,2024-12-20 12:29:12,11,5,0,1,6,0.4545,2619.5
C1158,19804.0,3,26,2024-03-06 15:24:18,2024-11-11 15:51:11,29,12,2,5,10,0.4138,6601.33
C1159,5864.0,3,6,2024-04-04 17:06:02,2024-11-12 22:16:28,20,1,0,0,5,0.05,1954.67
C1160,21944.0,7,26,2024-01-12 09:48:37,2024-10-15 04:32:49,18,4,1,2,5,0.2222,3134.86
C1161,2594.0,3,6,2024-02-10 02:42:20,2024-04-19 22:48:59,19,7,2,3,8,0.3684,864.67
C1162,1544.0,1,6,2024-04-09 23:33:43,2024-04-09 23:33:43,40,10,1,8,13,0.25,1544.0
C1163,2654.0,2,6,2024-03-12 11:44:02,2024-07-28 18:03:00,24,4,0,3,4,0.1667,1327.0
C1164,20233.0,6,27,2024-03-13 16:23:13,2024-12-28 13:26:29,10,3,1,1,4,0.3,3372.17
C1165,899.0,1,1,2024-07-04 20:13:47,2024-07-04 20:13:47,11,6,2,2,4,0.5455,899.0
C1166,12372.0,4,18,2024-02-27 23:07:19,2024-12-09 01:29:03,4,1,0,2,2,0.25,3093.0
C1167,11797.0,4,13,2024-01-24 20:27:18,2024-11-15 02:40:22,15,6,2,4,6,0.4,2949.25
C1168,9467.0,3,13,2024-03-08 08:56:30,2024-08-04 04:34:54,11,8,0,1,4,0.7273,3155.67
C1169,9890.0,2,10,2024-01-13 05:07:01,2024-03-29 07:29:08,19,9,0,5,7,0.4737,4945.0
C1170,4522.0,2,8,2024-08-04 23:27:18,2024-09-05 05:17:15,8,2,0,1,4,0.25,2261.0
C1171,2954.0,3,6,2024-10-19 07:36:59,2024-12-23 08:49:51,20,7,1,2,7,0.35,984.67
C1172,4113.0,2,7,2024-11-01 01:21:24,2024-11-24 01:07:57,5,3,0,1,2,0.6,2056.5
C1173,7220.0,3,10,2024-04-01 10:53:06,2024-12-05 16:24:45,34,11,3,3,10,0.3235,2406.67
C1174,5493.0,2,7,2024-06-28 21:36:39,2024-07-26 10:28:28,11,2,1,1,4,0.1818,2746.5
C1175,4331.0,3,9,2024-03-07 15:34:26,2024-09-26 14:44:00,13,4,2,4,5,0.3077,1443.67
C1176,11803.0,6,27,2024-04-26 13:46:53,2024-11-10 16:01:06,26,8,1,6,11,0.3077,1967.17
C1177,16214.0,3,16,2024-01-18 02:56:15,2024-07-30 23:57:54,7,6,0,0,5,0.8571,5404.67
C1178,1174.0,3,6,2024-03-13 19:58:16,2024-10-25 11:58:30,23,6,0,4,8,0.2609,391.33
C1179,17764.0,4,26,2024-01-18 08:45:01,2024-09-08 21:46:59,17,5,3,0,6,0.2941,4441.0
C1180,13374.0,6,26,2024-01-09 19:54:22,2024-10-20 02:18:06,13,1,0,0,5,0.0769,2229.0
C1181,1128.0,2,2,2024-04-22 18:43:54,2024-10-12 13:58:34,13,8,1,5,6,0.6154,564.0
C1182,12830.0,3,20,2024-02-25 10:09:10,2024-12-03 04:57:59,11,3,0,2,7,0.2727,4276.67
C1183,19940.0,7,30,2024-02-27 20:39:38,2024-12-16 00:10:31,16,4,1,3,5,0.25,2848.57
C1184,2832.0,3,8,2024-04-18 23:29:03,2024-08-18 03:00:47,17,5,3,2,7,0.2941,944.0
C1185,12664.0,3,16,2024-08-30 02:46:35,2024-12-29 08:01:07,19,3,2,0,5,0.1579,4221.33
C1186,16603.0,4,17,2024-04-08 13:39:56,2024-07-31 00:17:48,19,6,2,4,6,0.3158,4150.75
C1187,32781.0,7,39,2024-01-02 15:56:21,2024-12-24 01:52:37,22,7,1,6,6,0.3182,4683.0
C1188,9875.0,3,15,2024-03-21 07:18:59,2024-11-10 20:27:09,23,7,0,4,6,0.3043,3291.67
C1189,3511.0,3,9,2024-02-16 03:13:28,2024-12-28 00:03:58,26,3,0,2,10,0.1154,1170.33
C1190,16232.0,4,28,2024-01-07 05:51:20,2024-09-04 16:02:39,17,3,1,3,4,0.1765,4058.0
C1191,14268.0,3,12,2024-01-25 13:14:46,2024-04-21 20:00:00,21,13,0,7,8,0.619,4756.0
C1192,11076.0,4,14,2024-04-06 01:35:00,2024-10-28 05:36:32,24,5,0,5,7,0.2083,2769.0
C1193,6078.0,2,12,2024-02-02 14:38:42,2024-06-11 06:52:51,15,3,1,3,5,0.2,3039.0
C1194,1954.0,2,6,2024-08-23 04:38:35,2024-09-23 19:12:06,23,2,1,1,6,0.087,977.0
C1195,18734.0,7,26,2024-01-31 04:51:48,2024-12-19 00:59:30,31,4,0,7,8,0.129,2676.29
C1196,1936.0,1,4,2024-05-03 19:58:50,2024-05-03 19:58:50,11,7,0,3,4,0.6364,1936.0
C1197,17169.0,4,31,2024-01-11 14:39:13,2024-08-09 17:12:50,31,2,3,3,8,0.0645,4292.25
C1198,644.0,1,6,2024-03-08 17:20:58,2024-03-08 17:20:58,8,4,3,3,4,0.5,644.0
C1199,9105.0,4,15,2024-07-11 07:20:03,2024-12-07 03:59:07,16,1,1,2,4,0.0625,2276.25
C1200,10912.0,3,18,2024-01-19 07:27:40,2024-12-24 10:32:29,28,6,2,3,7,0.2143,3637.33
C1201,178.0,2,2,2024-05-14 02:53:58,2024-12-14 08:56:17,10,7,1,0,3,0.7,89.0
C1202,7959.0,2,11,2024-06-09 08:32:35,2024-11-11 09:04:45,18,4,2,0,6,0.2222,3979.5
C1203,11390.0,1,10,2024-11-13 09:41:33,2024-11-13 09:41:33,31,2,1,3,7,0.0645,11390.0
C1204,15050.0,4,20,2024-03-29 19:51:30,2024-12-02 12:06:40,15,7,1,4,6,0.4667,3762.5
C1205,16414.0,8,26,2024-02-08 17:49:15,2024-12-04 07:52:53,15,4,0,1,4,0.2667,2051.75
C1206,2083.0,1,7,2024-11-30 18:16:13,2024-11-30 18:16:13,11,4,1,1,3,0.3636,2083.0
C1207,12140.0,5,20,2024-02-02 07:32:04,2024-11-18 07:10:31,6,1,1,0,1,0.1667,2428.0
C1208,17080.0,5,20,2024-01-24 17:20:53,2024-09-27 15:10:10,17,9,1,3,7,0.5294,3416.0
C1209,3420.0,3,10,2024-03-01 07:30:48,2024-12-05 09:52:03,12,3,1,1,4,0.25,1140.0
C1210,18941.0,4,19,2024-06-29 10:37:05,2024-12-24 18:28:36,6,2,1,1,3,0.3333,4735.25
C1211,5579.0,2,11,2024-03-31 11:31:12,2024-06-01 00:15:08,17,6,2,4,5,0.3529,2789.5
C1212,19167.0,4,33,2024-01-21 14:47:25,2024-10-05 23:09:52,12,4,2,2,3,0.3333,4791.75
C1213,8194.0,2,6,2024-06-09 17:32:38,2024-09-22 04:11:01,14,5,1,5,5,0.3571,4097.0
C1214,7775.0,5,15,2024-03-24 16:05:06,2024-12-04 15:33:01,5,1,0,0,2,0.2,1555.0
C1215,5345.0,2,5,2024-05-07 10:36:48,2024-12-07 10:09:34,17,4,0,2,6,0.2353,2672.5
C1216,6292.0,1,8,2024-04-19 19:46:40,2024-04-19 19:46:40,14,5,0,2,7,0.3571,6292.0
C1217,17922.0,5,28,2024-02-27 23:46:12,2024-09-02 09:34:46,26,6,3,4,8,0.2308,3584.4
C1218,12174.0,4,16,2024-05-26 14:57:00,2024-09-20 18:50:44,14,1,1,0,5,0.0714,3043.5
C1219,1894.0,2,6,2024-07-29 21:52:40,2024-12-08 00:30:52,24,8,0,2,8,0.3333,947.0
C1220,13594.0,5,16,2024-02-28 23:40:30,2024-08-20 04:31:52,10,6,0,2,4,0.6,2718.8
C1221,18922.0,4,28,2024-06-26 01:41:56,2024-11-20 05:34:24,14,4,2,4,6,0.2857,4730.5
C1222,8590.0,1,10,2024-02-29 00:20:32,2024-02-29 00:20:32,17,5,2,5,6,0.2941,8590.0
C1223,3918.0,4,12,2024-02-22 23:06:00,2024-07-02 20:53:51,3,2,0,1,1,0.6667,979.5
C1224,14769.0,4,21,2024-02-03 05:15:40,2024-12-27 05:42:51,32,4,0,3,8,0.125,3692.25
C1225,6190.0,3,10,2024-03-15 00:54:58,2024-05-07 20:26:45,0,1,0,2,1,0.0,2063.33
C1226,24217.0,6,33,2024-02-03 22:15:52,2024-11-03 17:33:45,19,2,0,2,6,0.1053,4036.17
C1227,0.0,0,0,,,27,11,1,3,9,0.4074,0.0
C1228,2995.0,1,5,2024-03-07 09:02:47,2024-03-07 09:02:47,13,4,0,1,6,0.3077,2995.0
C1229,11632.0,4,18,2024-02-04 11:50:14,2024-08-28 18:00:12,18,7,1,5,6,0.3889,2908.0
C1230,0.0,0,0,,,12,3,2,4,5,0.25,0.0
C1231,19776.0,6,24,2024-01-13 14:18:15,2024-12-22 22:44:43,14,7,1,1,6,0.5,3296.0
C1232,14805.0,6,25,2024-02-04 21:06:39,2024-12-20 05:14:19,29,11,3,5,10,0.3793,2467.5
C1233,17013.0,4,27,2024-01-21 14:38:20,2024-09-05 18:46:32,25,10,7,6,8,0.4,4253.25
C1234,27846.0,6,24,2024-01-25 22:58:09,2024-11-03 02:21:46,15,6,3,4,6,0.4,4641.0
C1235,0.0,0,0,,,19,5,1,1,6,0.2632,0.0
C1236,4343.0,2,7,2024-04-20 08:49:30,2024-05-04 01:37:37,16,5,2,1,7,0.3125,2171.5
C1237,3697.0,2,13,2024-08-13 03:40:27,2024-09-07 20:22:42,14,4,1,0,5,0.2857,1848.5
C1238,8317.0,5,13,2024-01-02 15:48:44,2024-10-13 19:05:03,11,4,1,1,4,0.3636,1663.4
C1239,18411.0,7,29,2024-01-15 12:12:15,2024-10-16 23:49:08,21,3,0,7,5,0.1429,2630.14
C1240,4840.0,3,10,2024-05-05 21:48:39,2024-12-30 11:18:33,17,12,1,3,7,0.7059,1613.33
C1241,26953.0,5,27,2024-02-26 04:24:06,2024-11-22 19:17:17,33,8,0,5,10,0.2424,5390.6
C1242,10127.0,5,23,2024-02-24 16:27:56,2024-12-19 19:23:04,27,12,1,4,8,0.4444,2025.4
C1243,4752.0,1,8,2024-04-08 16:24:28,2024-04-08 16:24:28,15,5,1,7,7,0.3333,4752.0
C1244,4063.0,1,7,2024-02-20 01:01:53,2024-02-20 01:01:53,17,2,1,1,4,0.1176,4063.0
C1245,8864.0,5,16,2024-10-14 01:08:18,2024-12-07 02:09:22,21,8,2,3,7,0.381,1772.8
C1246,15554.0,3,16,2024-03-11 14:47:18,2024-07-29 05:44:33,15,3,0,5,3,0.2,5184.67
C1247,6190.0,3,10,2024-03-05 08:52:04,2024-06-22 05:07:40,13,5,2,0,4,0.3846,2063.33
C1248,4873.0,2,7,2024-07-21 02:46:26,2024-11-23 03:02:16,23,5,2,2,7,0.2174,2436.5
C1249,9739.0,2,11,2024-06-01 17:38:49,2024-08-07 19:52:01,30,10,2,5,9,0.3333,4869.5
C1250,11697.0,4,23,2024-05-05 00:25:52,2024-08-03 12:56:07,9,4,2,1,5,0.4444,2924.25
C1251,18676.0,7,34,2024-01-23 18:06:35,2024-10-02 09:40:22,27,9,3,3,9,0.3333,2668.0
C1252,11065.0,4,15,2024-06-01 13:24:10,2024-09-24 22:55:40,1,1,0,0,2,1.0,2766.25
C1253,1048.0,1,2,2024-04-13 04:00:24,2024-04-13 04:00:24,1,2,0,1,2,2.0,1048.0
C1254,10368.0,1,12,2024-06-28 00:12:26,2024-06-28 00:12:26,45,9,1,6,13,0.2,10368.0
C1255,30629.0,7,41,2024-01-24 20:37:24,2024-11-15 08:28:26,19,4,1,1,4,0.2105,4375.57
C1256,20222.0,5,28,2024-03-09 09:43:02,2024-12-02 04:28:05,11,2,1,0,4,0.1818,4044.4
C1257,9592.0,1,8,2024-10-10 17:45:02,2024-10-10 17:45:02,9,6,1,2,4,0.6667,9592.0
C1258,0.0,0,0,,,23,4,0,1,6,0.1739,0.0
C1259,6207.0,3,13,2024-04-07 21:43:50,2024-08-12 14:32:14,30,11,2,8,12,0.3667,2069.0
C1260,7120.0,1,10,2024-10-09 05:24:36,2024-10-09 05:24:36,13,7,1,2,5,0.5385,7120.0
C1261,966.0,2,4,2024-02-26 15:36:48,2024-08-10 22:50:27,16,9,1,2,5,0.5625,483.0
C1262,10615.0,6,15,2024-02-03 07:14:02,2024-11-15 15:17:50,19,3,1,4,6,0.1579,1769.17
C1263,3996.0,2,4,2024-01-13 10:34:33,2024-09-04 02:21:14,18,7,2,2,8,0.3889,1998.0
C1264,12360.0,5,20,2024-03-08 15:09:50,2024-10-22 12:51:23,7,8,2,3,4,1.1429,2472.0
C1265,3753.0,2,7,2024-01-26 00:20:23,2024-03-04 08:09:25,1,0,0,0,1,0.0,1876.5
C1266,8652.0,4,18,2024-05-04 11:06:57,2024-10-24 05:01:27,9,3,0,2,3,0.3333,2163.0
C1267,5021.0,3,9,2024-07-27 06:18:22,2024-11-24 07:42:30,19,10,0,1,7,0.5263,1673.67
C1268,1646.0,1,4,2024-09-08 06:37:31,2024-09-08 06:37:31,18,3,4,4,8,0.1667,1646.0
C1269,9042.0,2,8,2024-07-02 07:54:03,2024-11-17 06:09:19,17,6,1,4,5,0.3529,4521.0
C1270,3594.0,2,6,2024-05-15 22:53:03,2024-06-04 05:45:43,16,5,4,1,6,0.3125,1797.0
C1271,7426.0,3,14,2024-01-04 17:32:34,2024-11-28 04:35:00,48,4,3,4,13,0.0833,2475.33
C1272,9533.0,4,17,2024-01-21 10:37:56,2024-11-24 11:27:22,5,3,0,2,3,0.6,2383.25
C1273,1897.0,1,3,2024-12-14 13:57:51,2024-12-14 13:57:51,5,1,1,0,3,0.2,1897.0
C1274,2898.0,2,2,2024-11-15 16:26:50,2024-12-25 01:17:04,32,9,4,2,12,0.2812,1449.0
C1275,1674.0,2,6,2024-07-15 03:09:10,2024-07-31 10:41:17,24,6,2,5,9,0.25,837.0
C1276,8046.0,3,14,2024-01-16 03:04:04,2024-09-07 21:33:14,3,2,0,2,2,0.6667,2682.0
C1277,11456.0,3,14,2024-02-24 15:23:56,2024-11-16 08:16:15,21,6,1,1,7,0.2857,3818.67
C1278,14605.0,5,25,2024-04-22 16:23:33,2024-11-29 09:55:52,13,5,0,2,6,0.3846,2921.0
C1279,1746.0,1,4,2024-09-26 02:37:56,2024-09-26 02:37:56,11,2,2,1,6,0.1818,1746.0
C1280,25576.0,9,44,2024-03-09 05:54:08,2024-12-07 08:41:52,10,7,1,1,4,0.7,2841.78
C1281,16972.0,2,18,2024-01-10 15:55:21,2024-09-14 19:49:31,20,5,3,2,8,0.25,8486.0
C1282,18749.0,6,31,2024-01-02 07:06:23,2024-12-25 08:58:35,14,2,3,1,4,0.1429,3124.83
C1283,17160.0,5,30,2024-01-09 06:42:04,2024-10-31 05:20:41,7,2,1,1,2,0.2857,3432.0
C1284,19849.0,3,21,2024-01-01 10:31:09,2024-08-18 20:31:29,13,5,2,2,5,0.3846,6616.33
C1285,9690.0,2,10,2024-02-28 02:52:18,2024-02-29 17:55:05,13,4,2,1,5,0.3077,4845.0
C1286,4442.0,3,8,2024-01-12 16:42:53,2024-03-10 08:52:54,21,7,1,2,7,0.3333,1480.67
C1287,6893.0,3,7,2024-01-18 15:34:48,2024-08-30 06:11:31,12,6,0,3,5,0.5,2297.67
C1288,12409.0,2,11,2024-04-23 06:30:23,2024-06-17 06:33:53,17,4,1,2,6,0.2353,6204.5
C1289,16014.0,3,16,2024-01-27 04:08:38,2024-07-28 05:54:27,9,4,0,1,6,0.4444,5338.0
C1290,11261.0,4,19,2024-06-22 18:20:12,2024-11-25 22:36:16,19,7,1,1,6,0.3684,2815.25
C1291,14910.0,5,30,2024-01-14 21:21:04,2024-12-02 10:15:13,15,3,3,7,5,0.2,2982.0
C1292,2873.0,3,7,2024-02-04 01:14:24,2024-06-26 01:32:28,23,6,3,5,6,0.2609,957.67
C1293,12691.0,5,19,2024-05-23 05:44:40,2024-12-14 10:40:43,19,3,1,4,7,0.1579,2538.2
C1294,2772.0,2,8,2024-04-02 17:56:12,2024-09-05 00:08:24,9,4,1,1,2,0.4444,1386.0
C1295,4053.0,2,7,2024-08-28 16:07:38,2024-10-15 20:30:05,18,2,1,1,6,0.1111,2026.5
C1296,7835.0,5,15,2024-02-01 19:41:59,2024-09-09 12:25:24,9,3,2,2,5,0.3333,1567.0
C1297,728.0,1,2,2024-07-14 11:50:22,2024-07-14 11:50:22,13,2,3,3,4,0.1538,728.0
C1298,1228.0,1,2,2024-12-23 13:15:48,2024-12-23 13:15:48,20,10,1,6,8,0.5,1228.0
C1299,16571.0,4,29,2024-02-09 15:13:31,2024-12-26 10:26:32,9,4,1,3,3,0.4444,4142.75
C1300,0.0,0,0,,,4,4,0,2,4,1.0,0.0
C1301,6060.0,3,10,2024-03-16 09:39:09,2024-05-24 08:31:57,6,4,0,1,3,0.6667,2020.0
C1302,3513.0,1,7,2024-01-21 18:59:30,2024-01-21 18:59:30,14,4,3,4,5,0.2857,3513.0
C1303,8356.0,3,14,2024-05-24 19:11:56,2024-09-14 03:09:22,10,4,1,2,4,0.4,2785.33
C1304,3067.0,2,13,2024-02-03 10:47:56,2024-08-26 05:29:20,6,1,0,1,3,0.1667,1533.5
C1305,6097.0,3,13,2024-02-20 12:10:36,2024-11-29 14:39:35,21,3,2,3,6,0.1429,2032.33
C1306,21436.0,4,34,2024-01-09 06:16:55,2024-10-06 14:21:18,25,7,3,5,8,0.28,5359.0
C1307,7561.0,4,19,2024-02-03 20:40:08,2024-07-04 20:06:06,28,9,0,2,8,0.3214,1890.25
C1308,9674.0,3,16,2024-03-08 18:30:13,2024-11-26 01:54:55,17,7,1,2,7,0.4118,3224.67
C1309,10093.0,4,17,2024-03-09 18:35:26,2024-09-13 14:38:40,32,8,1,2,10,0.25,2523.25
C1310,2697.0,1,3,2024-11-10 18:28:03,2024-11-10 18:28:03,21,9,1,5,7,0.4286,2697.0
C1311,8298.0,4,12,2024-03-01 23:06:23,2024-08-13 09:31:20,9,0,0,5,3,0.0,2074.5
C1312,7657.0,4,13,2024-02-13 13:10:25,2024-05-24 07:17:51,43,12,2,5,13,0.2791,1914.25
C1313,4363.0,2,7,2024-11-19 11:24:37,2024-12-26 10:17:56,15,3,0,1,3,0.2,2181.5
C1314,7884.0,2,16,2024-10-24 19:24:30,2024-12-10 06:53:50,31,11,1,8,12,0.3548,3942.0
C1315,5477.0,3,13,2024-11-14 23:25:28,2024-12-14 20:35:29,26,5,1,4,8,0.1923,1825.67
C1316,17934.0,6,36,2024-02-09 19:59:06,2024-09-21 01:50:33,15,3,1,1,5,0.2,2989.0
C1317,4796.0,2,4,2024-03-15 06:45:34,2024-07-11 02:24:59,29,7,0,2,7,0.2414,2398.0
C1318,4060.0,2,10,2024-10-30 15:13:08,2024-11-01 19:38:55,20,7,0,3,6,0.35,2030.0
C1319,14115.0,5,35,2024-01-20 06:57:40,2024-09-18 01:05:40,14,6,1,3,5,0.4286,2823.0
C1320,6491.0,1,9,2024-05-01 22:11:31,2024-05-01 22:11:31,32,11,5,1,11,0.3438,6491.0
C1321,2345.0,3,5,2024-06-06 15:11:21,2024-09-21 16:07:05,18,6,1,0,7,0.3333,781.67
C1322,1046.0,1,4,2024-03-04 00:48:15,2024-03-04 00:48:15,17,7,2,3,7,0.4118,1046.0
C1323,1896.0,2,4,2024-02-14 20:52:31,2024-09-22 19:11:34,17,5,0,5,8,0.2941,948.0
C1324,9673.0,3,17,2024-03-14 03:38:35,2024-05-14 15:38:06,19,3,0,5,8,0.1579,3224.33
C1325,387.0,1,3,2024-08-30 08:34:32,2024-08-30 08:34:32,16,3,1,1,4,0.1875,387.0
C1326,1676.0,1,4,2024-05-12 09:18:55,2024-05-12 09:18:55,12,2,0,2,5,0.1667,1676.0
C1327,799.0,1,1,2024-10-07 08:48:20,2024-10-07 08:48:20,10,1,1,2,4,0.1,799.0
C1328,17092.0,5,28,2024-02-23 06:57:14,2024-11-20 04:24:01,20,10,2,1,7,0.5,3418.4
C1329,12305.0,5,25,2024-01-01 03:17:45,2024-06-07 00:18:41,8,2,0,2,3,0.25,2461.0
C1330,20697.0,7,33,2024-01-16 14:01:44,2024-12-12 05:30:18,28,9,1,2,8,0.3214,2956.71
C1331,22231.0,6,39,2024-01-28 11:58:54,2024-12-17 08:11:31,16,5,0,2,5,0.3125,3705.17
C1332,2347.0,2,3,2024-01-13 22:18:31,2024-03-30 01:46:45,22,3,2,1,6,0.1364,1173.5
C1333,5397.0,1,3,2024-07-18 16:20:21,2024-07-18 16:20:21,21,8,0,3,7,0.381,5397.0
C1334,9906.0,4,14,2024-05-15 02:13:48,2024-11-09 09:43:30,11,2,0,2,5,0.1818,2476.5
C1335,19287.0,4,33,2024-01-10 09:58:25,2024-11-19 06:06:09,20,4,3,3,6,0.2,4821.75
C1336,5292.0,2,8,2024-03-20 18:53:34,2024-08-30 15:10:08,11,6,1,3,4,0.5455,2646.0
C1337,5652.0,5,18,2024-01-03 13:13:33,2024-11-20 02:53:52,14,3,1,3,5,0.2143,1130.4
C1338,3197.0,1,3,2024-07-11 11:15:06,2024-07-11 11:15:06,20,8,7,2,10,0.4,3197.0
C1339,17558.0,4,22,2024-02-13 16:59:28,2024-11-17 09:55:11,31,7,2,2,9,0.2258,4389.5
C1340,16777.0,4,23,2024-02-21 06:26:34,2024-11-08 08:35:14,19,5,1,0,5,0.2632,4194.25
C1341,6450.0,4,10,2024-04-27 15:31:16,2024-10-14 10:41:55,11,5,1,0,3,0.4545,1612.5
C1342,9559.0,3,21,2024-04-30 18:15:27,2024-12-09 14:00:13,12,2,0,0,3,0.1667,3186.33
C1343,0.0,0,0,,,13,5,1,1,5,0.3846,0.0
C1344,16358.0,4,22,2024-02-16 11:29:32,2024-11-18 06:05:34,23,6,2,3,8,0.2609,4089.5
C1345,13983.0,3,17,2024-01-31 06:24:37,2024-06-15 10:07:55,15,4,1,2,5,0.2667,4661.0
C1346,10093.0,2,7,2024-04-01 06:28:02,2024-04-23 07:59:16,21,7,1,4,8,0.3333,5046.5
C1347,10817.0,2,13,2024-05-13 14:29:56,2024-05-28 03:51:04,9,5,1,2,7,0.5556,5408.5
C1348,11479.0,5,21,2024-01-12 04:03:29,2024-12-22 17:03:20,37,8,1,5,10,0.2162,2295.8
C1349,5793.0,2,7,2024-03-06 17:34:24,2024-10-26 21:08:52,23,7,2,5,6,0.3043,2896.5
C1350,3416.0,1,4,2024-12-11 06:36:49,2024-12-11 06:36:49,35,14,1,4,9,0.4,3416.0
C1351,4322.0,2,8,2024-03-07 03:24:54,2024-08-25 16:07:46,13,5,0,0,4,0.3846,2161.0
C1352,11193.0,7,27,2024-01-04 14:12:49,2024-10-03 19:13:22,9,4,0,1,3,0.4444,1599.0
C1353,12113.0,3,17,2024-06-07 16:22:09,2024-09-26 07:29:53,30,8,1,8,8,0.2667,4037.67
C1354,3335.0,3,15,2024-03-14 17:30:23,2024-06-28 00:25:59,14,3,2,5,7,0.2143,1111.67
C1355,20266.0,5,24,2024-01-11 17:44:59,2024-10-25 14:40:31,27,4,3,4,8,0.1481,4053.2
C1356,9643.0,4,17,2024-03-07 16:42:21,2024-08-31 22:34:29,37,12,2,11,12,0.3243,2410.75
C1357,9454.0,3,16,2024-06-06 23:36:48,2024-09-22 19:24:18,12,0,1,3,4,0.0,3151.33
C1358,1199.0,1,1,2024-10-23 03:41:14,2024-10-23 03:41:14,25,10,4,3,9,0.4,1199.0
C1359,7003.0,3,7,2024-04-25 06:40:48,2024-07-09 14:08:42,3,2,2,2,4,0.6667,2334.33
C1360,3502.0,5,8,2024-02-10 08:52:30,2024-11-22 11:41:30,14,2,2,2,5,0.1429,700.4
C1361,0.0,0,0,,,21,7,1,4,7,0.3333,0.0
C1362,1317.0,1,3,2024-10-12 00:45:19,2024-10-12 00:45:19,13,4,1,1,5,0.3077,1317.0
C1363,11264.0,4,16,2024-01-09 04:25:33,2024-11-28 04:42:33,33,9,4,3,11,0.2727,2816.0
C1364,16859.0,5,21,2024-03-11 12:30:39,2024-12-16 05:16:04,10,3,3,2,4,0.3,3371.8
C1365,8530.0,2,10,2024-01-26 21:37:48,2024-03-19 20:14:23,19,6,2,3,9,0.3158,4265.0
C1366,399.0,1,1,2024-08-05 21:18:44,2024-08-05 21:18:44,24,6,1,2,7,0.25,399.0
C1367,6403.0,2,7,2024-04-08 19:13:32,2024-09-15 17:57:00,35,13,1,5,11,0.3714,3201.5
C1368,15359.0,4,21,2024-07-31 11:40:39,2024-12-25 17:01:20,7,2,1,1,3,0.2857,3839.75
C1369,25476.0,7,34,2024-03-20 13:35:07,2024-12-18 23:46:40,17,6,0,1,5,0.3529,3639.43
C1370,15948.0,4,22,2024-01-31 16:32:03,2024-11-20 21:04:04,5,2,0,1,1,0.4,3987.0
C1371,16192.0,4,18,2024-02-09 09:46:37,2024-12-16 23:24:50,5,3,0,3,4,0.6,4048.0
C1372,11216.0,5,14,2024-03-03 00:21:15,2024-08-09 01:14:28,13,4,0,2,6,0.3077,2243.2
C1373,8041.0,3,9,2024-03-04 03:46:24,2024-11-26 00:22:12,23,11,2,2,7,0.4783,2680.33
C1374,8696.0,2,14,2024-01-18 16:39:38,2024-07-20 16:58:28,23,6,1,4,9,0.2609,4348.0
C1375,4394.0,2,6,2024-06-09 12:11:26,2024-08-25 00:35:30,24,6,2,5,8,0.25,2197.0
C1376,2029.0,2,11,2024-10-14 14:03:50,2024-11-22 19:02:33,18,6,0,2,6,0.3333,1014.5
C1377,18824.0,5,36,2024-03-06 01:05:34,2024-12-24 10:20:57,13,2,2,0,4,0.1538,3764.8
C1378,13857.0,3,13,2024-06-26 03:57:59,2024-11-21 22:20:11,13,6,0,0,3,0.4615,4619.0
C1379,3244.0,2,6,2024-07-27 13:57:45,2024-12-29 14:09:30,10,3,1,2,4,0.3,1622.0
C1380,3509.0,2,11,2024-01-09 17:31:52,2024-12-19 07:20:54,11,6,0,4,6,0.5455,1754.5
C1381,8713.0,3,17,2024-02-09 09:08:45,2024-09-03 04:06:35,11,5,1,2,6,0.4545,2904.33
C1382,2939.0,3,11,2024-05-04 04:26:29,2024-06-02 01:45:03,26,5,3,5,7,0.1923,979.67
C1383,7458.0,4,12,2024-02-16 09:18:21,2024-12-01 13:56:37,20,6,1,2,7,0.3,1864.5
C1384,10523.0,5,17,2024-02-07 09:24:03,2024-07-31 16:07:08,4,1,0,1,2,0.25,2104.6
C1385,6193.0,2,7,2024-05-25 02:58:44,2024-07-21 06:01:49,17,1,1,2,6,0.0588,3096.5
C1386,32719.0,7,51,2024-05-02 14:06:11,2024-11-27 10:34:30,8,7,2,1,3,0.875,4674.14
C1387,12379.0,5,21,2024-02-13 18:45:46,2024-08-26 11:39:16,12,3,0,0,3,0.25,2475.8
C1388,12670.0,5,20,2024-02-01 04:54:51,2024-07-22 05:51:29,29,1,2,4,10,0.0345,2534.0
C1389,7992.0,1,8,2024-12-01 01:15:51,2024-12-01 01:15:51,11,4,0,1,3,0.3636,7992.0
C1390,9388.0,2,12,2024-01-09 10:16:17,2024-09-28 11:26:48,14,4,1,2,4,0.2857,4694.0
C1391,12966.0,4,14,2024-03-16 22:49:14,2024-12-09 02:37:57,13,6,0,1,5,0.4615,3241.5
C1392,1798.0,1,2,2024-04-06 17:59:56,2024-04-06 17:59:56,9,1,0,3,4,0.1111,1798.0
C1393,13567.0,2,13,2024-08-03 14:37:35,2024-08-14 14:08:03,16,6,2,5,8,0.375,6783.5
C1394,4175.0,2,5,2024-07-24 22:19:12,2024-10-21 03:57:12,26,6,4,3,8,0.2308,2087.5
C1395,5678.0,4,12,2024-02-21 00:57:14,2024-11-19 23:07:53,19,2,0,2,5,0.1053,1419.5
C1396,11639.0,2,11,2024-11-01 22:40:46,2024-11-17 02:32:22,16,6,2,3,6,0.375,5819.5
C1397,26270.0,5,30,2024-01-06 12:13:49,2024-12-14 15:30:37,10,4,0,2,4,0.4,5254.0
C1398,19512.0,6,18,2024-01-28 01:01:14,2024-12-10 03:20:18,13,4,1,1,5,0.3077,3252.0
C1399,7070.0,3,10,2024-04-14 12:57:53,2024-11-04 10:55:04,29,11,0,4,8,0.3793,2356.67
C1400,6295.0,2,5,2024-01-18 18:48:50,2024-12-07 13:13:43,11,2,1,3,6,0.1818,3147.5
C1401,7490.0,3,10,2024-01-27 08:04:21,2024-09-06 22:48:21,11,6,2,2,5,0.5455,2496.67
C1402,1796.0,1,4,2024-09-16 00:10:34,2024-09-16 00:10:34,18,8,1,1,6,0.4444,1796.0
C1403,17230.0,4,20,2024-01-17 23:51:11,2024-11-26 17:03:37,28,4,5,4,12,0.1429,4307.5
C1404,11514.0,6,16,2024-02-07 17:28:55,2024-12-11 00:33:58,17,4,1,4,4,0.2353,1919.0
C1405,21383.0,5,27,2024-01-23 16:45:00,2024-12-17 18:49:23,14,9,0,2,5,0.6429,4276.6
C1406,7093.0,2,7,2024-10-11 10:58:28,2024-11-30 13:34:03,19,7,1,3,5,0.3684,3546.5
C1407,17195.0,4,25,2024-06-17 23:35:25,2024-08-19 21:31:40,25,3,2,5,10,0.12,4298.75
C1408,1498.0,1,2,2024-03-21 03:44:55,2024-03-21 03:44:55,8,1,0,2,2,0.125,1498.0
C1409,23003.0,6,27,2024-03-06 04:49:26,2024-12-23 13:50:27,27,4,1,6,8,0.1481,3833.83
C1410,2832.0,1,8,2024-06-28 20:32:30,2024-06-28 20:32:30,0,0,0,0,0,0.0,2832.0
C1411,8951.0,2,9,2024-04-15 08:18:26,2024-09-26 16:14:43,16,4,2,2,4,0.25,4475.5
C1412,0.0,0,0,,,24,7,0,3,10,0.2917,0.0
C1413,19761.0,9,29,2024-04-03 13:34:13,2024-12-31 04:19:02,11,3,3,1,5,0.2727,2195.67
C1414,4035.0,2,5,2024-01-08 12:46:41,2024-03-27 18:46:13,27,5,1,3,7,0.1852,2017.5
C1415,8164.0,3,16,2024-03-22 14:37:14,2024-10-07 15:37:53,5,1,1,4,3,0.2,2721.33
C1416,18202.0,4,18,2024-03-20 23:01:16,2024-10-24 11:15:09,20,7,3,2,8,0.35,4550.5
C1417,4799.0,3,11,2024-06-22 16:05:12,2024-09-24 13:55:23,9,8,2,5,5,0.8889,1599.67
C1418,26009.0,6,41,2024-05-12 16:13:14,2024-12-05 08:32:50,17,3,3,5,6,0.1765,4334.83
C1419,4361.0,2,9,2024-06-27 23:53:31,2024-10-03 16:51:32,6,2,1,0,3,0.3333,2180.5
C1420,11566.0,5,14,2024-01-07 11:00:20,2024-10-28 19:59:20,27,5,2,4,8,0.1852,2313.2
C1421,9490.0,2,10,2024-02-27 11:04:44,2024-12-14 10:43:31,17,7,3,4,8,0.4118,4745.0
C1422,14804.0,4,16,2024-06-15 18:10:30,2024-11-26 10:19:36,11,0,0,2,4,0.0,3701.0
C1423,6409.0,3,11,2024-05-29 03:46:15,2024-12-09 03:27:45,10,3,3,2,4,0.3,2136.33
C1424,5793.0,2,7,2024-08-27 09:47:37,2024-10-29 08:24:25,23,5,2,2,5,0.2174,2896.5
C1425,10517.0,4,13,2024-01-23 10:20:31,2024-11-28 21:46:30,13,4,2,2,5,0.3077,2629.25
C1426,2650.0,3,10,2024-01-24 03:06:06,2024-10-11 10:29:06,12,4,2,5,4,0.3333,883.33
C1427,8108.0,3,22,2024-02-09 01:23:42,2024-09-14 21:30:54,19,4,5,1,7,0.2105,2702.67
C1428,17298.0,7,22,2024-02-10 02:07:36,2024-12-21 16:22:58,17,3,1,4,5,0.1765,2471.14
C1429,11500.0,3,20,2024-01-05 02:46:42,2024-10-01 01:23:38,22,3,1,0,4,0.1364,3833.33
C1430,15569.0,7,21,2024-01-07 10:28:07,2024-11-24 02:36:36,30,4,2,2,8,0.1333,2224.14
C1431,6096.0,1,4,2024-05-03 12:53:47,2024-05-03 12:53:47,17,8,2,2,7,0.4706,6096.0
C1432,10807.0,2,13,2024-08-24 19:51:52,2024-09-18 10:36:43,12,4,0,1,4,0.3333,5403.5
C1433,11975.0,5,25,2024-02-04 16:28:33,2024-12-01 15:18:40,12,5,2,3,4,0.4167,2395.0
C1434,7964.0,4,16,2024-02-20 18:50:44,2024-09-20 06:45:36,18,13,2,4,9,0.7222,1991.0
C1435,4853.0,2,7,2024-03-30 08:20:41,2024-08-04 17:34:20,11,8,0,2,4,0.7273,2426.5
C1436,7614.0,3,16,2024-08-15 22:49:04,2024-11-28 16:18:57,23,9,3,2,8,0.3913,2538.0
C1437,5970.0,3,10,2024-01-02 16:49:00,2024-11-26 14:31:58,21,1,2,4,7,0.0476,1990.0
C1438,2526.0,1,4,2024-12-16 13:17:38,2024-12-16 13:17:38,17,5,1,2,6,0.2941,2526.0
C1439,6410.0,3,10,2024-02-23 16:49:11,2024-06-13 17:12:01,20,8,1,1,7,0.4,2136.67
C1440,8689.0,3,11,2024-05-08 06:26:37,2024-12-14 18:09:54,11,6,2,0,4,0.5455,2896.33
C1441,25491.0,7,29,2024-03-18 17:27:33,2024-11-19 10:28:31,19,9,1,3,5,0.4737,3641.57
C1442,0.0,0,0,,,16,4,0,1,5,0.25,0.0
C1443,15035.0,4,15,2024-03-12 18:14:18,2024-07-09 00:10:24,22,6,4,4,7,0.2727,3758.75
C1444,8792.0,2,8,2024-01-04 03:01:51,2024-12-10 15:23:33,28,6,0,4,8,0.2143,4396.0
C1445,17153.0,5,27,2024-07-13 09:02:16,2024-11-24 03:39:15,11,2,1,2,3,0.1818,3430.6
C1446,2150.0,4,10,2024-01-07 03:57:43,2024-11-08 19:15:25,16,3,3,2,7,0.1875,537.5
C1447,13747.0,4,23,2024-01-15 10:11:14,2024-11-10 21:59:51,0,1,0,0,1,0.0,3436.75
C1448,9744.0,1,6,2024-03-24 00:30:12,2024-03-24 00:30:12,18,7,3,3,6,0.3889,9744.0
C1449,1998.0,1,2,2024-08-31 12:06:36,2024-08-31 12:06:36,22,8,4,8,7,0.3636,1998.0
C1450,16637.0,6,33,2024-03-28 10:21:17,2024-10-15 05:45:14,26,6,0,4,9,0.2308,2772.83
C1451,6234.0,3,16,2024-02-20 04:22:27,2024-08-20 21:36:42,5,5,0,3,4,1.0,2078.0
C1452,16181.0,4,19,2024-03-09 15:56:01,2024-11-20 20:20:48,9,4,0,2,5,0.4444,4045.25
C1453,3972.0,3,8,2024-06-03 14:54:17,2024-11-09 02:58:58,0,2,0,0,2,0.0,1324.0
C1454,4394.0,2,6,2024-08-31 10:33:01,2024-11-02 07:57:01,13,3,0,0,4,0.2308,2197.0
C1455,16078.0,7,22,2024-01-11 09:52:47,2024-10-03 17:14:38,15,5,1,4,5,0.3333,2296.86
C1456,20667.0,7,33,2024-01-09 18:06:40,2024-11-10 03:08:26,10,2,0,2,3,0.2,2952.43
C1457,26502.0,5,28,2024-04-23 17:08:11,2024-12-04 16:25:32,0,0,0,0,0,0.0,5300.4
C1458,11384.0,6,16,2024-03-10 02:29:02,2024-12-01 15:59:29,12,8,0,3,5,0.6667,1897.33
C1459,35771.0,6,39,2024-02-17 14:02:26,2024-12-06 22:29:20,2,1,0,0,1,0.5,5961.83
C1460,0.0,0,0,,,23,8,3,3,8,0.3478,0.0
C1461,1798.0,1,2,2024-12-24 04:12:42,2024-12-24 04:12:42,29,7,3,2,10,0.2414,1798.0
C1462,9347.0,5,23,2024-01-10 20:42:19,2024-11-17 19:25:55,1,1,0,1,1,1.0,1869.4
C1463,2627.0,2,3,2024-09-24 02:04:08,2024-10-05 14:31:20,32,7,3,4,12,0.2188,1313.5
C1464,7017.0,4,13,2024-05-12 16:49:45,2024-12-25 03:00:23,23,8,1,4,9,0.3478,1754.25
C1465,5720.0,3,10,2024-09-06 21:22:45,2024-11-10 13:51:31,25,10,3,3,10,0.4,1906.67
C1466,8390.0,5,20,2024-02-02 15:29:17,2024-12-20 06:35:11,24,13,5,4,8,0.5417,1678.0
C1467,16444.0,4,16,2024-09-04 04:58:51,2024-12-12 04:11:35,3,5,2,2,3,1.6667,4111.0
C1468,1395.0,3,5,2024-03-17 08:52:35,2024-09-05 13:16:00,13,4,0,4,4,0.3077,465.0
C1469,617.0,1,3,2024-06-17 01:10:44,2024-06-17 01:10:44,32,5,0,4,7,0.1562,617.0
C1470,25033.0,4,27,2024-02-23 17:23:50,2024-12-18 20:41:11,19,4,1,6,8,0.2105,6258.25
C1471,36246.0,8,34,2024-02-27 13:01:25,2024-12-24 15:55:11,10,5,0,1,3,0.5,4530.75
C1472,9327.0,4,13,2024-03-11 13:27:51,2024-08-20 20:47:02,26,6,3,2,8,0.2308,2331.75
C1473,10015.0,2,15,2024-10-30 12:28:45,2024-11-23 20:13:11,23,7,2,2,7,0.3043,5007.5
C1474,5575.0,2,5,2024-07-27 14:15:50,2024-09-08 06:46:28,10,2,0,2,5,0.2,2787.5
C1475,18746.0,4,24,2024-05-16 20:58:17,2024-11-19 06:33:57,15,9,1,0,6,0.6,4686.5
C1476,12236.0,4,14,2024-04-14 18:50:08,2024-09-28 11:20:29,6,3,0,1,4,0.5,3059.0
C1477,0.0,0,0,,,26,6,1,5,7,0.2308,0.0
C1478,2996.0,2,4,2024-04-21 13:32:08,2024-08-03 19:21:13,18,4,0,3,5,0.2222,1498.0
C1479,14530.0,4,20,2024-02-29 08:43:35,2024-10-02 21:51:28,19,1,0,2,5,0.0526,3632.5
C1480,3971.0,3,9,2024-01-06 02:21:40,2024-08-14 23:43:46,27,20,4,11,11,0.7407,1323.67
C1481,7994.0,1,6,2024-11-29 22:19:31,2024-11-29 22:19:31,19,7,0,3,7,0.3684,7994.0
C1482,6926.0,4,14,2024-01-27 01:27:11,2024-08-31 01:04:43,6,1,1,3,2,0.1667,1731.5
C1483,11038.0,6,12,2024-03-22 23:15:17,2024-12-15 07:15:04,15,12,0,4,8,0.8,1839.67
C1484,17996.0,5,24,2024-01-12 15:14:54,2024-12-26 04:22:20,11,3,0,2,5,0.2727,3599.2
C1485,28600.0,7,30,2024-01-18 04:43:01,2024-12-24 04:16:13,19,5,0,2,8,0.2632,4085.71
C1486,1324.0,2,6,2024-02-01 12:27:14,2024-07-20 14:21:34,17,4,0,2,6,0.2353,662.0
C1487,12915.0,4,15,2024-08-17 19:29:49,2024-11-27 03:55:42,13,4,1,1,3,0.3077,3228.75
C1488,6122.0,2,8,2024-01-30 17:43:03,2024-07-28 22:32:37,20,10,5,3,11,0.5,3061.0
C1489,6196.0,1,4,2024-05-13 16:45:12,2024-05-13 16:45:12,11,1,0,4,4,0.0909,6196.0
C1490,198.0,1,2,2024-12-23 23:11:54,2024-12-23 23:11:54,20,6,1,8,8,0.3,198.0
C1491,6305.0,3,15,2024-03-05 17:04:41,2024-03-29 12:54:46,10,3,1,2,4,0.3,2101.67
C1492,21762.0,5,28,2024-01-13 10:10:27,2024-11-10 03:28:28,22,10,5,4,7,0.4545,4352.4
C1493,25226.0,4,24,2024-01-15 13:54:26,2024-08-06 16:43:07,4,3,0,0,2,0.75,6306.5
C1494,18719.0,4,21,2024-02-28 18:53:06,2024-10-31 19:39:57,19,4,0,5,5,0.2105,4679.75
C1495,4620.0,1,10,2024-11-19 13:59:19,2024-11-19 13:59:19,28,5,0,1,7,0.1786,4620.0
C1496,13380.0,4,20,2024-04-05 07:22:37,2024-11-19 07:37:32,5,5,0,1,3,1.0,3345.0
C1497,17752.0,4,18,2024-08-21 00:42:43,2024-12-13 18:49:16,25,5,1,3,7,0.2,4438.0
C1498,3343.0,1,7,2024-01-19 18:04:34,2024-01-19 18:04:34,22,5,0,0,9,0.2273,3343.0
C1499,14218.0,6,22,2024-03-14 12:55:18,2024-12-05 21:47:09,15,6,0,4,6,0.4,2369.67
C1500,4223.0,2,7,2024-03-17 01:41:18,2024-07-20 00:52:16,23,7,0,3,6,0.3043,2111.5
C1501,18051.0,4,19,2024-01-30 12:38:23,2024-12-23 22:12:45,13,3,2,3,6,0.2308,4512.75
C1502,25880.0,5,30,2024-02-21 09:29:57,2024-07-30 11:21:30,16,1,1,5,5,0.0625,5176.0
C1503,1725.0,2,5,2024-05-25 06:10:16,2024-10-23 10:11:08,26,7,1,7,7,0.2692,862.5
C1504,16411.0,8,29,2024-02-03 03:18:54,2024-12-24 04:56:35,5,3,1,1,3,0.6,2051.38
C1505,0.0,0,0,,,29,8,2,4,9,0.2759,0.0
C1506,1148.0,1,2,2024-04-20 21:31:31,2024-04-20 21:31:31,9,6,1,5,5,0.6667,1148.0
C1507,9239.0,6,21,2024-02-24 08:04:27,2024-09-26 10:38:24,34,3,1,3,9,0.0882,1539.83
C1508,7241.0,3,9,2024-11-13 08:00:29,2024-12-31 09:14:56,11,3,0,1,3,0.2727,2413.67
C1509,3474.0,2,6,2024-03-04 09:51:17,2024-03-23 05:31:52,25,10,2,1,8,0.4,1737.0
C1510,7474.0,4,16,2024-01-04 01:39:14,2024-10-09 07:43:26,13,0,1,2,4,0.0,1868.5
C1511,13260.0,6,20,2024-02-04 16:13:08,2024-11-22 22:38:43,5,1,0,0,2,0.2,2210.0
C1512,0.0,0,0,,,6,5,0,0,2,0.8333,0.0
C1513,16191.0,3,19,2024-05-26 00:23:52,2024-12-21 16:03:19,17,5,2,2,6,0.2941,5397.0
C1514,5138.0,3,12,2024-02-17 10:13:11,2024-12-31 20:37:59,11,4,1,0,4,0.3636,1712.67
C1515,21859.0,8,41,2024-03-26 16:12:34,2024-12-23 18:07:46,7,7,2,2,4,1.0,2732.38
C1516,0.0,0,0,,,28,3,0,1,7,0.1071,0.0
C1517,7551.0,1,9,2024-09-14 18:13:53,2024-09-14 18:13:53,2,0,1,1,1,0.0,7551.0
C1518,7287.0,3,13,2024-03-26 11:05:48,2024-10-09 22:01:58,15,7,1,2,6,0.4667,2429.0
C1519,11771.0,2,9,2024-11-26 06:42:00,2024-12-07 22:50:02,14,3,1,8,5,0.2143,5885.5
C1520,2296.0,1,4,2024-04-25 11:14:21,2024-04-25 11:14:21,22,2,3,3,8,0.0909,2296.0
C1521,6895.0,3,15,2024-03-08 18:37:14,2024-12-02 15:33:03,34,4,3,3,9,0.1176,2298.33
C1522,418.0,1,2,2024-03-31 18:29:58,2024-03-31 18:29:58,22,2,0,4,6,0.0909,418.0
C1523,5928.0,2,12,2024-03-04 08:06:05,2024-11-05 00:00:42,14,1,1,4,6,0.0714,2964.0
C1524,15751.0,5,19,2024-01-24 00:23:29,2024-12-19 22:29:46,27,7,2,2,7,0.2593,3150.2
C1525,0.0,0,0,,,6,3,1,3,3,0.5,0.0
C1526,9998.0,3,12,2024-03-14 05:10:53,2024-05-24 11:00:35,16,1,0,1,3,0.0625,3332.67
C1527,3995.0,2,5,2024-08-09 22:45:10,2024-09-14 21:00:23,10,8,1,3,5,0.8,1997.5
C1528,7638.0,3,12,2024-07-16 21:53:39,2024-10-30 07:09:05,7,3,0,0,2,0.4286,2546.0
C1529,15825.0,5,25,2024-07-07 01:22:45,2024-12-22 05:13:00,33,8,2,6,11,0.2424,3165.0
C1530,8859.0,3,11,2024-01-15 06:15:54,2024-11-24 11:24:15,5,2,1,0,1,0.4,2953.0
C1531,3747.0,1,3,2024-01-28 17:13:48,2024-01-28 17:13:48,7,0,0,0,2,0.0,3747.0
C1532,10198.0,2,12,2024-04-18 14:35:55,2024-06-07 02:39:59,23,8,3,2,8,0.3478,5099.0
C1533,7552.0,2,8,2024-01-25 02:54:21,2024-02-12 09:28:38,8,3,0,1,3,0.375,3776.0
C1534,6469.0,2,11,2024-04-30 18:53:59,2024-05-15 08:49:46,13,8,3,6,5,0.6154,3234.5
C1535,3996.0,1,4,2024-06-28 10:28:56,2024-06-28 10:28:56,22,7,0,1,7,0.3182,3996.0
C1536,5238.0,2,12,2024-01-29 14:07:54,2024-05-27 06:43:46,29,8,2,3,10,0.2759,2619.0
C1537,10089.0,2,11,2024-03-31 18:38:26,2024-08-18 21:24:09,6,3,0,2,3,0.5,5044.5
C1538,5570.0,2,10,2024-09-22 23:14:51,2024-10-02 10:06:17,8,9,0,0,6,1.125,2785.0
C1539,14381.0,4,19,2024-06-11 11:05:44,2024-08-02 02:00:51,38,10,2,4,11,0.2632,3595.25
C1540,12169.0,4,21,2024-01-12 13:39:16,2024-11-23 04:05:51,13,2,1,0,4,0.1538,3042.25
C1541,10326.0,4,14,2024-07-10 04:21:02,2024-10-27 20:34:14,13,4,2,1,5,0.3077,2581.5
C1542,10138.0,2,12,2024-05-18 00:21:51,2024-09-11 17:44:32,10,1,0,0,4,0.1,5069.0
C1543,6985.0,3,15,2024-06-11 11:29:21,2024-11-17 06:30:02,26,9,3,6,10,0.3462,2328.33
C1544,5590.0,3,10,2024-05-21 20:40:43,2024-12-02 20:46:40,12,4,1,2,5,0.3333,1863.33
C1545,13466.0,1,14,2024-08-14 11:40:59,2024-08-14 11:40:59,16,5,2,0,5,0.3125,13466.0
C1546,4163.0,3,7,2024-03-21 19:38:28,2024-08-04 21:44:21,21,7,4,0,7,0.3333,1387.67
C1547,19824.0,6,26,2024-03-09 12:09:12,2024-09-17 01:42:09,9,5,0,3,4,0.5556,3304.0
C1548,5381.0,2,9,2024-02-04 15:40:36,2024-07-28 21:16:42,32,8,3,4,10,0.25,2690.5
C1549,16324.0,5,26,2024-07-21 04:54:35,2024-11-24 01:33:19,18,3,0,4,7,0.1667,3264.8
C1550,20951.0,7,29,2024-03-09 20:47:11,2024-11-28 11:54:07,14,6,0,1,7,0.4286,2993.0
C1551,3796.0,1,4,2024-02-11 13:23:42,2024-02-11 13:23:42,18,6,0,2,6,0.3333,3796.0
C1552,17721.0,3,19,2024-01-15 22:23:39,2024-07-06 13:13:35,13,13,1,0,7,1.0,5907.0
C1553,5849.0,1,11,2024-01-27 02:39:15,2024-01-27 02:39:15,17,4,0,4,7,0.2353,5849.0
C1554,7059.0,2,11,2024-09-22 12:56:44,2024-12-29 04:45:07,26,8,1,3,6,0.3077,3529.5
C1555,0.0,0,0,,,20,5,0,1,5,0.25,0.0
C1556,17424.0,3,16,2024-01-11 14:25:16,2024-04-09 01:32:46,12,3,2,1,3,0.25,5808.0
C1557,2066.0,2,4,2024-08-29 17:59:58,2024-11-01 16:35:12,26,8,2,2,6,0.3077,1033.0
C1558,21958.0,3,22,2024-02-11 09:55:13,2024-12-26 08:22:53,15,4,0,4,5,0.2667,7319.33
C1559,10414.0,4,16,2024-03-01 13:59:02,2024-10-21 14:55:17,24,9,0,3,7,0.375,2603.5
C1560,3181.0,2,9,2024-06-06 04:41:28,2024-12-16 20:29:19,15,2,0,1,5,0.1333,1590.5
C1561,6880.0,5,10,2024-04-06 03:01:39,2024-10-18 22:09:36,26,6,4,5,7,0.2308,1376.0
C1562,23848.0,5,32,2024-03-19 20:09:46,2024-10-19 13:31:12,22,5,3,1,6,0.2273,4769.6
C1563,4744.0,2,6,2024-07-30 00:58:45,2024-11-12 15:03:49,44,7,2,3,12,0.1591,2372.0
C1564,5150.0,4,10,2024-02-05 21:59:11,2024-10-11 05:50:33,8,3,0,2,3,0.375,1287.5
C1565,15073.0,4,17,2024-02-12 01:56:56,2024-10-24 19:29:13,28,8,1,3,11,0.2857,3768.25
C1566,3943.0,2,7,2024-04-30 20:29:04,2024-11-08 13:46:43,16,3,5,3,7,0.1875,1971.5
C1567,1997.0,1,3,2024-02-23 08:13:28,2024-02-23 08:13:28,14,3,1,1,4,0.2143,1997.0
C1568,20890.0,5,20,2024-01-03 22:44:35,2024-11-25 23:38:56,30,7,1,5,8,0.2333,4178.0
C1569,15085.0,4,15,2024-06-11 15:47:27,2024-08-25 10:16:24,22,8,4,3,6,0.3636,3771.25
C1570,4643.0,2,7,2024-08-08 07:02:53,2024-12-20 22:54:39,6,1,3,1,3,0.1667,2321.5
C1571,15026.0,7,24,2024-04-17 17:30:55,2024-12-05 11:38:08,20,9,2,6,8,0.45,2146.57
C1572,8537.0,1,13,2024-07-07 22:32:30,2024-07-07 22:32:30,3,0,0,1,2,0.0,8537.0
C1573,3322.0,1,8,2024-04-11 14:46:49,2024-04-11 14:46:49,16,10,2,1,5,0.625,3322.0
C1574,0.0,0,0,,,17,5,2,4,6,0.2941,0.0
C1575,14912.0,6,28,2024-01-18 01:13:21,2024-12-18 16:58:09,10,3,1,1,4,0.3,2485.33
C1576,8625.0,4,15,2024-01-22 12:43:47,2024-11-22 05:01:10,15,4,0,2,5,0.2667,2156.25
C1577,15299.0,8,21,2024-03-02 06:38:48,2024-12-25 17:09:17,32,9,1,4,7,0.2812,1912.38
C1578,5099.0,2,11,2024-04-24 00:18:40,2024-09-25 05:26:20,26,5,2,2,7,0.1923,2549.5
C1579,2521.0,2,9,2024-06-03 09:30:32,2024-10-27 12:58:15,18,6,2,1,7,0.3333,1260.5
C1580,10885.0,3,15,2024-06-16 02:45:59,2024-12-28 16:48:22,23,9,2,5,7,0.3913,3628.33
C1581,25313.0,4,27,2024-09-02 00:54:19,2024-10-20 02:58:27,12,3,4,1,6,0.25,6328.25
C1582,12829.0,4,21,2024-03-01 23:38:57,2024-12-30 03:08:42,28,7,0,2,5,0.25,3207.25
C1583,12340.0,2,10,2024-05-20 11:00:48,2024-12-01 01:14:10,21,4,0,3,6,0.1905,6170.0
C1584,8115.0,2,15,2024-01-11 21:41:49,2024-05-09 07:53:51,15,6,1,1,4,0.4,4057.5
C1585,10788.0,3,22,2024-03-17 00:46:32,2024-09-22 07:54:14,9,6,0,4,5,0.6667,3596.0
C1586,21042.0,6,38,2024-02-23 23:42:15,2024-08-24 18:27:57,20,14,2,1,7,0.7,3507.0
C1587,10363.0,3,17,2024-05-03 02:44:48,2024-12-16 18:02:03,18,11,2,7,6,0.6111,3454.33
C1588,6314.0,5,16,2024-08-06 06:36:16,2024-12-18 14:59:30,14,9,1,0,6,0.6429,1262.8
C1589,18497.0,5,33,2024-06-04 02:57:07,2024-12-15 15:54:38,19,2,2,0,5,0.1053,3699.4
C1590,37066.0,6,44,2024-04-18 22:58:15,2024-12-24 16:52:30,18,3,1,2,6,0.1667,6177.67
C1591,897.0,1,3,2024-08-20 07:49:48,2024-08-20 07:49:48,14,2,0,2,4,0.1429,897.0
C1592,15351.0,6,29,2024-02-04 08:05:48,2024-10-28 08:59:55,28,6,2,6,9,0.2143,2558.5
C1593,5903.0,2,7,2024-04-05 12:55:54,2024-11-09 16:18:26,38,9,2,5,10,0.2368,2951.5
C1594,5072.0,2,8,2024-12-12 07:58:00,2024-12-15 13:06:02,27,6,1,9,7,0.2222,2536.0
C1595,6881.0,3,19,2024-01-29 04:02:36,2024-08-05 18:17:15,42,9,3,3,10,0.2143,2293.67
C1596,9235.0,2,15,2024-08-12 14:09:16,2024-11-27 18:53:46,4,3,0,1,2,0.75,4617.5
C1597,0.0,0,0,,,21,7,0,3,6,0.3333,0.0
C1598,5972.0,2,8,2024-02-24 21:46:11,2024-09-15 22:11:30,15,3,0,4,5,0.2,2986.0
C1599,7435.0,4,15,2024-01-10 23:09:42,2024-11-25 11:05:49,22,2,0,2,6,0.0909,1858.75
C1600,11055.0,2,15,2024-01-06 18:14:44,2024-09-05 00:26:59,17,3,1,4,7,0.1765,5527.5
C1601,6462.0,2,8,2024-02-06 02:02:12,2024-02-17 23:07:43,38,9,6,7,11,0.2368,3231.0
C1602,6023.0,2,7,2024-01-19 05:26:05,2024-04-15 11:24:41,15,4,1,3,5,0.2667,3011.5
C1603,3594.0,2,6,2024-05-15 22:00:23,2024-06-06 14:54:55,27,11,2,2,8,0.4074,1797.0
C1604,1199.0,1,1,2024-02-25 16:41:54,2024-02-25 16:41:54,19,5,3,2,7,0.2632,1199.0
C1605,5193.0,1,7,2024-08-10 20:48:17,2024-08-10 20:48:17,12,3,1,1,4,0.25,5193.0
C1606,4703.0,1,7,2024-07-09 02:10:07,2024-07-09 02:10:07,19,3,2,3,7,0.1579,4703.0
C1607,7864.0,4,16,2024-01-03 20:15:14,2024-10-20 06:06:50,30,7,2,7,10,0.2333,1966.0
C1608,17805.0,5,25,2024-05-13 20:37:03,2024-12-07 10:39:30,30,11,2,6,10,0.3667,3561.0
C1609,17227.0,5,33,2024-07-05 13:04:50,2024-09-28 19:33:56,18,5,2,4,6,0.2778,3445.4
C1610,4677.0,2,13,2024-05-17 10:33:44,2024-12-28 22:23:53,20,3,2,1,6,0.15,2338.5
C1611,11863.0,3,17,2024-03-18 07:52:06,2024-12-21 15:56:27,3,0,0,0,2,0.0,3954.33
C1612,19099.0,4,21,2024-03-18 22:23:26,2024-11-04 10:56:33,6,5,2,1,4,0.8333,4774.75
C1613,3793.0,1,7,2024-02-11 03:40:58,2024-02-11 03:40:58,15,9,0,4,5,0.6,3793.0
C1614,12606.0,5,24,2024-03-26 02:51:49,2024-11-22 16:43:46,13,5,2,1,5,0.3846,2521.2
C1615,6820.0,2,10,2024-05-29 22:49:49,2024-10-26 16:46:58,35,10,2,3,10,0.2857,3410.0
C1616,0.0,0,0,,,16,4,1,2,6,0.25,0.0
C1617,2376.0,2,4,2024-10-01 18:24:01,2024-11-16 14:25:14,23,12,0,2,7,0.5217,1188.0
C1618,19635.0,5,25,2024-02-15 21:56:59,2024-12-21 10:16:08,13,4,0,2,5,0.3077,3927.0
C1619,16362.0,3,18,2024-04-26 10:33:51,2024-08-07 03:49:18,35,11,3,3,9,0.3143,5454.0
C1620,22278.0,9,42,2024-03-02 20:21:16,2024-11-15 23:10:00,53,8,8,6,12,0.1509,2475.33
C1621,23087.0,4,33,2024-07-20 16:58:13,2024-12-15 22:14:55,13,3,4,0,5,0.2308,5771.75
C1622,17405.0,5,25,2024-01-23 05:35:09,2024-12-08 16:24:35,18,6,1,2,5,0.3333,3481.0
C1623,12408.0,4,12,2024-04-02 12:40:17,2024-12-22 08:29:59,14,3,0,2,4,0.2143,3102.0
C1624,3596.0,4,14,2024-02-19 07:04:44,2024-12-21 03:37:24,31,4,2,2,8,0.129,899.0
C1625,7155.0,3,15,2024-08-06 22:42:42,2024-12-31 20:41:19,23,6,1,2,5,0.2609,2385.0
C1626,19446.0,5,24,2024-03-28 09:22:27,2024-09-08 22:28:44,8,1,1,2,3,0.125,3889.2
C1627,10038.0,2,12,2024-01-15 20:51:51,2024-03-26 00:00:52,20,4,1,3,6,0.2,5019.0
C1628,8097.0,5,23,2024-04-10 21:06:20,2024-10-11 06:49:23,11,3,1,0,4,0.2727,1619.4
C1629,20154.0,6,26,2024-01-05 07:55:38,2024-12-19 00:18:56,26,7,3,2,7,0.2692,3359.0
C1630,9737.0,3,13,2024-01-10 04:42:15,2024-07-31 23:55:51,13,10,3,2,7,0.7692,3245.67
C1631,5823.0,3,7,2024-01-15 01:14:27,2024-08-04 23:01:32,13,1,1,8,5,0.0769,1941.0
C1632,14400.0,3,20,2024-03-12 10:47:06,2024-09-23 15:55:39,17,3,1,2,5,0.1765,4800.0
C1633,47231.0,8,49,2024-01-02 22:05:19,2024-10-21 04:58:46,7,3,1,3,2,0.4286,5903.88
C1634,15252.0,4,18,2024-03-02 15:39:19,2024-09-25 21:51:38,28,14,1,6,10,0.5,3813.0
C1635,9364.0,3,16,2024-07-01 19:06:08,2024-11-04 13:50:26,11,1,2,0,3,0.0909,3121.33
C1636,2295.0,3,5,2024-03-14 15:07:08,2024-11-29 17:48:10,16,9,3,0,7,0.5625,765.0
C1637,17637.0,6,23,2024-01-24 00:52:22,2024-09-11 04:48:43,12,6,0,1,3,0.5,2939.5
C1638,8443.0,2,7,2024-05-03 14:15:32,2024-08-24 09:05:22,22,7,2,2,6,0.3182,4221.5
C1639,3895.0,1,5,2024-12-12 04:07:31,2024-12-12 04:07:31,12,1,0,5,6,0.0833,3895.0
C1640,5252.0,2,8,2024-04-26 07:42:35,2024-08-27 15:04:52,17,8,4,3,5,0.4706,2626.0
C1641,399.0,1,1,2024-10-29 00:19:54,2024-10-29 00:19:54,14,6,3,1,9,0.4286,399.0
C1642,7140.0,3,10,2024-05-20 13:10:55,2024-11-17 08:32:59,25,5,0,3,6,0.2,2380.0
C1643,12807.0,2,13,2024-01-23 20:10:22,2024-07-02 05:03:00,26,10,2,2,8,0.3846,6403.5
C1644,26462.0,6,28,2024-03-05 23:06:51,2024-11-27 08:23:14,12,2,0,1,5,0.1667,4410.33
C1645,15534.0,5,26,2024-01-10 01:51:28,2024-10-21 16:10:54,17,10,3,8,7,0.5882,3106.8
C1646,6552.0,4,8,2024-02-22 18:43:10,2024-10-27 13:27:13,27,12,0,1,8,0.4444,1638.0
C1647,10339.0,4,11,2024-03-01 21:07:48,2024-07-22 12:10:31,14,1,2,1,4,0.0714,2584.75
C1648,6330.0,4,10,2024-03-06 03:41:34,2024-09-11 11:36:52,18,3,5,2,6,0.1667,1582.5
C1649,14101.0,3,19,2024-04-28 16:31:56,2024-10-26 04:34:12,29,11,2,3,9,0.3793,4700.33
C1650,8962.0,3,8,2024-04-29 03:47:59,2024-07-31 16:46:57,12,5,0,2,5,0.4167,2987.33
C1651,8487.0,4,13,2024-06-05 14:48:50,2024-08-23 18:47:05,17,5,4,6,6,0.2941,2121.75
C1652,8329.0,3,11,2024-01-06 19:18:34,2024-09-13 03:10:26,22,3,4,3,8,0.1364,2776.33
C1653,28898.0,6,32,2024-03-01 02:25:13,2024-11-14 13:25:17,25,8,1,4,11,0.32,4816.33
C1654,0.0,0,0,,,21,5,2,3,7,0.2381,0.0
C1655,1596.0,1,4,2024-04-14 19:45:45,2024-04-14 19:45:45,18,7,4,4,7,0.3889,1596.0
C1656,0.0,0,0,,,19,3,1,2,5,0.1579,0.0
C1657,2148.0,1,2,2024-12-12 10:35:25,2024-12-12 10:35:25,16,3,2,2,7,0.1875,2148.0
C1658,19536.0,5,24,2024-01-09 22:37:24,2024-12-17 21:33:49,6,1,1,2,3,0.1667,3907.2
C1659,18606.0,5,24,2024-01-20 02:42:37,2024-12-10 21:21:04,23,5,1,5,8,0.2174,3721.2
C1660,0.0,0,0,,,25,7,0,4,7,0.28,0.0
C1661,4695.0,2,5,2024-05-14 23:49:03,2024-11-20 12:53:53,13,2,2,2,4,0.1538,2347.5
C1662,15203.0,4,27,2024-01-02 07:53:08,2024-06-17 01:54:25,22,5,1,3,8,0.2273,3800.75
C1663,23387.0,6,33,2024-05-23 11:04:23,2024-12-13 01:12:56,14,1,0,4,5,0.0714,3897.83
C1664,9037.0,4,13,2024-04-22 09:59:32,2024-11-06 13:20:49,19,7,0,3,7,0.3684,2259.25
C1665,8003.0,2,17,2024-01-02 20:51:27,2024-09-17 11:56:34,7,1,0,4,5,0.1429,4001.5
C1666,10426.0,3,14,2024-01-04 13:01:07,2024-12-01 22:25:28,27,9,3,3,7,0.3333,3475.33
C1667,8508.0,3,12,2024-01-22 00:30:32,2024-10-11 06:44:58,35,9,4,3,10,0.2571,2836.0
C1668,3997.0,1,3,2024-06-06 16:29:55,2024-06-06 16:29:55,8,1,1,2,4,0.125,3997.0
C1669,11027.0,4,13,2024-05-08 05:18:57,2024-11-01 21:17:54,29,6,2,2,8,0.2069,2756.75
C1670,17572.0,4,28,2024-03-19 21:24:47,2024-10-06 01:53:12,17,5,0,3,5,0.2941,4393.0
C1671,10387.0,3,13,2024-03-15 19:01:42,2024-08-13 07:27:46,21,4,1,4,5,0.1905,3462.33
C1672,0.0,0,0,,,18,4,0,2,6,0.2222,0.0
C1673,1598.0,1,2,2024-09-23 12:46:01,2024-09-23 12:46:01,18,6,1,2,6,0.3333,1598.0
C1674,13514.0,4,16,2024-02-03 21:03:12,2024-10-20 12:41:45,11,5,4,5,7,0.4545,3378.5
C1675,2694.0,2,6,2024-06-03 10:31:27,2024-11-24 18:30:07,17,4,1,3,4,0.2353,1347.0
C1676,1867.0,1,3,2024-02-02 11:22:25,2024-02-02 11:22:25,15,2,1,1,5,0.1333,1867.0
C1677,6493.0,3,17,2024-03-14 02:30:53,2024-06-08 16:00:37,10,2,0,1,3,0.2,2164.33
C1678,14879.0,5,21,2024-02-14 16:38:10,2024-09-02 09:33:02,23,5,0,2,8,0.2174,2975.8
C1679,18343.0,5,17,2024-03-01 00:02:23,2024-09-18 10:26:42,24,4,1,2,6,0.1667,3668.6
C1680,3093.0,1,7,2024-02-06 21:12:08,2024-02-06 21:12:08,29,6,0,5,8,0.2069,3093.0
C1681,2140.0,4,10,2024-04-20 05:22:19,2024-11-14 14:47:17,5,2,1,1,2,0.4,535.0
C1682,198.0,1,2,2024-10-21 03:38:40,2024-10-21 03:38:40,18,6,0,4,5,0.3333,198.0
C1683,18919.0,4,21,2024-02-17 06:21:05,2024-06-25 00:27:34,27,10,0,3,10,0.3704,4729.75
C1684,5222.0,2,8,2024-03-30 18:38:51,2024-12-10 11:52:22,16,8,0,2,7,0.5,2611.0
C1685,2581.0,3,9,2024-06-23 15:14:21,2024-09-02 22:27:56,29,2,0,1,8,0.069,860.33
C1686,31096.0,6,24,2024-04-05 21:37:43,2024-12-11 19:08:56,11,5,2,1,5,0.4545,5182.67
C1687,10694.0,4,16,2024-02-20 06:48:54,2024-10-28 06:25:18,16,5,1,1,5,0.3125,2673.5
C1688,6090.0,5,20,2024-02-01 16:44:57,2024-06-10 18:40:43,16,3,3,4,5,0.1875,1218.0
C1689,2943.0,1,7,2024-02-06 11:23:33,2024-02-06 11:23:33,15,7,3,5,7,0.4667,2943.0
C1690,6045.0,3,15,2024-02-02 22:24:54,2024-12-09 08:27:57,37,12,5,4,10,0.3243,2015.0
C1691,7921.0,3,9,2024-03-09 23:55:26,2024-07-19 18:11:53,45,11,5,10,14,0.2444,2640.33
C1692,9987.0,3,13,2024-05-26 01:28:22,2024-09-28 07:25:40,17,7,2,5,6,0.4118,3329.0
C1693,2146.0,2,4,2024-02-21 00:54:05,2024-04-02 06:33:01,9,7,1,1,4,0.7778,1073.0
C1694,14519.0,4,21,2024-01-21 23:09:42,2024-11-07 00:26:06,28,7,2,5,9,0.25,3629.75
C1695,8431.0,3,19,2024-01-25 07:31:13,2024-06-13 18:41:59,24,13,3,4,7,0.5417,2810.33
C1696,7619.0,2,11,2024-01-21 19:33:02,2024-04-04 01:52:11,4,1,0,0,1,0.25,3809.5
C1697,26268.0,5,22,2024-04-15 13:02:42,2024-12-06 04:22:10,17,6,2,1,6,0.3529,5253.6
C1698,13140.0,3,10,2024-02-08 08:21:46,2024-08-27 01:32:54,19,7,1,2,5,0.3684,4380.0
C1699,9670.0,4,10,2024-04-23 06:08:41,2024-06-10 21:25:36,2,0,0,0,2,0.0,2417.5
C1700,15126.0,6,24,2024-04-13 11:22:04,2024-10-09 18:30:08,13,4,0,1,4,0.3077,2521.0
C1701,16809.0,8,31,2024-01-05 08:19:55,2024-12-30 08:14:14,16,7,1,5,8,0.4375,2101.12
C1702,16473.0,4,27,2024-01-13 00:52:17,2024-09-14 14:49:34,10,3,0,1,3,0.3,4118.25
C1703,12564.0,3,16,2024-03-16 10:51:31,2024-08-11 04:02:07,14,3,1,1,5,0.2143,4188.0
C1704,4759.0,3,11,2024-02-12 14:42:21,2024-12-24 05:33:13,22,7,2,1,5,0.3182,1586.33
C1705,8566.0,3,14,2024-02-13 04:03:32,2024-04-26 03:09:31,2,2,0,3,3,1.0,2855.33
C1706,10798.0,3,12,2024-03-10 21:02:14,2024-11-23 09:36:57,11,3,1,1,5,0.2727,3599.33
C1707,13173.0,3,17,2024-04-29 02:24:12,2024-08-12 16:54:19,3,4,0,0,1,1.3333,4391.0
C1708,4794.0,1,6,2024-01-17 04:17:58,2024-01-17 04:17:58,25,13,1,3,8,0.52,4794.0
C1709,999.0,1,1,2024-07-09 02:05:09,2024-07-09 02:05:09,25,12,0,3,9,0.48,999.0
C1710,27149.0,6,31,2024-05-30 03:55:30,2024-12-26 04:59:43,13,3,1,2,4,0.2308,4524.83
C1711,1148.0,1,2,2024-06-09 14:39:07,2024-06-09 14:39:07,6,3,1,3,5,0.5,1148.0
C1712,13627.0,7,43,2024-04-25 21:41:52,2024-12-06 08:32:49,14,3,0,0,4,0.2143,1946.71
C1713,11000.0,2,10,2024-02-07 18:25:28,2024-06-18 15:21:12,15,3,1,1,6,0.2,5500.0
C1714,1628.0,2,2,2024-01-27 11:45:51,2024-07-10 15:02:55,12,4,0,4,5,0.3333,814.0
C1715,6468.0,3,12,2024-06-24 22:51:18,2024-12-22 22:58:20,18,3,4,2,5,0.1667,2156.0
C1716,6372.0,2,8,2024-09-23 03:00:14,2024-12-06 03:24:16,15,4,0,1,5,0.2667,3186.0
C1717,20734.0,4,16,2024-01-11 17:51:31,2024-09-17 16:36:55,19,8,1,2,5,0.4211,5183.5
C1718,21549.0,4,21,2024-03-21 10:41:56,2024-12-04 15:46:01,13,3,1,4,4,0.2308,5387.25
C1719,1348.0,2,2,2024-03-13 07:43:25,2024-11-13 07:12:18,23,10,3,1,6,0.4348,674.0
C1720,25509.0,8,31,2024-01-01 23:33:35,2024-10-14 23:49:37,11,4,1,0,6,0.3636,3188.62
C1721,16377.0,6,23,2024-01-21 15:57:32,2024-11-29 21:11:51,15,5,1,0,4,0.3333,2729.5
C1722,20482.0,4,18,2024-01-03 22:53:05,2024-09-26 18:00:59,18,8,1,1,4,0.4444,5120.5
C1723,6170.0,4,10,2024-02-13 02:05:47,2024-10-09 15:02:30,18,8,0,3,5,0.4444,1542.5
C1724,13721.0,2,19,2024-07-18 09:47:27,2024-10-30 11:27:51,7,1,1,1,3,0.1429,6860.5
C1725,8490.0,2,10,2024-04-03 18:20:44,2024-07-02 14:57:22,15,10,1,3,6,0.6667,4245.0
C1726,15814.0,5,26,2024-01-11 15:30:28,2024-10-25 08:17:53,29,4,0,6,7,0.1379,3162.8
C1727,10435.0,3,15,2024-01-01 01:49:24,2024-08-25 11:11:11,30,9,1,2,7,0.3,3478.33
C1728,3552.0,2,8,2024-01-06 23:30:29,2024-10-20 04:50:53,35,14,1,6,10,0.4,1776.0
C1729,24222.0,5,38,2024-02-14 10:29:33,2024-11-15 05:06:17,8,9,0,1,6,1.125,4844.4
C1730,14112.0,4,18,2024-04-24 20:41:31,2024-12-09 12:30:23,6,0,0,1,4,0.0,3528.0
C1731,28544.0,5,36,2024-03-11 13:48:07,2024-10-12 17:59:21,21,8,1,6,8,0.381,5708.8
C1732,16793.0,7,37,2024-01-19 05:03:21,2024-11-17 16:23:15,15,8,1,2,7,0.5333,2399.0
C1733,13848.0,4,32,2024-04-11 05:53:39,2024-10-11 16:45:53,24,11,4,3,9,0.4583,3462.0
C1734,14223.0,2,17,2024-02-21 16:43:07,2024-11-11 19:12:24,18,5,3,3,11,0.2778,7111.5
C1735,5142.0,3,8,2024-05-03 15:12:46,2024-09-21 13:47:30,32,7,2,4,9,0.2188,1714.0
C1736,25884.0,7,26,2024-01-04 14:17:44,2024-10-17 20:34:26,17,7,0,6,7,0.4118,3697.71
C1737,0.0,0,0,,,28,8,1,2,8,0.2857,0.0
C1738,20519.0,4,31,2024-04-25 21:17:57,2024-09-13 06:56:42,21,4,3,5,5,0.1905,5129.75
C1739,4271.0,4,9,2024-08-28 10:11:39,2024-12-24 18:54:52,7,1,0,1,2,0.1429,1067.75
C1740,16462.0,6,28,2024-02-29 06:44:00,2024-11-29 00:24:53,19,4,1,3,6,0.2105,2743.67
C1741,17134.0,4,26,2024-02-10 11:03:35,2024-09-10 05:06:51,18,6,3,1,7,0.3333,4283.5
C1742,13297.0,3,13,2024-01-09 16:37:44,2024-08-26 10:34:26,37,5,1,5,9,0.1351,4432.33
C1743,29858.0,7,32,2024-01-01 11:49:56,2024-08-01 15:01:38,37,11,2,3,10,0.2973,4265.43
C1744,5112.0,2,8,2024-04-08 20:41:35,2024-05-15 09:38:41,30,9,0,6,9,0.3,2556.0
C1745,15657.0,3,13,2024-04-25 17:08:05,2024-09-22 04:06:04,10,1,0,2,3,0.1,5219.0
C1746,14342.0,5,28,2024-05-30 16:38:43,2024-12-26 14:59:27,8,0,1,5,5,0.0,2868.4
C1747,9448.0,3,12,2024-03-21 20:37:54,2024-09-16 00:32:11,25,8,5,7,9,0.32,3149.33
C1748,7584.0,4,16,2024-03-04 05:18:29,2024-11-08 15:32:49,15,6,2,3,6,0.4,1896.0
C1749,20841.0,7,29,2024-01-15 09:36:25,2024-08-19 13:33:29,13,4,1,2,4,0.3077,2977.29
C1750,2026.0,2,4,2024-01-15 08:56:28,2024-12-31 01:06:44,3,5,3,0,3,1.6667,1013.0
C1751,10404.0,4,16,2024-06-10 02:15:13,2024-09-17 05:35:28,11,1,0,1,3,0.0909,2601.0
C1752,13267.0,7,23,2024-01-13 13:30:37,2024-12-28 20:22:51,15,6,1,0,6,0.4,1895.29
C1753,12767.0,5,23,2024-06-15 14:48:25,2024-12-08 22:30:44,13,8,0,6,7,0.6154,2553.4
C1754,5142.0,2,8,2024-02-16 17:15:18,2024-06-27 00:27:01,13,6,0,1,6,0.4615,2571.0
C1755,25333.0,5,27,2024-01-05 11:41:57,2024-12-11 04:08:54,34,7,0,7,7,0.2059,5066.6
C1756,7013.0,4,17,2024-01-22 11:30:09,2024-09-13 12:35:19,19,4,1,2,7,0.2105,1753.25
C1757,12073.0,4,17,2024-06-16 17:59:43,2024-12-06 03:50:45,17,4,0,8,6,0.2353,3018.25
C1758,10518.0,7,22,2024-01-20 22:01:31,2024-12-27 14:11:28,25,5,2,2,7,0.2,1502.57
C1759,14164.0,4,26,2024-03-15 03:24:45,2024-11-17 02:05:39,10,3,0,3,4,0.3,3541.0
C1760,20906.0,6,24,2024-02-10 03:27:33,2024-11-15 14:09:08,34,14,7,7,13,0.4118,3484.33
C1761,22886.0,6,34,2024-03-12 19:49:09,2024-11-09 20:15:29,35,16,2,5,10,0.4571,3814.33
C1762,12942.0,5,18,2024-03-06 05:53:53,2024-11-15 04:18:09,19,7,1,4,6,0.3684,2588.4
C1763,8680.0,4,20,2024-01-15 02:40:23,2024-05-17 01:14:52,10,7,3,3,5,0.7,2170.0
C1764,6260.0,3,10,2024-04-27 14:50:14,2024-10-19 07:31:01,13,5,0,2,5,0.3846,2086.67
C1765,14077.0,5,23,2024-03-26 19:37:19,2024-08-16 09:44:44,10,2,0,2,4,0.2,2815.4
C1766,14079.0,3,21,2024-03-14 03:05:08,2024-12-13 10:44:03,1,0,0,0,1,0.0,4693.0
C1767,2096.0,1,4,2024-04-16 10:11:48,2024-04-16 10:11:48,17,2,0,5,7,0.1176,2096.0
C1768,11784.0,3,26,2024-10-29 11:59:54,2024-12-14 06:31:56,32,11,1,6,9,0.3438,3928.0
C1769,13766.0,4,14,2024-03-10 19:52:33,2024-09-20 13:05:25,10,4,4,4,6,0.4,3441.5
C1770,11672.0,4,18,2024-01-19 01:24:22,2024-09-18 19:06:54,23,0,0,2,6,0.0,2918.0
C1771,10112.0,5,18,2024-01-27 06:49:01,2024-08-26 22:46:04,12,7,0,5,4,0.5833,2022.4
C1772,8866.0,3,14,2024-08-08 16:53:36,2024-09-22 23:12:34,15,2,2,1,6,0.1333,2955.33
C1773,13633.0,4,17,2024-01-06 02:28:56,2024-05-25 13:32:39,36,7,3,3,8,0.1944,3408.25
C1774,19096.0,7,24,2024-01-23 18:03:00,2024-12-02 11:00:35,29,8,4,5,10,0.2759,2728.0
C1775,5296.0,4,14,2024-05-20 16:35:57,2024-11-27 00:01:23,11,6,3,1,7,0.5455,1324.0
C1776,3025.0,1,5,2024-02-16 17:04:01,2024-02-16 17:04:01,13,4,5,3,5,0.3077,3025.0
C1777,7700.0,4,20,2024-02-11 12:57:12,2024-12-28 16:17:47,32,7,1,2,6,0.2188,1925.0
C1778,17685.0,5,25,2024-04-05 13:10:42,2024-11-17 15:42:51,20,4,1,3,5,0.2,3537.0
C1779,8062.0,1,18,2024-10-30 14:47:24,2024-10-30 14:47:24,33,9,1,0,9,0.2727,8062.0
C1780,7542.0,3,8,2024-03-16 02:49:00,2024-06-24 08:15:53,4,2,0,1,2,0.5,2514.0
C1781,16990.0,2,10,2024-05-03 17:12:17,2024-06-28 03:28:42,14,3,0,1,5,0.2143,8495.0
C1782,14507.0,4,23,2024-03-06 02:33:28,2024-11-06 23:05:37,16,6,1,3,8,0.375,3626.75
C1783,13453.0,4,17,2024-03-23 20:18:48,2024-08-21 08:13:21,23,11,3,2,9,0.4783,3363.25
C1784,9644.0,5,16,2024-01-09 17:12:44,2024-03-31 12:45:40,11,5,0,0,4,0.4545,1928.8
C1785,6457.0,5,13,2024-04-27 19:24:33,2024-10-22 09:13:23,15,4,5,1,4,0.2667,1291.4
C1786,1748.0,1,2,2024-04-18 04:00:52,2024-04-18 04:00:52,16,3,0,2,6,0.1875,1748.0
C1787,7499.0,3,11,2024-08-11 08:37:31,2024-10-10 02:06:22,11,5,3,2,5,0.4545,2499.67
C1788,26549.0,6,41,2024-02-01 19:48:10,2024-09-23 21:22:21,30,5,2,5,9,0.1667,4424.83
C1789,9571.0,4,19,2024-01-20 18:17:21,2024-05-13 20:01:59,32,4,4,1,8,0.125,2392.75
C1790,718.0,1,2,2024-08-03 02:11:39,2024-08-03 02:11:39,13,5,1,3,6,0.3846,718.0
C1791,14912.0,4,18,2024-04-07 12:33:16,2024-06-05 08:00:33,19,5,0,3,6,0.2632,3728.0
C1792,14149.0,4,21,2024-04-29 05:01:09,2024-11-18 09:25:26,30,5,2,4,7,0.1667,3537.25
C1793,6539.0,2,11,2024-09-04 08:22:20,2024-11-20 07:58:57,23,9,0,7,10,0.3913,3269.5
C1794,0.0,0,0,,,4,2,1,0,3,0.5,0.0
C1795,9976.0,4,14,2024-01-02 18:53:49,2024-12-21 20:27:31,29,6,3,6,11,0.2069,2494.0
C1796,24150.0,4,20,2024-05-18 04:19:22,2024-10-20 18:41:21,25,8,1,3,7,0.32,6037.5
C1797,5621.0,3,9,2024-03-26 16:47:44,2024-07-02 18:18:09,35,13,4,6,11,0.3714,1873.67
C1798,1898.0,1,2,2024-10-22 18:43:21,2024-10-22 18:43:21,11,2,1,1,4,0.1818,1898.0
C1799,6849.0,3,11,2024-07-16 15:59:15,2024-12-09 19:13:27,30,9,1,4,8,0.3,2283.0
C1800,21428.0,7,32,2024-02-13 12:03:07,2024-12-27 06:15:50,14,5,3,3,4,0.3571,3061.14
C1801,10625.0,3,15,2024-02-15 23:56:42,2024-10-18 07:17:07,21,9,2,3,8,0.4286,3541.67
C1802,10535.0,3,15,2024-01-08 19:51:02,2024-12-22 00:00:12,1,0,0,1,2,0.0,3511.67
C1803,8128.0,4,12,2024-02-11 20:07:38,2024-07-04 02:56:36,14,5,1,2,3,0.3571,2032.0
C1804,12268.0,2,12,2024-07-29 21:52:26,2024-09-30 06:51:05,8,4,0,2,3,0.5,6134.0
C1805,8558.0,2,12,2024-01-23 16:02:23,2024-10-29 14:04:02,9,2,3,5,4,0.2222,4279.0
C1806,6573.0,3,17,2024-02-28 03:27:56,2024-12-23 10:52:22,15,4,1,2,4,0.2667,2191.0
C1807,548.0,1,2,2024-05-03 12:43:27,2024-05-03 12:43:27,24,6,1,3,8,0.25,548.0
C1808,31092.0,6,28,2024-05-13 12:21:15,2024-12-22 22:09:23,16,4,0,3,5,0.25,5182.0
C1809,6671.0,2,9,2024-03-10 15:52:15,2024-12-11 07:23:27,7,0,0,1,3,0.0,3335.5
C1810,0.0,0,0,,,8,3,2,3,3,0.375,0.0
C1811,5670.0,2,10,2024-06-02 04:15:05,2024-11-22 18:44:20,20,6,3,4,6,0.3,2835.0
C1812,12529.0,6,21,2024-01-18 04:11:57,2024-10-03 02:38:43,24,4,3,8,8,0.1667,2088.17
C1813,6488.0,4,12,2024-01-26 23:31:13,2024-12-15 16:53:07,10,3,0,0,4,0.3,1622.0
C1814,9635.0,3,15,2024-07-04 17:37:25,2024-10-01 11:43:48,15,13,0,1,7,0.8667,3211.67
C1815,12147.0,4,23,2024-04-12 06:50:36,2024-08-19 17:29:35,26,7,1,6,10,0.2692,3036.75
C1816,7242.0,4,8,2024-01-20 15:17:48,2024-11-18 14:14:40,11,4,0,2,3,0.3636,1810.5
C1817,2297.0,3,3,2024-01-04 11:04:42,2024-12-08 00:56:00,18,1,0,1,5,0.0556,765.67
C1818,5894.0,3,6,2024-03-07 23:04:14,2024-04-18 17:09:10,26,10,1,4,9,0.3846,1964.67
C1819,9805.0,4,15,2024-02-13 16:45:05,2024-09-04 02:15:11,37,14,2,4,13,0.3784,2451.25
C1820,21081.0,4,19,2024-06-24 18:11:17,2024-11-16 23:40:14,26,12,1,2,9,0.4615,5270.25
C1821,2565.0,2,5,2024-03-08 01:52:19,2024-08-19 07:49:37,6,0,0,0,1,0.0,1282.5
C1822,6738.0,4,12,2024-02-12 03:31:15,2024-05-16 20:45:48,12,5,1,0,5,0.4167,1684.5
C1823,4990.0,3,10,2024-03-18 08:35:07,2024-11-02 01:32:06,26,13,2,2,9,0.5,1663.33
C1824,10695.0,3,15,2024-09-06 03:42:19,2024-10-30 14:11:11,19,3,3,4,7,0.1579,3565.0
C1825,1345.0,1,5,2024-02-04 08:13:04,2024-02-04 08:13:04,15,4,1,3,5,0.2667,1345.0
C1826,347.0,2,3,2024-02-19 06:48:34,2024-12-13 02:18:08,29,6,0,2,7,0.2069,173.5
C1827,4613.0,2,7,2024-03-21 11:19:38,2024-12-16 05:21:46,29,9,3,3,8,0.3103,2306.5
C1828,7236.0,3,14,2024-02-04 11:27:50,2024-11-21 19:23:48,19,1,0,2,5,0.0526,2412.0
C1829,31039.0,5,31,2024-04-14 08:12:34,2024-08-11 20:28:07,3,2,1,0,2,0.6667,6207.8
C1830,18403.0,6,27,2024-05-17 14:56:49,2024-10-06 23:27:35,4,3,1,1,5,0.75,3067.17
C1831,26445.0,7,35,2024-01-10 07:29:51,2024-10-24 02:15:47,11,3,1,0,3,0.2727,3777.86
C1832,5350.0,2,10,2024-07-15 05:30:01,2024-09-21 05:44:51,21,9,3,4,8,0.4286,2675.0
C1833,3976.0,3,14,2024-04-14 19:10:00,2024-12-29 22:01:29,19,1,0,2,9,0.0526,1325.33
C1834,46543.0,11,47,2024-01-21 23:01:25,2024-12-12 19:45:34,16,12,1,3,5,0.75,4231.18
C1835,15224.0,4,26,2024-01-31 10:26:51,2024-08-20 23:55:27,10,5,1,4,4,0.5,3806.0
C1836,12864.0,5,26,2024-05-04 03:17:18,2024-12-19 23:43:40,13,2,0,3,5,0.1538,2572.8
C1837,28678.0,8,42,2024-01-12 03:09:04,2024-10-12 16:53:14,24,5,1,1,6,0.2083,3584.75
C1838,14544.0,3,16,2024-03-16 15:01:14,2024-07-11 07:27:15,10,2,0,0,4,0.2,4848.0
C1839,1348.0,1,2,2024-11-28 06:02:59,2024-11-28 06:02:59,18,4,2,4,6,0.2222,1348.0
C1840,8792.0,3,8,2024-02-04 09:04:13,2024-08-19 19:52:24,34,14,1,5,13,0.4118,2930.67
C1841,10883.0,6,17,2024-01-30 13:40:24,2024-09-29 20:37:45,15,3,1,3,6,0.2,1813.83
C1842,0.0,0,0,,,17,7,1,3,5,0.4118,0.0
C1843,19286.0,3,24,2024-03-03 05:46:12,2024-12-31 03:17:34,20,5,2,2,6,0.25,6428.67
C1844,4945.0,3,15,2024-02-16 18:49:12,2024-10-26 23:17:53,19,10,4,3,9,0.5263,1648.33
C1845,1597.0,1,3,2024-07-22 04:17:46,2024-07-22 04:17:46,7,3,1,4,4,0.4286,1597.0
C1846,7025.0,4,15,2024-01-20 00:28:26,2024-08-14 23:38:24,17,4,0,1,8,0.2353,1756.25
C1847,4693.0,2,7,2024-08-25 18:16:10,2024-12-06 03:32:34,21,10,0,4,8,0.4762,2346.5
C1848,8819.0,3,11,2024-06-15 06:14:52,2024-09-25 05:06:10,14,2,0,2,4,0.1429,2939.67
C1849,1948.0,1,2,2024-09-25 19:58:18,2024-09-25 19:58:18,10,0,0,0,3,0.0,1948.0
C1850,13413.0,5,27,2024-01-18 02:18:26,2024-12-28 23:48:28,6,2,0,1,3,0.3333,2682.6
C1851,2853.0,2,7,2024-02-01 09:46:14,2024-04-25 19:04:54,28,6,1,2,9,0.2143,1426.5
C1852,15000.0,6,20,2024-03-20 10:03:26,2024-10-30 22:28:43,18,6,3,1,5,0.3333,2500.0
C1853,25751.0,9,39,2024-02-16 21:58:28,2024-12-30 16:54:15,16,1,0,2,5,0.0625,2861.22
C1854,0.0,0,0,,,26,6,2,4,6,0.2308,0.0
C1855,0.0,0,0,,,17,3,0,0,4,0.1765,0.0
C1856,14961.0,6,29,2024-03-13 19:50:04,2024-12-20 23:09:51,22,7,3,6,7,0.3182,2493.5
C1857,24829.0,5,31,2024-04-13 07:07:51,2024-10-26 02:08:30,19,6,4,2,5,0.3158,4965.8
C1858,16822.0,4,28,2024-03-18 01:20:17,2024-08-25 12:46:28,24,3,1,3,6,0.125,4205.5
C1859,28401.0,8,49,2024-01-24 02:34:38,2024-12-06 15:17:24,16,4,1,1,8,0.25,3550.12
C1860,19048.0,3,22,2024-05-08 04:44:01,2024-11-16 08:08:14,18,8,1,5,6,0.4444,6349.33
C1861,15586.0,4,14,2024-01-31 11:53:02,2024-11-30 10:23:53,12,4,3,5,6,0.3333,3896.5
C1862,16101.0,4,19,2024-01-08 23:25:27,2024-05-05 14:24:53,20,4,3,3,7,0.2,4025.25
C1863,19120.0,3,30,2024-01-17 16:46:10,2024-12-07 09:28:31,9,0,1,2,3,0.0,6373.33
C1864,14964.0,3,16,2024-08-19 21:01:49,2024-11-16 20:19:20,3,1,1,0,2,0.3333,4988.0
C1865,17727.0,5,23,2024-01-16 12:56:50,2024-11-04 17:33:31,26,7,3,2,8,0.2692,3545.4
C1866,7857.0,3,13,2024-03-07 06:25:35,2024-12-08 03:31:45,28,5,1,4,9,0.1786,2619.0
C1867,7236.0,3,14,2024-04-16 22:50:14,2024-11-28 13:38:46,6,5,0,0,3,0.8333,2412.0
C1868,36405.0,6,35,2024-01-10 07:03:26,2024-09-13 08:06:51,23,5,5,2,10,0.2174,6067.5
C1869,16998.0,5,22,2024-02-03 13:43:51,2024-09-29 17:10:56,21,5,1,4,6,0.2381,3399.6
C1870,5071.0,3,9,2024-06-26 19:16:03,2024-09-18 08:35:33,19,8,0,3,8,0.4211,1690.33
C1871,17227.0,4,23,2024-03-04 16:43:19,2024-11-28 13:22:33,17,5,0,1,5,0.2941,4306.75
C1872,16483.0,5,27,2024-02-10 05:20:11,2024-12-11 09:46:50,32,7,3,3,9,0.2188,3296.6
C1873,4074.0,2,6,2024-06-17 23:29:47,2024-07-12 02:11:24,13,10,0,2,5,0.7692,2037.0
C1874,4189.0,2,11,2024-05-02 21:06:04,2024-05-16 12:04:11,18,4,1,3,6,0.2222,2094.5
C1875,2066.0,2,4,2024-04-03 20:29:24,2024-08-14 21:31:50,22,5,3,7,6,0.2273,1033.0
C1876,8613.0,1,7,2024-08-04 17:13:01,2024-08-04 17:13:01,19,5,1,4,6,0.2632,8613.0
C1877,20309.0,5,21,2024-01-05 19:10:42,2024-12-28 23:26:17,4,3,1,2,2,0.75,4061.8
C1878,8038.0,3,12,2024-05-14 17:32:34,2024-08-02 10:24:38,27,9,3,6,10,0.3333,2679.33
C1879,7345.0,2,15,2024-03-02 00:18:48,2024-05-12 13:31:00,13,6,0,4,6,0.4615,3672.5
C1880,22261.0,6,29,2024-03-30 12:51:52,2024-12-06 13:46:30,29,3,0,4,7,0.1034,3710.17
C1881,5844.0,3,6,2024-03-02 11:25:22,2024-04-07 15:02:52,17,1,0,1,4,0.0588,1948.0
C1882,0.0,0,0,,,23,8,0,0,9,0.3478,0.0
C1883,13020.0,5,20,2024-05-03 09:57:17,2024-11-10 20:54:31,7,1,2,1,3,0.1429,2604.0
C1884,26137.0,5,23,2024-06-08 07:54:10,2024-11-03 02:09:20,21,11,1,5,9,0.5238,5227.4
C1885,1296.0,2,4,2024-04-22 08:23:19,2024-11-29 02:25:26,30,8,2,4,10,0.2667,648.0
C1886,11312.0,5,18,2024-03-19 08:31:36,2024-12-03 23:51:43,26,10,1,5,8,0.3846,2262.4
C1887,659.0,2,11,2024-04-17 10:50:34,2024-11-10 01:17:18,20,3,0,4,6,0.15,329.5
C1888,25434.0,6,36,2024-04-09 03:10:51,2024-10-08 05:49:57,40,7,4,3,11,0.175,4239.0
C1889,12998.0,4,22,2024-03-22 04:57:02,2024-09-13 20:15:22,25,5,2,6,8,0.2,3249.5
C1890,6177.0,4,23,2024-02-07 07:10:44,2024-11-09 23:16:36,28,10,5,1,7,0.3571,1544.25
C1891,8224.0,1,6,2024-04-26 19:25:52,2024-04-26 19:25:52,18,6,1,4,8,0.3333,8224.0
C1892,24392.0,4,28,2024-04-09 00:04:48,2024-10-02 11:05:56,24,12,3,5,10,0.5,6098.0
C1893,16018.0,2,12,2024-02-01 01:35:38,2024-02-24 11:16:42,9,5,1,2,4,0.5556,8009.0
C1894,14216.0,5,24,2024-10-18 13:17:24,2024-12-07 02:44:08,13,1,0,1,3,0.0769,2843.2
C1895,3894.0,1,6,2024-12-17 09:24:29,2024-12-17 09:24:29,2,1,0,2,1,0.5,3894.0
C1896,5494.0,2,6,2024-05-15 15:49:56,2024-10-21 13:39:44,6,2,2,4,5,0.3333,2747.0
C1897,11127.0,6,13,2024-03-11 03:15:11,2024-10-11 17:48:54,16,8,2,6,7,0.5,1854.5
C1898,3158.0,2,12,2024-01-10 19:54:11,2024-10-08 16:51:42,19,3,0,4,8,0.1579,1579.0
C1899,5811.0,2,9,2024-01-06 08:26:22,2024-03-14 17:32:19,18,2,1,2,6,0.1111,2905.5
C1900,2574.0,2,6,2024-05-25 01:28:27,2024-12-02 18:13:41,10,5,1,1,3,0.5,1287.0
C1901,9843.0,5,17,2024-02-16 23:08:49,2024-12-24 01:22:34,10,3,1,3,4,0.3,1968.6
C1902,21748.0,3,22,2024-06-11 17:00:29,2024-09-18 11:24:44,18,7,0,8,8,0.3889,7249.33
C1903,24599.0,7,31,2024-01-02 01:45:13,2024-09-15 14:22:33,26,6,0,3,8,0.2308,3514.14
C1904,1155.0,1,5,2024-12-18 16:53:52,2024-12-18 16:53:52,30,11,0,2,10,0.3667,1155.0
C1905,10466.0,4,14,2024-01-21 16:14:01,2024-07-30 05:32:29,20,6,1,5,7,0.3,2616.5
C1906,7639.0,2,11,2024-08-14 22:08:02,2024-08-31 10:32:52,10,0,0,1,3,0.0,3819.5
C1907,5262.0,3,8,2024-01-27 07:12:13,2024-10-06 08:55:42,8,3,3,2,5,0.375,1754.0
C1908,2274.0,2,6,2024-03-30 03:21:12,2024-06-26 07:03:26,27,6,0,4,8,0.2222,1137.0
C1909,1748.0,2,2,2024-07-07 09:35:40,2024-07-09 08:00:09,19,5,0,2,6,0.2632,874.0
C1910,399.0,1,1,2024-03-31 19:05:04,2024-03-31 19:05:04,24,5,1,3,6,0.2083,399.0
C1911,9607.0,6,23,2024-01-22 06:40:08,2024-09-09 13:09:41,16,3,1,4,5,0.1875,1601.17
C1912,15076.0,5,24,2024-07-05 17:14:57,2024-09-01 13:59:54,13,1,0,0,4,0.0769,3015.2
C1913,7392.0,2,8,2024-02-26 12:56:38,2024-02-28 09:41:41,30,12,4,3,9,0.4,3696.0
C1914,12061.0,5,19,2024-03-29 02:17:48,2024-12-08 23:34:21,16,4,1,5,5,0.25,2412.2
C1915,16261.0,5,19,2024-01-02 08:08:49,2024-12-28 13:02:12,23,13,3,3,10,0.5652,3252.2
C1916,12533.0,3,17,2024-03-27 11:31:59,2024-08-31 07:13:23,6,2,0,1,3,0.3333,4177.67
C1917,6455.0,2,15,2024-03-15 17:56:54,2024-11-10 07:12:37,9,5,0,1,4,0.5556,3227.5
C1918,9950.0,4,20,2024-02-02 08:14:37,2024-10-14 02:21:42,22,8,2,3,8,0.3636,2487.5
C1919,10818.0,4,22,2024-01-28 02:12:06,2024-12-02 21:59:29,22,5,3,3,9,0.2273,2704.5
C1920,7575.0,3,15,2024-04-13 16:42:17,2024-11-07 04:17:47,18,4,1,4,9,0.2222,2525.0
C1921,14411.0,4,19,2024-01-04 15:16:20,2024-12-11 04:57:35,20,3,0,3,6,0.15,3602.75
C1922,9834.0,5,16,2024-02-29 20:55:28,2024-08-18 04:25:35,11,3,1,1,4,0.2727,1966.8
C1923,10488.0,3,12,2024-02-24 07:32:36,2024-10-15 20:12:08,18,3,0,3,5,0.1667,3496.0
C1924,27232.0,6,38,2024-04-17 07:51:55,2024-10-29 03:45:32,5,1,0,0,2,0.2,4538.67
C1925,685.0,2,5,2024-09-19 22:41:17,2024-12-09 20:38:51,32,6,1,4,9,0.1875,342.5
C1926,0.0,0,0,,,14,1,1,1,6,0.0714,0.0
C1927,9248.0,6,22,2024-01-05 15:50:17,2024-12-01 15:36:12,19,3,3,2,5,0.1579,1541.33
C1928,16003.0,4,17,2024-04-22 03:37:46,2024-12-07 16:39:40,21,5,3,1,6,0.2381,4000.75
C1929,0.0,0,0,,,32,5,2,4,8,0.1562,0.0
C1930,9239.0,2,11,2024-03-11 13:47:20,2024-08-08 02:02:49,13,2,1,0,4,0.1538,4619.5
C1931,446.0,1,4,2024-12-11 11:58:31,2024-12-11 11:58:31,20,10,0,2,7,0.5,446.0
C1932,4496.0,2,4,2024-03-07 20:07:09,2024-07-01 09:27:54,1,0,1,1,2,0.0,2248.0
C1933,7985.0,4,15,2024-02-12 17:10:47,2024-12-29 22:01:14,13,1,1,2,4,0.0769,1996.25
C1934,1997.0,1,3,2024-06-08 03:43:13,2024-06-08 03:43:13,13,4,1,2,3,0.3077,1997.0
C1935,2475.0,1,5,2024-01-07 01:10:27,2024-01-07 01:10:27,15,6,2,2,6,0.4,2475.0
C1936,13980.0,4,20,2024-02-09 20:34:18,2024-12-24 08:56:28,10,4,3,2,5,0.4,3495.0
C1937,5273.0,2,7,2024-09-04 20:00:12,2024-10-18 21:28:47,8,4,1,0,4,0.5,2636.5
C1938,2167.0,1,3,2024-08-09 11:19:33,2024-08-09 11:19:33,8,3,1,1,4,0.375,2167.0
C1939,18376.0,5,34,2024-02-18 23:25:40,2024-12-19 16:05:56,16,5,2,3,7,0.3125,3675.2
C1940,9370.0,2,10,2024-06-14 00:13:39,2024-12-18 11:30:49,14,9,1,0,5,0.6429,4685.0
C1941,16588.0,6,32,2024-01-07 09:01:46,2024-09-03 05:58:59,19,8,1,3,7,0.4211,2764.67
C1942,13703.0,2,17,2024-05-26 15:45:24,2024-08-13 00:05:34,5,3,1,2,2,0.6,6851.5
C1943,28965.0,5,35,2024-07-09 16:28:18,2024-12-22 19:36:50,20,7,1,4,6,0.35,5793.0
C1944,4544.0,2,6,2024-04-12 01:43:45,2024-12-24 14:18:47,29,4,1,4,8,0.1379,2272.0
C1945,15180.0,4,20,2024-03-17 23:32:06,2024-09-15 12:23:34,4,2,3,2,3,0.5,3795.0
C1946,1245.0,2,5,2024-07-16 01:09:13,2024-11-19 07:33:47,7,2,1,0,2,0.2857,622.5
C1947,2843.0,2,7,2024-03-13 05:03:13,2024-11-10 00:13:24,26,5,1,2,7,0.1923,1421.5
C1948,27561.0,3,19,2024-01-09 08:10:17,2024-12-02 22:45:23,13,5,0,0,6,0.3846,9187.0
C1949,26399.0,7,31,2024-01-29 15:01:16,2024-11-23 11:34:44,14,4,1,4,6,0.2857,3771.29
C1950,10518.0,3,12,2024-03-07 16:02:07,2024-12-04 09:00:11,6,4,0,1,3,0.6667,3506.0
C1951,12990.0,2,10,2024-03-20 13:42:58,2024-04-23 22:35:17,9,6,0,1,4,0.6667,6495.0
C1952,9823.0,5,27,2024-03-30 14:49:22,2024-11-18 11:22:21,17,2,2,2,6,0.1176,1964.6
C1953,7613.0,2,7,2024-01-24 20:36:26,2024-12-15 15:17:08,14,5,0,0,5,0.3571,3806.5
C1954,2424.0,3,6,2024-02-14 06:46:29,2024-07-07 19:57:47,34,8,1,3,11,0.2353,808.0
C1955,9510.0,4,20,2024-04-15 14:48:44,2024-07-03 14:50:36,8,3,0,0,3,0.375,2377.5
C1956,6720.0,3,10,2024-07-13 01:35:43,2024-10-01 08:17:50,21,8,1,6,7,0.381,2240.0
C1957,12185.0,4,25,2024-01-17 19:44:53,2024-12-13 06:44:06,13,3,2,4,6,0.2308,3046.25
C1958,42389.0,8,51,2024-05-28 12:20:43,2024-11-23 17:39:08,22,12,1,4,7,0.5455,5298.62
C1959,15413.0,5,27,2024-02-08 19:45:11,2024-11-17 06:35:53,16,2,0,1,5,0.125,3082.6
C1960,5744.0,2,6,2024-01-16 21:42:37,2024-10-07 20:50:02,15,2,1,4,5,0.1333,2872.0
C1961,11934.0,3,16,2024-06-06 18:23:51,2024-11-21 19:34:35,23,6,0,3,7,0.2609,3978.0
C1962,11818.0,4,22,2024-01-15 20:49:02,2024-10-02 12:26:30,16,3,0,2,5,0.1875,2954.5
C1963,7960.0,2,10,2024-02-05 00:32:07,2024-12-08 08:39:36,17,2,1,1,5,0.1176,3980.0
C1964,19648.0,5,32,2024-03-09 00:28:11,2024-08-18 19:45:26,22,4,3,3,6,0.1818,3929.6
C1965,1843.0,1,7,2024-06-06 22:54:06,2024-06-06 22:54:06,22,1,1,3,5,0.0455,1843.0
C1966,8338.0,4,22,2024-01-23 18:57:44,2024-10-18 00:18:23,10,2,1,1,3,0.2,2084.5
C1967,129.0,1,1,2024-12-01 08:33:43,2024-12-01 08:33:43,32,7,4,6,12,0.2188,129.0
C1968,14597.0,6,23,2024-01-20 02:10:12,2024-12-13 00:47:32,21,5,1,1,8,0.2381,2432.83
C1969,13365.0,5,25,2024-01-01 04:36:53,2024-08-25 09:02:17,14,6,2,2,6,0.4286,2673.0
C1970,11478.0,3,12,2024-04-15 13:40:04,2024-10-03 02:46:13,12,3,1,2,5,0.25,3826.0
C1971,11227.0,3,13,2024-08-09 01:16:04,2024-11-25 21:15:43,19,4,1,5,8,0.2105,3742.33
C1972,2174.0,2,6,2024-01-07 06:29:11,2024-12-27 05:24:01,13,4,0,2,5,0.3077,1087.0
C1973,2004.0,2,6,2024-09-23 23:48:16,2024-10-23 15:03:13,6,2,0,2,3,0.3333,1002.0
C1974,3782.0,2,8,2024-04-23 16:40:30,2024-05-09 07:00:19,10,1,0,0,3,0.1,1891.0
C1975,32829.0,5,31,2024-03-27 15:56:45,2024-12-10 16:54:34,19,4,2,3,5,0.2105,6565.8
C1976,13534.0,5,26,2024-03-17 12:51:37,2024-08-05 17:59:11,22,4,1,1,8,0.1818,2706.8
C1977,10328.0,5,22,2024-04-02 00:04:57,2024-12-26 07:49:40,30,9,6,5,9,0.3,2065.6
C1978,6452.0,2,8,2024-07-20 13:18:52,2024-09-03 13:08:33,11,4,2,0,6,0.3636,3226.0
C1979,9068.0,4,12,2024-01-09 06:04:31,2024-09-29 20:14:40,27,15,3,6,10,0.5556,2267.0
C1980,3646.0,2,4,2024-01-06 06:23:53,2024-07-22 14:39:44,18,5,1,4,7,0.2778,1823.0
C1981,3325.0,1,5,2024-10-31 19:54:24,2024-10-31 19:54:24,18,1,1,1,5,0.0556,3325.0
C1982,7738.0,3,12,2024-02-29 00:57:53,2024-11-29 04:24:49,29,4,1,2,8,0.1379,2579.33
C1983,2004.0,2,6,2024-01-07 07:45:11,2024-04-27 13:24:18,32,11,2,3,10,0.3438,1002.0
C1984,6095.0,1,5,2024-07-01 23:34:33,2024-07-01 23:34:33,12,2,0,2,4,0.1667,6095.0
C1985,8818.0,5,12,2024-05-02 14:04:58,2024-07-17 07:54:45,5,1,0,0,2,0.2,1763.6
C1986,13025.0,6,25,2024-01-03 16:56:24,2024-11-18 14:40:40,7,3,1,4,3,0.4286,2170.83
C1987,13862.0,4,18,2024-01-02 20:24:08,2024-12-22 14:26:20,13,4,1,3,4,0.3077,3465.5
C1988,27549.0,7,41,2024-01-24 19:07:33,2024-11-14 09:13:03,10,6,2,1,4,0.6,3935.57
C1989,14562.0,5,18,2024-03-21 05:30:11,2024-07-05 10:04:39,9,4,2,4,6,0.4444,2912.4
C1990,4424.0,2,6,2024-01-27 12:00:59,2024-07-11 04:47:09,14,10,0,1,6,0.7143,2212.0
C1991,12853.0,5,27,2024-02-04 17:58:10,2024-12-10 03:26:29,25,8,1,3,7,0.32,2570.6
C1992,12800.0,4,20,2024-05-05 13:39:08,2024-11-19 15:10:45,13,2,3,0,3,0.1538,3200.0
C1993,1166.0,1,4,2024-03-10 10:15:09,2024-03-10 10:15:09,13,2,3,4,4,0.1538,1166.0
C1994,18019.0,2,21,2024-01-11 09:01:43,2024-10-07 09:57:32,19,7,2,2,5,0.3684,9009.5
C1995,6333.0,2,7,2024-08-02 22:25:19,2024-10-31 11:18:26,17,1,1,4,7,0.0588,3166.5
C1996,9142.0,2,8,2024-01-07 16:56:13,2024-10-10 22:36:27,3,4,1,0,1,1.3333,4571.0
C1997,7414.0,3,16,2024-09-08 18:04:24,2024-12-01 02:18:01,21,10,0,3,6,0.4762,2471.33
C1998,7402.0,2,8,2024-07-20 16:23:50,2024-10-14 17:50:30,26,7,3,5,8,0.2692,3701.0
C1999,349.0,1,1,2024-03-28 04:40:48,2024-03-28 04:40:48,8,1,2,1,3,0.125,349.0
C2000,8912.0,2,18,2024-01-22 02:44:32,2024-09-02 07:59:03,26,1,3,3,6,0.0385,4456.0
C2001,7085.0,4,15,2024-06-03 20:34:15,2024-09-11 20:08:23,21,6,0,5,9,0.2857,1771.25
C2002,7506.0,3,14,2024-01-20 10:46:52,2024-09-30 08:50:33,18,8,1,1,6,0.4444,2502.0
C2003,5224.0,1,6,2024-07-22 13:48:46,2024-07-22 13:48:46,16,6,1,4,6,0.375,5224.0
C2004,14512.0,3,18,2024-09-13 15:37:02,2024-11-18 02:18:19,14,4,1,0,6,0.2857,4837.33
C2005,12827.0,4,23,2024-02-12 09:03:47,2024-07-19 18:19:08,25,9,2,4,8,0.36,3206.75
C2006,4644.0,1,6,2024-07-17 08:48:39,2024-07-17 08:48:39,13,1,1,2,4,0.0769,4644.0
C2007,7879.0,3,11,2024-02-24 07:09:00,2024-07-01 17:48:19,9,4,2,2,4,0.4444,2626.33
C2008,16268.0,6,22,2024-01-11 22:28:55,2024-12-06 04:27:13,23,5,1,3,7,0.2174,2711.33
C2009,4346.0,2,4,2024-10-06 05:42:48,2024-10-17 21:59:21,0,0,0,0,0,0.0,2173.0
C2010,12136.0,2,14,2024-08-14 06:32:09,2024-08-31 22:17:19,7,2,0,3,5,0.2857,6068.0
C2011,3995.0,2,5,2024-06-14 09:46:27,2024-12-27 03:43:38,6,2,0,3,3,0.3333,1997.5
C2012,0.0,0,0,,,19,3,0,5,6,0.1579,0.0
C2013,6928.0,4,12,2024-03-06 06:21:57,2024-10-29 06:51:35,11,2,2,2,6,0.1818,1732.0
C2014,18133.0,5,27,2024-04-30 23:02:43,2024-10-16 09:42:56,19,6,2,4,6,0.3158,3626.6
C2015,13711.0,5,19,2024-01-12 11:33:42,2024-08-20 22:11:23,22,9,0,5,7,0.4091,2742.2
C2016,0.0,0,0,,,18,4,0,1,4,0.2222,0.0
C2017,8099.0,2,11,2024-02-13 11:27:35,2024-08-20 12:42:04,20,4,1,3,5,0.2,4049.5
C2018,2596.0,1,4,2024-12-19 17:02:36,2024-12-19 17:02:36,19,4,1,4,9,0.2105,2596.0
C2019,11302.0,5,18,2024-02-07 18:33:24,2024-08-24 21:54:19,3,5,0,4,4,1.6667,2260.4
C2020,28448.0,7,32,2024-01-15 13:42:14,2024-12-20 20:21:02,14,4,1,4,5,0.2857,4064.0
C2021,9091.0,2,9,2024-02-10 05:14:00,2024-04-10 05:30:40,28,4,1,8,7,0.1429,4545.5
C2022,2615.0,1,5,2024-09-01 05:58:50,2024-09-01 05:58:50,20,8,0,2,7,0.4,2615.0
C2023,6480.0,2,10,2024-03-17 00:12:10,2024-04-23 23:33:14,9,1,2,2,4,0.1111,3240.0
C2024,7960.0,2,10,2024-09-30 05:08:59,2024-10-18 22:35:35,39,11,1,6,11,0.2821,3980.0
C2025,7891.0,2,9,2024-10-15 11:54:03,2024-12-11 20:35:36,12,4,1,3,6,0.3333,3945.5
C2026,12727.0,6,33,2024-03-09 23:35:16,2024-11-30 19:59:50,17,4,1,3,5,0.2353,2121.17
C2027,12205.0,4,25,2024-02-12 17:58:30,2024-08-20 04:02:49,29,4,1,5,7,0.1379,3051.25
C2028,12731.0,3,19,2024-01-14 06:58:45,2024-05-21 13:08:50,25,7,0,5,8,0.28,4243.67
C2029,12794.0,5,16,2024-08-01 12:46:42,2024-12-18 17:17:05,17,6,3,2,8,0.3529,2558.8
C2030,30052.0,6,38,2024-01-09 20:01:40,2024-12-29 20:47:29,22,5,1,8,8,0.2273,5008.67
C2031,11313.0,3,17,2024-02-25 22:24:41,2024-12-02 19:50:39,43,15,3,9,12,0.3488,3771.0
C2032,3847.0,3,13,2024-01-08 14:56:38,2024-07-13 22:57:35,10,5,3,2,5,0.5,1282.33
C2033,8234.0,4,16,2024-03-02 16:28:33,2024-09-22 18:43:33,33,5,2,5,9,0.1515,2058.5
C2034,4760.0,2,10,2024-08-07 18:12:00,2024-09-11 00:34:13,17,7,2,2,6,0.4118,2380.0
C2035,16552.0,4,18,2024-01-04 17:43:23,2024-12-29 22:47:10,14,3,0,3,5,0.2143,4138.0
C2036,10193.0,2,7,2024-02-18 05:24:46,2024-07-30 11:57:13,26,9,2,1,7,0.3462,5096.5
C2037,699.0,1,1,2024-05-27 07:58:56,2024-05-27 07:58:56,10,3,1,2,4,0.3,699.0
C2038,13297.0,5,23,2024-01-27 15:55:58,2024-10-17 06:10:38,15,12,2,1,7,0.8,2659.4
C2039,865.0,2,5,2024-04-14 11:32:42,2024-09-15 21:00:48,20,5,1,4,7,0.25,432.5
C2040,14952.0,6,28,2024-03-04 11:40:20,2024-11-30 10:43:53,3,1,0,2,3,0.3333,2492.0
C2041,16029.0,4,21,2024-01-10 13:48:50,2024-11-11 17:15:42,5,1,1,3,2,0.2,4007.25
C2042,8126.0,3,14,2024-02-20 19:07:56,2024-12-13 23:06:54,24,10,1,4,6,0.4167,2708.67
C2043,6709.0,3,11,2024-05-03 20:25:35,2024-12-24 09:23:19,3,1,0,1,1,0.3333,2236.33
C2044,16359.0,5,21,2024-04-11 23:50:37,2024-11-04 12:21:37,6,2,0,0,3,0.3333,3271.8
C2045,36602.0,7,48,2024-01-19 22:35:38,2024-12-02 21:55:36,34,5,3,5,8,0.1471,5228.86
C2046,1965.0,2,5,2024-01-05 15:50:26,2024-01-08 08:54:43,16,8,0,2,6,0.5,982.5
C2047,468.0,1,2,2024-07-18 23:20:46,2024-07-18 23:20:46,17,13,5,3,10,0.7647,468.0
C2048,2747.0,1,3,2024-09-10 07:00:58,2024-09-10 07:00:58,18,11,1,4,7,0.6111,2747.0
C2049,6803.0,4,17,2024-06-29 08:49:56,2024-12-30 16:52:43,23,9,2,0,7,0.3913,1700.75
C2050,10321.0,4,19,2024-03-17 15:51:58,2024-12-16 03:35:51,15,5,3,3,5,0.3333,2580.25
C2051,848.0,1,2,2024-07-17 17:43:09,2024-07-17 17:43:09,34,7,0,2,9,0.2059,848.0
C2052,9715.0,2,15,2024-05-05 16:43:26,2024-12-29 23:26:20,15,1,1,4,4,0.0667,4857.5
C2053,6140.0,3,10,2024-02-22 01:46:40,2024-10-14 00:49:30,15,5,2,2,5,0.3333,2046.67
C2054,10491.0,3,19,2024-05-31 16:36:30,2024-10-07 23:56:16,29,8,6,10,10,0.2759,3497.0
C2055,12661.0,3,19,2024-01-16 17:42:53,2024-09-15 02:21:59,25,6,3,6,9,0.24,4220.33
C2056,6491.0,3,9,2024-05-25 05:06:12,2024-06-12 11:41:31,13,5,1,3,4,0.3846,2163.67
C2057,13721.0,4,19,2024-04-26 15:52:05,2024-12-04 22:16:49,11,2,1,0,4,0.1818,3430.25
C2058,11196.0,4,14,2024-01-03 14:41:44,2024-07-07 10:20:20,19,4,2,2,6,0.2105,2799.0
C2059,2421.0,2,9,2024-11-06 15:35:59,2024-11-25 03:52:41,5,1,1,0,2,0.2,1210.5
C2060,34253.0,8,37,2024-03-18 18:58:10,2024-11-12 09:05:10,10,2,0,0,3,0.2,4281.62
C2061,8939.0,3,11,2024-05-12 21:04:19,2024-06-28 03:05:02,11,8,1,2,7,0.7273,2979.67
C2062,28273.0,7,37,2024-02-07 13:09:59,2024-12-01 17:39:39,7,2,0,1,3,0.2857,4039.0
C2063,11380.0,4,20,2024-01-11 13:38:41,2024-08-12 04:58:33,27,10,3,4,10,0.3704,2845.0
C2064,4269.0,2,11,2024-01-27 07:31:42,2024-03-30 15:16:30,17,5,3,0,5,0.2941,2134.5
C2065,11671.0,4,19,2024-04-14 09:24:18,2024-12-31 15:21:41,24,9,2,8,13,0.375,2917.75
C2066,1757.0,1,3,2024-12-20 22:55:00,2024-12-20 22:55:00,5,3,0,2,4,0.6,1757.0
C2067,9138.0,4,22,2024-04-10 04:51:27,2024-08-05 19:18:47,22,5,1,2,9,0.2273,2284.5
C2068,13966.0,5,24,2024-03-18 13:06:14,2024-11-10 22:12:15,33,14,1,6,9,0.4242,2793.2
C2069,5551.0,3,9,2024-01-14 12:36:28,2024-07-30 17:04:25,36,9,0,3,10,0.25,1850.33
C2070,14865.0,4,15,2024-07-06 21:45:39,2024-11-15 09:42:29,13,6,0,2,6,0.4615,3716.25
C2071,11821.0,3,19,2024-02-01 01:48:10,2024-12-26 13:24:25,28,5,1,2,9,0.1786,3940.33
C2072,7307.0,6,23,2024-03-28 01:25:55,2024-11-01 20:11:13,5,2,0,0,2,0.4,1217.83
C2073,9317.0,3,13,2024-06-04 06:27:07,2024-09-25 03:54:03,27,8,5,5,9,0.2963,3105.67
C2074,258.0,1,2,2024-11-10 02:01:23,2024-11-10 02:01:23,23,7,2,3,7,0.3043,258.0
C2075,13710.0,8,20,2024-01-08 16:39:09,2024-12-10 13:02:30,19,12,1,5,7,0.6316,1713.75
C2076,1467.0,2,3,2024-05-24 03:48:08,2024-10-22 04:14:18,15,1,1,2,5,0.0667,733.5
C2077,12230.0,3,20,2024-04-17 07:53:43,2024-08-19 12:22:55,24,4,3,8,8,0.1667,4076.67
C2078,3701.0,2,9,2024-04-23 13:17:22,2024-10-04 12:26:00,39,9,0,6,9,0.2308,1850.5
C2079,10291.0,2,9,2024-01-23 10:48:53,2024-06-23 07:27:10,17,3,1,3,5,0.1765,5145.5
C2080,14502.0,8,28,2024-03-10 02:08:05,2024-11-21 10:04:49,26,4,2,3,7,0.1538,1812.75
C2081,2894.0,1,6,2024-10-27 09:12:04,2024-10-27 09:12:04,10,5,2,3,5,0.5,2894.0
C2082,12151.0,5,19,2024-03-30 20:05:52,2024-11-22 06:29:37,12,6,1,5,6,0.5,2430.2
C2083,2646.0,1,4,2024-07-05 01:51:38,2024-07-05 01:51:38,14,7,1,2,6,0.5,2646.0
C2084,4141.0,2,9,2024-12-14 04:41:28,2024-12-23 19:57:47,15,6,1,2,5,0.4,2070.5
C2085,12461.0,3,19,2024-01-09 09:16:03,2024-12-15 12:31:02,26,6,2,2,7,0.2308,4153.67
C2086,3395.0,2,5,2024-04-23 03:33:38,2024-10-03 04:24:13,2,1,1,0,2,0.5,1697.5
C2087,0.0,0,0,,,24,4,2,2,7,0.1667,0.0
C2088,6689.0,5,11,2024-06-13 20:22:49,2024-11-02 03:31:21,27,3,2,7,7,0.1111,1337.8
C2089,17638.0,6,22,2024-04-04 06:32:24,2024-09-16 19:33:15,14,6,3,2,5,0.4286,2939.67
C2090,1975.0,1,5,2024-03-17 08:07:40,2024-03-17 08:07:40,17,5,1,3,4,0.2941,1975.0
C2091,19680.0,7,30,2024-02-10 12:23:48,2024-11-08 04:57:05,15,6,3,0,6,0.4,2811.43
C2092,0.0,0,0,,,15,5,1,6,8,0.3333,0.0
C2093,3148.0,1,2,2024-11-05 22:48:11,2024-11-05 22:48:11,21,6,3,1,7,0.2857,3148.0
C2094,99.0,1,1,2024-02-14 09:33:58,2024-02-14 09:33:58,29,4,1,2,8,0.1379,99.0
C2095,23681.0,5,29,2024-04-07 00:44:04,2024-09-16 18:52:32,10,3,1,3,5,0.3,4736.2
C2096,5465.0,4,15,2024-05-08 11:45:15,2024-10-21 13:21:18,15,3,2,6,4,0.2,1366.25
C2097,6626.0,3,14,2024-01-12 18:04:55,2024-10-09 11:49:01,5,4,0,2,3,0.8,2208.67
C2098,9338.0,1,12,2024-05-09 04:19:52,2024-05-09 04:19:52,18,3,2,1,4,0.1667,9338.0
C2099,13091.0,6,19,2024-03-31 01:31:06,2024-12-20 21:45:17,25,8,4,11,10,0.32,2181.83
C2100,13053.0,6,17,2024-01-23 07:54:30,2024-11-16 16:07:50,9,8,2,3,4,0.8889,2175.5
C2101,2632.0,1,8,2024-09-17 03:42:11,2024-09-17 03:42:11,23,9,1,3,6,0.3913,2632.0
C2102,24790.0,5,30,2024-01-25 19:53:10,2024-11-24 17:17:56,6,3,0,1,2,0.5,4958.0
C2103,18434.0,5,26,2024-01-01 19:26:26,2024-11-27 03:52:44,16,4,1,2,8,0.25,3686.8
C2104,1697.0,2,3,2024-06-18 09:46:40,2024-10-14 15:17:01,16,1,1,1,4,0.0625,848.5
C2105,0.0,0,0,,,13,4,0,4,6,0.3077,0.0
C2106,14308.0,4,22,2024-05-12 23:29:33,2024-11-13 07:36:05,28,13,3,3,11,0.4643,3577.0
C2107,7343.0,5,17,2024-05-17 22:16:00,2024-09-20 02:59:40,19,8,1,4,8,0.4211,1468.6
C2108,25846.0,4,24,2024-03-14 16:50:20,2024-11-25 22:08:44,22,10,1,5,7,0.4545,6461.5
C2109,8671.0,1,9,2024-02-11 18:19:52,2024-02-11 18:19:52,26,7,1,2,8,0.2692,8671.0
C2110,7192.0,2,8,2024-02-25 22:51:06,2024-08-25 21:55:30,12,7,2,2,8,0.5833,3596.0
C2111,25646.0,6,34,2024-02-17 21:06:27,2024-06-23 14:33:30,18,3,2,0,4,0.1667,4274.33
C2112,9889.0,2,11,2024-01-17 18:49:07,2024-11-15 01:07:18,16,5,0,2,5,0.3125,4944.5
C2113,15306.0,6,24,2024-05-15 18:19:44,2024-12-02 10:20:50,24,8,1,3,8,0.3333,2551.0
C2114,4843.0,3,7,2024-06-18 13:52:32,2024-09-23 12:57:31,18,5,1,4,6,0.2778,1614.33
C2115,11834.0,4,16,2024-01-01 14:42:48,2024-12-26 08:03:13,11,4,0,2,5,0.3636,2958.5
C2116,10990.0,4,10,2024-02-05 02:58:41,2024-04-26 04:19:40,31,6,1,4,9,0.1935,2747.5
C2117,12786.0,2,14,2024-02-08 19:04:14,2024-07-29 12:58:03,47,8,2,8,12,0.1702,6393.0
C2118,12335.0,4,15,2024-01-30 19:51:18,2024-10-16 00:30:03,32,10,1,4,9,0.3125,3083.75
C2119,3184.0,3,6,2024-08-20 12:12:16,2024-11-02 06:11:57,22,4,0,2,6,0.1818,1061.33
C2120,12323.0,5,17,2024-01-30 18:05:11,2024-10-31 13:43:10,13,2,1,0,5,0.1538,2464.6
C2121,23593.0,2,27,2024-03-10 23:25:16,2024-03-29 19:56:29,15,4,2,0,5,0.2667,11796.5
C2122,19594.0,4,16,2024-01-25 03:02:22,2024-05-16 17:29:03,4,1,0,1,3,0.25,4898.5
C2123,2626.0,1,4,2024-04-27 22:14:26,2024-04-27 22:14:26,20,5,0,2,8,0.25,2626.0
C2124,5708.0,3,12,2024-02-27 22:07:38,2024-12-31 10:59:16,27,9,1,4,10,0.3333,1902.67
C2125,11548.0,3,12,2024-06-13 18:25:01,2024-08-04 11:52:58,24,10,3,2,11,0.4167,3849.33
C2126,8701.0,3,19,2024-03-24 19:43:17,2024-09-19 10:04:48,7,1,0,0,4,0.1429,2900.33
C2127,7542.0,3,8,2024-05-12 06:52:12,2024-09-26 00:10:58,6,2,1,2,3,0.3333,2514.0
C2128,28025.0,7,35,2024-01-16 20:12:22,2024-10-09 23:40:11,19,4,0,3,7,0.2105,4003.57
C2129,25933.0,8,47,2024-01-08 07:40:49,2024-10-05 17:02:50,23,13,2,2,9,0.5652,3241.62
C2130,9318.0,2,12,2024-05-20 09:09:42,2024-06-27 01:26:51,16,5,1,1,7,0.3125,4659.0
C2131,6203.0,3,17,2024-02-25 08:31:22,2024-10-31 19:44:58,9,2,1,1,5,0.2222,2067.67
C2132,14640.0,5,20,2024-02-13 02:12:57,2024-10-19 08:14:37,15,8,2,1,4,0.5333,2928.0
C2133,7774.0,3,16,2024-01-20 19:55:01,2024-05-21 11:29:24,16,8,0,3,4,0.5,2591.33
C2134,18089.0,4,21,2024-04-01 15:12:45,2024-10-17 07:33:51,25,8,0,3,8,0.32,4522.25
C2135,5794.0,2,6,2024-02-25 06:07:24,2024-12-28 15:23:00,22,5,2,3,7,0.2273,2897.0
C2136,24434.0,4,26,2024-05-08 02:34:15,2024-11-18 12:51:48,43,14,2,3,11,0.3256,6108.5
C2137,1348.0,1,2,2024-08-17 13:06:20,2024-08-17 13:06:20,27,1,3,5,6,0.037,1348.0
C2138,2011.0,2,9,2024-05-03 02:50:40,2024-09-06 12:26:18,21,10,1,2,7,0.4762,1005.5
C2139,7800.0,2,10,2024-07-10 06:28:27,2024-07-15 18:41:23,32,10,3,7,8,0.3125,3900.0
C2140,7805.0,2,15,2024-05-19 11:45:21,2024-06-20 18:00:51,6,6,2,1,5,1.0,3902.5
C2141,12518.0,3,22,2024-01-19 21:04:21,2024-08-28 14:17:19,16,12,3,3,10,0.75,4172.67
C2142,6952.0,3,18,2024-06-22 14:58:36,2024-09-05 03:20:23,22,10,2,6,9,0.4545,2317.33
C2143,258.0,1,2,2024-04-25 04:38:58,2024-04-25 04:38:58,17,6,1,9,6,0.3529,258.0
C2144,9855.0,3,15,2024-02-27 04:45:55,2024-11-29 20:48:36,14,1,3,5,6,0.0714,3285.0
C2145,3997.0,1,3,2024-08-23 17:41:29,2024-08-23 17:41:29,21,8,1,3,8,0.381,3997.0
C2146,0.0,0,0,,,26,7,1,4,7,0.2692,0.0
C2147,5625.0,3,15,2024-02-22 05:22:00,2024-10-06 14:20:48,15,3,3,2,6,0.2,1875.0
C2148,4341.0,3,9,2024-01-12 16:23:56,2024-08-25 16:43:03,23,6,0,2,7,0.2609,1447.0
C2149,25240.0,5,30,2024-02-02 08:26:05,2024-09-15 15:38:55,12,8,1,3,6,0.6667,5048.0
C2150,5090.0,2,10,2024-03-20 00:21:20,2024-10-22 03:46:57,12,7,2,1,4,0.5833,2545.0
C2151,11333.0,6,17,2024-01-13 05:23:40,2024-10-30 05:36:12,22,6,1,0,6,0.2727,1888.83
C2152,0.0,0,0,,,20,6,3,5,10,0.3,0.0
C2153,13839.0,3,21,2024-03-19 08:06:12,2024-07-23 09:59:19,8,1,0,5,3,0.125,4613.0
C2154,8728.0,2,12,2024-04-17 03:22:18,2024-08-29 10:14:39,9,2,1,4,5,0.2222,4364.0
C2155,4045.0,1,5,2024-07-19 12:16:19,2024-07-19 12:16:19,18,6,4,2,6,0.3333,4045.0
C2156,4972.0,3,8,2024-03-29 12:40:01,2024-08-08 11:18:57,25,5,2,5,9,0.2,1657.33
C2157,5312.0,3,8,2024-02-09 23:41:00,2024-09-15 09:17:15,18,11,3,7,9,0.6111,1770.67
C2158,13549.0,3,21,2024-05-04 21:34:13,2024-11-26 16:09:06,14,9,2,2,5,0.6429,4516.33
C2159,8955.0,3,15,2024-08-12 23:12:06,2024-12-14 07:22:51,19,5,0,1,6,0.2632,2985.0
C2160,15705.0,3,25,2024-02-11 05:15:17,2024-11-09 03:10:55,15,6,2,5,5,0.4,5235.0
C2161,99.0,1,1,2024-06-04 06:04:49,2024-06-04 06:04:49,24,5,0,3,7,0.2083,99.0
C2162,13313.0,3,17,2024-03-22 20:36:47,2024-11-12 15:00:42,13,5,1,2,5,0.3846,4437.67
C2163,5451.0,3,9,2024-06-10 07:13:54,2024-10-24 19:00:08,16,7,0,3,9,0.4375,1817.0
C2164,10765.0,3,15,2024-04-22 17:00:30,2024-11-29 20:33:34,17,3,1,7,7,0.1765,3588.33
C2165,17970.0,7,30,2024-04-19 16:40:59,2024-12-23 21:23:28,14,2,0,1,3,0.1429,2567.14
C2166,5194.0,1,6,2024-01-14 01:21:58,2024-01-14 01:21:58,34,4,4,3,9,0.1176,5194.0
C2167,17652.0,7,28,2024-01-13 07:53:30,2024-11-06 15:56:11,25,7,0,2,7,0.28,2521.71
C2168,465.0,2,5,2024-01-26 02:48:22,2024-11-08 07:00:15,28,6,2,3,9,0.2143,232.5
C2169,17270.0,7,30,2024-04-16 04:42:06,2024-10-29 08:09:33,17,11,1,2,9,0.6471,2467.14
C2170,6195.0,2,5,2024-05-29 12:55:52,2024-12-24 21:29:22,9,2,1,1,4,0.2222,3097.5
C2171,5553.0,2,7,2024-08-27 01:49:58,2024-11-05 17:20:11,29,10,1,5,8,0.3448,2776.5
C2172,198.0,1,2,2024-11-09 09:05:36,2024-11-09 09:05:36,25,7,2,2,6,0.28,198.0
C2173,16259.0,4,21,2024-01-10 16:24:32,2024-07-12 13:20:26,9,3,0,0,2,0.3333,4064.75
C2174,23278.0,5,32,2024-01-14 01:02:41,2024-09-28 22:36:02,36,8,5,2,10,0.2222,4655.6
C2175,917.0,1,3,2024-11-08 17:36:37,2024-11-08 17:36:37,16,7,1,4,9,0.4375,917.0
C2176,8019.0,3,11,2024-03-05 10:43:23,2024-11-30 05:05:46,23,18,1,2,11,0.7826,2673.0
C2177,9031.0,4,19,2024-02-11 21:17:03,2024-10-28 03:13:59,20,5,1,2,6,0.25,2257.75
C2178,19993.0,4,27,2024-02-13 20:54:57,2024-12-15 12:37:59,14,2,4,1,4,0.1429,4998.25
C2179,10196.0,5,14,2024-01-27 02:19:41,2024-10-02 02:20:13,11,2,0,3,4,0.1818,2039.2
C2180,349.0,1,1,2024-09-03 20:24:22,2024-09-03 20:24:22,18,8,1,2,7,0.4444,349.0
C2181,8348.0,3,22,2024-04-13 08:28:09,2024-12-15 22:47:14,11,2,2,6,4,0.1818,2782.67
C2182,13011.0,5,19,2024-01-12 20:36:50,2024-10-31 06:26:35,16,6,1,5,7,0.375,2602.2
C2183,0.0,0,0,,,19,10,1,2,6,0.5263,0.0
C2184,25429.0,5,31,2024-05-24 00:19:46,2024-12-25 21:53:57,16,7,1,6,7,0.4375,5085.8
C2185,10292.0,4,18,2024-01-01 23:56:24,2024-11-06 01:59:15,13,5,0,1,4,0.3846,2573.0
C2186,6798.0,3,12,2024-03-04 08:09:02,2024-05-25 08:24:46,17,9,1,4,7,0.5294,2266.0
C2187,6843.0,2,7,2024-02-02 12:58:28,2024-07-02 13:04:54,15,1,0,1,4,0.0667,3421.5
C2188,11105.0,4,15,2024-03-28 08:32:47,2024-12-11 03:41:44,10,2,1,2,4,0.2,2776.25
C2189,5443.0,2,7,2024-07-18 17:03:25,2024-09-18 19:23:26,32,10,1,6,9,0.3125,2721.5
C2190,12178.0,2,12,2024-05-23 02:41:28,2024-07-31 08:23:58,19,7,0,4,9,0.3684,6089.0
C2191,5034.0,1,6,2024-04-19 06:00:40,2024-04-19 06:00:40,16,4,2,2,6,0.25,5034.0
C2192,22644.0,5,26,2024-07-19 07:43:53,2024-12-16 10:55:20,11,4,2,1,3,0.3636,4528.8
C2193,15211.0,5,19,2024-01-24 12:38:02,2024-10-14 03:21:59,2,2,1,0,2,1.0,3042.2
C2194,15069.0,3,21,2024-01-31 01:53:18,2024-09-05 18:44:59,18,8,3,2,8,0.4444,5023.0
C2195,7368.0,3,12,2024-04-08 06:43:27,2024-12-01 07:49:40,13,2,2,3,5,0.1538,2456.0
C2196,11392.0,3,18,2024-08-01 18:50:10,2024-10-15 00:48:58,2,0,0,0,1,0.0,3797.33
C2197,4057.0,2,13,2024-01-20 10:03:26,2024-06-02 04:17:40,12,3,1,0,3,0.25,2028.5
C2198,2897.0,1,3,2024-03-27 09:20:05,2024-03-27 09:20:05,25,5,1,4,6,0.2,2897.0
C2199,18322.0,6,28,2024-01-02 20:26:08,2024-11-16 03:17:57,36,5,1,6,10,0.1389,3053.67
C2200,7291.0,3,9,2024-02-25 07:46:40,2024-11-27 12:22:37,8,2,0,0,2,0.25,2430.33
C2201,1726.0,1,4,2024-08-22 12:57:34,2024-08-22 12:57:34,10,2,0,0,5,0.2,1726.0
C2202,1199.0,1,1,2024-02-29 20:07:39,2024-02-29 20:07:39,20,6,2,6,5,0.3,1199.0
C2203,19826.0,7,24,2024-01-08 18:54:05,2024-12-01 06:16:30,21,12,2,7,11,0.5714,2832.29
C2204,17147.0,5,23,2024-03-19 20:17:25,2024-11-24 16:04:53,10,9,2,2,5,0.9,3429.4
C2205,6341.0,2,9,2024-03-16 06:29:06,2024-05-17 04:54:56,11,3,1,2,4,0.2727,3170.5
C2206,13488.0,3,22,2024-03-18 03:20:04,2024-07-28 09:18:47,12,4,1,2,4,0.3333,4496.0
C2207,6695.0,5,15,2024-01-11 12:17:26,2024-11-07 18:47:39,13,3,1,2,5,0.2308,1339.0
C2208,8041.0,5,19,2024-01-17 03:47:17,2024-12-24 19:14:17,15,8,4,2,7,0.5333,1608.2
C2209,19831.0,4,19,2024-02-07 07:54:18,2024-12-24 21:44:14,16,3,0,1,5,0.1875,4957.75
C2210,15487.0,4,23,2024-02-15 01:48:18,2024-09-26 08:48:57,17,5,4,0,10,0.2941,3871.75
C2211,14064.0,5,16,2024-06-15 08:48:12,2024-12-04 00:09:17,23,8,2,7,9,0.3478,2812.8
C2212,22735.0,3,15,2024-08-22 16:23:10,2024-11-16 16:20:13,18,7,1,6,6,0.3889,7578.33
C2213,13984.0,4,16,2024-02-10 06:02:15,2024-07-07 01:48:35,12,2,1,1,4,0.1667,3496.0
C2214,20089.0,3,31,2024-06-04 02:59:29,2024-12-31 15:28:23,18,6,2,3,5,0.3333,6696.33
C2215,15117.0,7,23,2024-02-25 23:35:35,2024-12-22 05:21:16,39,7,2,4,9,0.1795,2159.57
C2216,21785.0,7,25,2024-02-17 06:21:40,2024-12-02 18:47:13,17,1,0,2,4,0.0588,3112.14
C2217,26549.0,5,31,2024-03-11 23:31:23,2024-10-13 12:30:32,21,13,3,3,9,0.619,5309.8
C2218,9044.0,4,16,2024-05-01 13:28:03,2024-12-16 22:52:03,18,5,3,2,5,0.2778,2261.0
C2219,9267.0,3,13,2024-02-19 01:20:33,2024-06-16 06:40:19,15,2,0,1,3,0.1333,3089.0
C2220,3042.0,1,8,2024-01-28 00:32:37,2024-01-28 00:32:37,23,9,0,1,7,0.3913,3042.0
C2221,14365.0,3,15,2024-01-06 23:13:34,2024-12-27 21:05:23,16,6,0,5,6,0.375,4788.33
C2222,10190.0,3,10,2024-03-10 19:47:18,2024-12-18 12:37:13,9,4,1,1,4,0.4444,3396.67
C2223,3397.0,1,3,2024-04-21 01:46:26,2024-04-21 01:46:26,15,5,0,3,5,0.3333,3397.0
C2224,5861.0,3,9,2024-03-17 05:45:47,2024-12-02 12:49:19,10,1,1,2,3,0.1,1953.67
C2225,1763.0,3,7,2024-05-04 08:11:21,2024-10-31 01:32:06,7,4,0,1,4,0.5714,587.67
C2226,8962.0,5,18,2024-02-17 13:18:31,2024-11-14 11:16:28,13,2,1,5,4,0.1538,1792.4
C2227,0.0,0,0,,,22,10,2,1,6,0.4545,0.0
C2228,7088.0,3,12,2024-02-24 14:56:54,2024-12-17 07:39:53,16,2,0,6,4,0.125,2362.67
C2229,7722.0,2,18,2024-01-10 12:33:35,2024-05-17 10:55:04,27,8,2,5,8,0.2963,3861.0
C2230,18323.0,5,27,2024-04-24 20:21:05,2024-12-05 08:19:52,7,2,1,2,3,0.2857,3664.6
C2231,6113.0,3,17,2024-02-23 19:07:42,2024-06-14 13:45:46,10,3,1,0,4,0.3,2037.67
C2232,3796.0,2,4,2024-04-14 20:22:09,2024-10-31 04:54:39,19,6,0,2,6,0.3158,1898.0
C2233,9519.0,4,11,2024-04-04 18:34:43,2024-09-20 07:22:13,21,5,2,5,6,0.2381,2379.75
C2234,10068.0,3,12,2024-03-30 12:45:02,2024-09-12 11:21:45,18,5,2,6,9,0.2778,3356.0
C2235,7484.0,6,16,2024-02-14 06:09:57,2024-12-22 16:31:12,8,1,1,0,2,0.125,1247.33
C2236,3203.0,3,7,2024-03-19 10:26:48,2024-05-03 07:34:04,17,4,0,2,5,0.2353,1067.67
C2237,6689.0,2,11,2024-07-22 19:09:17,2024-08-09 22:01:27,21,8,0,8,9,0.381,3344.5
C2238,9079.0,3,11,2024-03-17 01:54:56,2024-10-15 01:06:55,23,7,1,2,6,0.3043,3026.33
C2239,5932.0,2,8,2024-08-22 08:00:00,2024-11-12 14:22:55,18,6,1,4,7,0.3333,2966.0
C2240,13977.0,4,23,2024-02-14 23:40:10,2024-11-03 11:59:07,13,1,0,4,6,0.0769,3494.25
C2241,9551.0,5,19,2024-04-11 17:18:32,2024-12-19 17:06:51,10,5,2,1,3,0.5,1910.2
C2242,5096.0,2,14,2024-08-26 21:51:05,2024-12-15 23:17:17,16,7,1,5,7,0.4375,2548.0
C2243,16138.0,8,42,2024-03-19 07:43:49,2024-12-05 20:16:08,20,2,2,2,6,0.1,2017.25
C2244,5464.0,2,6,2024-06-01 18:36:27,2024-12-27 06:20:45,18,10,2,9,8,0.5556,2732.0
C2245,11032.0,3,18,2024-04-30 12:45:10,2024-08-09 00:06:02,18,4,1,3,6,0.2222,3677.33
C2246,22588.0,6,22,2024-05-07 15:18:10,2024-12-27 16:38:47,6,7,0,1,3,1.1667,3764.67
C2247,6072.0,2,8,2024-03-18 01:48:04,2024-12-14 19:13:18,28,5,5,5,9,0.1786,3036.0
C2248,5094.0,3,6,2024-01-01 06:06:05,2024-04-05 15:10:39,13,6,2,2,5,0.4615,1698.0
C2249,5019.0,2,11,2024-02-07 19:37:39,2024-05-04 07:23:40,7,1,0,1,3,0.1429,2509.5
C2250,13589.0,4,21,2024-01-17 15:51:04,2024-11-19 23:42:59,27,6,1,2,10,0.2222,3397.25
C2251,23283.0,5,37,2024-01-19 06:01:37,2024-08-22 03:29:42,10,2,0,1,4,0.2,4656.6
C2252,19193.0,6,37,2024-02-28 00:03:01,2024-06-23 16:13:51,14,7,2,1,6,0.5,3198.83
C2253,11267.0,3,13,2024-08-11 08:43:06,2024-12-31 12:21:36,31,12,1,5,9,0.3871,3755.67
C2254,11264.0,5,16,2024-02-16 00:45:49,2024-10-03 23:46:07,10,2,1,3,6,0.2,2252.8
C2255,14910.0,4,20,2024-01-28 20:08:12,2024-12-17 21:01:02,22,7,1,6,7,0.3182,3727.5
C2256,8141.0,2,9,2024-03-26 08:18:08,2024-06-05 09:56:11,14,9,0,3,6,0.6429,4070.5
C2257,3952.0,2,8,2024-09-04 04:07:39,2024-11-29 17:43:43,16,4,2,4,6,0.25,1976.0
C2258,1084.0,1,6,2024-05-28 01:29:51,2024-05-28 01:29:51,18,5,1,4,5,0.2778,1084.0
C2259,9044.0,3,16,2024-03-08 22:40:23,2024-11-06 07:25:57,18,5,3,1,5,0.2778,3014.67
C2260,10074.0,4,16,2024-06-21 21:19:31,2024-10-28 07:10:06,6,2,0,1,3,0.3333,2518.5
C2261,7523.0,2,7,2024-11-13 09:47:24,2024-11-30 18:33:24,5,5,0,2,2,1.0,3761.5
C2262,17628.0,5,22,2024-04-03 09:50:27,2024-06-22 18:20:59,21,8,2,4,6,0.381,3525.6
C2263,6151.0,3,9,2024-05-03 06:13:07,2024-10-09 05:50:37,21,3,4,6,6,0.1429,2050.33
C2264,5514.0,4,16,2024-07-11 16:41:26,2024-09-22 16:04:12,25,6,0,4,8,0.24,1378.5
C2265,21471.0,4,29,2024-01-02 07:25:06,2024-12-05 14:48:10,27,7,2,2,8,0.2593,5367.75
C2266,19962.0,4,18,2024-02-23 00:13:41,2024-12-24 05:02:49,14,5,2,0,7,0.3571,4990.5
C2267,25581.0,7,39,2024-02-04 01:08:28,2024-06-20 09:05:28,17,5,2,3,4,0.2941,3654.43
C2268,10043.0,2,7,2024-02-18 11:51:46,2024-10-22 03:15:57,11,4,4,3,7,0.3636,5021.5
C2269,0.0,0,0,,,28,12,0,5,11,0.4286,0.0
C2270,18503.0,4,27,2024-02-21 21:12:58,2024-06-12 18:44:09,5,0,0,2,2,0.0,4625.75
C2271,8149.0,4,11,2024-01-24 11:40:20,2024-12-24 00:03:17,30,9,1,1,10,0.3,2037.25
C2272,9188.0,1,12,2024-01-07 04:37:30,2024-01-07 04:37:30,15,3,3,2,5,0.2,9188.0
C2273,19479.0,9,21,2024-03-31 00:06:15,2024-10-12 22:00:40,16,9,3,3,7,0.5625,2164.33
C2274,7250.0,5,10,2024-01-04 10:33:28,2024-10-12 13:39:25,23,9,0,3,8,0.3913,1450.0
C2275,19993.0,5,27,2024-02-27 04:40:42,2024-12-15 21:07:32,9,3,0,0,3,0.3333,3998.6
C2276,15359.0,6,21,2024-02-26 23:49:30,2024-12-23 04:45:51,11,4,2,1,4,0.3636,2559.83
C2277,3944.0,2,6,2024-07-14 11:22:05,2024-09-04 13:13:25,14,10,2,7,6,0.7143,1972.0
C2278,25600.0,4,30,2024-02-04 04:24:43,2024-08-02 05:57:10,15,6,4,2,7,0.4,6400.0
C2279,6342.0,4,8,2024-01-04 05:29:35,2024-10-27 07:59:55,14,4,2,2,6,0.2857,1585.5
C2280,4369.0,2,11,2024-01-10 13:37:51,2024-10-03 17:25:14,27,9,0,1,8,0.3333,2184.5
C2281,16761.0,5,19,2024-06-19 02:39:45,2024-12-03 23:22:16,24,10,1,4,9,0.4167,3352.2
C2282,7902.0,3,18,2024-03-31 17:52:52,2024-10-14 03:20:22,8,2,0,3,2,0.25,2634.0
C2283,18492.0,3,18,2024-01-26 06:07:46,2024-11-12 13:46:20,26,8,4,1,7,0.3077,6164.0
C2284,11195.0,4,15,2024-06-24 12:31:54,2024-12-16 10:50:41,24,6,4,1,7,0.25,2798.75
C2285,10315.0,2,15,2024-07-15 17:47:37,2024-11-23 23:16:15,17,4,0,3,6,0.2353,5157.5
C2286,9147.0,5,13,2024-04-12 01:27:53,2024-12-11 23:44:03,8,6,0,3,5,0.75,1829.4
C2287,3032.0,3,8,2024-04-19 10:04:34,2024-07-10 07:22:40,30,5,3,6,8,0.1667,1010.67
C2288,2816.0,1,4,2024-02-21 03:36:46,2024-02-21 03:36:46,13,3,1,2,4,0.2308,2816.0
C2289,4462.0,3,8,2024-01-07 22:58:55,2024-08-13 06:25:35,17,5,3,0,6,0.2941,1487.33
C2290,4944.0,2,6,2024-04-26 23:27:05,2024-06-29 16:23:49,16,4,0,1,4,0.25,2472.0
C2291,15022.0,5,18,2024-01-03 06:58:55,2024-11-10 10:44:40,7,2,0,2,3,0.2857,3004.4
C2292,7164.0,3,16,2024-02-23 16:29:46,2024-12-02 21:22:15,20,2,0,1,3,0.1,2388.0
C2293,12738.0,2,12,2024-01-19 09:58:47,2024-10-31 07:02:09,14,4,1,1,6,0.2857,6369.0
C2294,31075.0,9,55,2024-03-17 21:10:19,2024-12-07 19:27:36,18,12,0,4,7,0.6667,3452.78
C2295,4926.0,2,4,2024-09-10 20:56:49,2024-12-09 15:49:47,4,0,0,1,2,0.0,2463.0
C2296,23975.0,5,25,2024-03-21 01:55:51,2024-12-02 21:32:05,23,8,0,3,6,0.3478,4795.0
C2297,5290.0,3,10,2024-02-14 07:16:26,2024-11-03 09:00:00,29,8,0,3,8,0.2759,1763.33
C2298,11791.0,4,19,2024-02-27 20:20:54,2024-12-07 13:00:54,21,6,0,2,6,0.2857,2947.75
C2299,21146.0,5,24,2024-01-06 19:56:26,2024-12-04 19:19:51,12,2,1,2,3,0.1667,4229.2
C2300,699.0,1,1,2024-01-25 10:06:03,2024-01-25 10:06:03,20,9,2,4,9,0.45,699.0
C2301,7241.0,3,9,2024-01-23 17:08:39,2024-07-31 15:18:25,12,4,0,0,4,0.3333,2413.67
C2302,15996.0,5,14,2024-03-09 07:23:28,2024-08-07 13:21:12,16,5,1,2,5,0.3125,3199.2
C2303,15646.0,3,14,2024-01-21 18:04:01,2024-12-04 21:22:01,16,4,2,4,4,0.25,5215.33
C2304,4894.0,2,6,2024-07-26 01:50:18,2024-11-11 19:04:57,35,7,0,3,10,0.2,2447.0
C2305,22760.0,7,30,2024-03-09 19:19:41,2024-12-25 17:09:47,8,4,0,0,3,0.5,3251.43
C2306,10121.0,3,9,2024-02-02 02:17:00,2024-09-07 12:51:22,24,3,2,5,8,0.125,3373.67
C2307,4041.0,3,9,2024-03-15 03:27:06,2024-08-22 18:25:20,37,5,1,2,8,0.1351,1347.0
C2308,3670.0,1,10,2024-06-20 17:36:59,2024-06-20 17:36:59,20,6,2,1,8,0.3,3670.0
C2309,3924.0,3,6,2024-03-09 18:06:03,2024-11-30 16:33:28,12,3,0,1,6,0.25,1308.0
C2310,7723.0,3,17,2024-01-13 05:05:34,2024-08-10 05:23:09,15,4,3,3,5,0.2667,2574.33
C2311,9485.0,2,15,2024-11-03 06:40:34,2024-11-13 01:54:09,5,7,0,1,4,1.4,4742.5
C2312,2410.0,3,10,2024-02-08 22:33:31,2024-08-07 09:22:11,14,3,1,3,4,0.2143,803.33
C2313,756.0,2,4,2024-03-19 21:50:07,2024-04-13 00:26:48,9,5,0,2,3,0.5556,378.0
C2314,5539.0,3,11,2024-01-07 16:15:22,2024-05-18 16:10:21,11,6,0,0,6,0.5455,1846.33
C2315,12746.0,4,24,2024-01-13 15:30:21,2024-12-29 01:30:14,18,5,1,2,7,0.2778,3186.5
C2316,20806.0,4,24,2024-01-18 19:04:14,2024-12-31 21:51:56,44,10,1,6,11,0.2273,5201.5
C2317,6112.0,3,8,2024-01-13 13:07:02,2024-12-18 11:00:29,18,7,4,2,7,0.3889,2037.33
C2318,19285.0,8,35,2024-02-06 00:18:10,2024-11-29 11:35:49,21,2,2,1,5,0.0952,2410.62
C2319,11275.0,5,15,2024-04-03 18:24:04,2024-10-23 07:38:27,22,7,2,2,7,0.3182,2255.0
C2320,13339.0,5,21,2024-02-28 05:19:42,2024-10-30 20:49:40,16,4,2,3,6,0.25,2667.8
C2321,5908.0,2,12,2024-04-13 01:19:37,2024-08-31 18:28:13,11,3,1,1,4,0.2727,2954.0
C2322,9175.0,3,15,2024-05-13 10:43:47,2024-12-20 14:15:06,19,6,2,1,8,0.3158,3058.33
C2323,0.0,0,0,,,20,5,2,2,7,0.25,0.0
C2324,7171.0,3,9,2024-01-24 14:29:38,2024-12-27 22:54:38,8,2,0,1,2,0.25,2390.33
C2325,129.0,1,1,2024-12-20 08:01:17,2024-12-20 08:01:17,17,8,1,7,7,0.4706,129.0
C2326,0.0,0,0,,,11,4,2,2,5,0.3636,0.0
C2327,0.0,0,0,,,6,9,1,4,4,1.5,0.0
C2328,5294.0,3,16,2024-06-07 16:51:48,2024-12-08 01:28:31,7,4,0,1,3,0.5714,1764.67
C2329,14179.0,3,21,2024-02-28 16:38:15,2024-08-03 10:01:10,10,1,0,1,3,0.1,4726.33
C2330,17373.0,4,27,2024-02-05 09:29:41,2024-11-20 19:44:23,7,3,1,0,4,0.4286,4343.25
C2331,11166.0,4,14,2024-07-29 00:29:57,2024-11-24 13:55:09,10,7,1,4,6,0.7,2791.5
C2332,8176.0,4,14,2024-02-08 17:17:26,2024-12-26 01:49:15,11,5,0,2,4,0.4545,2044.0
C2333,0.0,0,0,,,15,2,1,2,4,0.1333,0.0
C2334,8359.0,1,11,2024-03-30 15:07:21,2024-03-30 15:07:21,14,4,2,1,3,0.2857,8359.0
C2335,1544.0,2,6,2024-04-02 07:50:49,2024-11-09 13:47:58,18,4,4,3,8,0.2222,772.0
C2336,17072.0,6,38,2024-02-23 08:00:10,2024-07-16 02:34:05,14,8,2,3,4,0.5714,2845.33
C2337,11034.0,4,16,2024-01-18 11:29:39,2024-10-16 07:37:03,24,5,1,0,8,0.2083,2758.5
C2338,8989.0,2,11,2024-07-16 01:23:41,2024-08-11 19:59:35,23,5,1,0,9,0.2174,4494.5
C2339,8170.0,5,20,2024-06-28 15:27:51,2024-12-31 00:39:37,14,8,1,2,7,0.5714,1634.0
C2340,1396.0,2,4,2024-06-10 13:30:04,2024-11-16 21:03:44,1,2,0,0,3,2.0,698.0
C2341,10434.0,3,16,2024-02-24 22:50:36,2024-11-13 04:46:37,5,3,0,4,3,0.6,3478.0
C2342,2640.0,3,10,2024-05-04 01:59:52,2024-09-08 18:28:19,9,4,0,0,2,0.4444,880.0
C2343,19503.0,5,27,2024-01-19 19:08:30,2024-12-28 13:09:07,15,6,1,5,7,0.4,3900.6
C2344,8159.0,1,11,2024-10-13 12:39:34,2024-10-13 12:39:34,21,4,0,3,6,0.1905,8159.0
C2345,2065.0,2,5,2024-11-19 00:39:34,2024-12-28 08:20:20,15,4,4,5,6,0.2667,1032.5
C2346,7959.0,4,11,2024-03-14 11:30:49,2024-10-28 00:05:20,28,14,1,4,10,0.5,1989.75
C2347,14260.0,4,20,2024-06-21 22:05:22,2024-08-18 21:06:16,23,10,2,8,10,0.4348,3565.0
C2348,13341.0,1,9,2024-07-06 14:07:54,2024-07-06 14:07:54,13,3,0,0,3,0.2308,13341.0
C2349,23788.0,6,32,2024-02-15 03:01:09,2024-06-28 03:18:11,20,4,1,4,6,0.2,3964.67
C2350,649.0,1,1,2024-01-01 01:34:54,2024-01-01 01:34:54,17,8,0,4,6,0.4706,649.0
C2351,16260.0,5,20,2024-01-08 17:30:13,2024-09-15 06:32:10,19,8,0,4,6,0.4211,3252.0
C2352,5919.0,3,11,2024-08-30 13:16:05,2024-11-27 01:52:30,47,9,3,3,14,0.1915,1973.0
C2353,5978.0,2,12,2024-05-06 05:41:07,2024-10-02 15:40:11,16,4,1,1,6,0.25,2989.0
C2354,2721.0,2,9,2024-05-30 17:40:41,2024-06-29 21:21:02,12,2,0,2,3,0.1667,1360.5
C2355,13102.0,4,18,2024-01-26 05:09:10,2024-09-06 03:20:55,21,5,1,1,6,0.2381,3275.5
C2356,39277.0,9,43,2024-01-03 09:02:06,2024-08-14 15:23:36,6,2,0,2,4,0.3333,4364.11
C2357,0.0,0,0,,,23,11,3,3,8,0.4783,0.0
C2358,6692.0,1,8,2024-06-27 07:15:33,2024-06-27 07:15:33,8,2,2,4,6,0.25,6692.0
C2359,13070.0,4,20,2024-04-23 16:00:25,2024-12-27 16:44:03,15,4,0,3,6,0.2667,3267.5
C2360,10652.0,5,18,2024-04-11 05:07:12,2024-11-18 06:50:03,19,4,2,1,6,0.2105,2130.4
C2361,8535.0,4,15,2024-01-28 21:16:25,2024-12-14 22:50:17,11,5,1,4,6,0.4545,2133.75
C2362,4392.0,5,8,2024-01-27 09:17:25,2024-11-14 11:37:10,12,6,1,5,6,0.5,878.4
C2363,6177.0,3,13,2024-02-11 14:44:22,2024-11-09 05:02:09,19,5,1,4,7,0.2632,2059.0
C2364,11378.0,3,12,2024-10-04 09:38:51,2024-12-29 07:00:40,34,11,3,9,11,0.3235,3792.67
C2365,17067.0,6,23,2024-02-17 01:57:04,2024-11-07 21:34:43,25,12,1,9,11,0.48,2844.5
C2366,4642.0,3,8,2024-04-22 09:03:30,2024-08-04 18:41:08,20,4,1,4,6,0.2,1547.33
C2367,2066.0,1,4,2024-10-05 14:15:30,2024-10-05 14:15:30,6,1,1,0,3,0.1667,2066.0
C2368,6735.0,2,15,2024-03-27 07:37:34,2024-12-05 06:02:32,10,3,1,1,5,0.3,3367.5
C2369,4961.0,1,9,2024-06-12 00:07:52,2024-06-12 00:07:52,13,5,1,1,4,0.3846,4961.0
C2370,12276.0,5,24,2024-02-13 14:20:15,2024-12-27 00:23:51,8,4,1,1,3,0.5,2455.2
C2371,8217.0,3,13,2024-04-19 09:51:59,2024-12-21 06:50:04,9,6,0,2,4,0.6667,2739.0
C2372,1748.0,1,2,2024-05-08 01:40:26,2024-05-08 01:40:26,21,7,1,4,7,0.3333,1748.0
C2373,8910.0,3,10,2024-06-10 03:31:45,2024-11-29 11:13:30,21,7,2,2,8,0.3333,2970.0
C2374,16055.0,5,25,2024-01-24 01:38:02,2024-07-28 06:52:27,3,1,1,2,4,0.3333,3211.0
C2375,6655.0,1,5,2024-08-17 08:45:35,2024-08-17 08:45:35,33,3,4,3,9,0.0909,6655.0
C2376,5862.0,2,8,2024-03-02 18:12:39,2024-12-18 07:51:56,8,3,0,1,4,0.375,2931.0
C2377,3616.0,2,14,2024-01-27 02:45:05,2024-06-08 05:23:15,14,5,1,0,6,0.3571,1808.0
C2378,20747.0,7,33,2024-03-23 20:53:22,2024-11-28 09:06:05,10,7,0,3,4,0.7,2963.86
C2379,3495.0,2,5,2024-02-10 04:07:45,2024-09-21 10:34:26,29,14,4,4,11,0.4828,1747.5
C2380,4295.0,3,5,2024-01-18 15:50:30,2024-10-27 19:55:13,16,4,3,4,6,0.25,1431.67
C2381,17223.0,5,27,2024-07-27 06:42:16,2024-09-22 21:58:50,23,9,1,2,7,0.3913,3444.6
C2382,18100.0,3,20,2024-01-23 19:36:40,2024-10-21 01:52:03,19,5,2,1,8,0.2632,6033.33
C2383,647.0,2,3,2024-07-05 19:32:14,2024-11-27 09:37:54,10,4,1,0,4,0.4,323.5
C2384,17655.0,4,15,2024-06-25 11:20:51,2024-11-10 05:20:19,28,10,0,4,8,0.3571,4413.75
C2385,4213.0,2,7,2024-01-05 21:08:06,2024-01-10 09:47:42,19,5,0,7,8,0.2632,2106.5
C2386,12627.0,3,23,2024-01-28 08:34:04,2024-10-15 17:42:43,14,3,2,4,6,0.2143,4209.0
C2387,18197.0,5,23,2024-03-11 08:18:30,2024-12-23 02:49:50,22,5,2,3,8,0.2273,3639.4
C2388,6244.0,2,6,2024-09-08 07:28:17,2024-09-22 06:24:36,19,4,0,3,6,0.2105,3122.0
C2389,13287.0,3,13,2024-08-26 05:34:00,2024-11-27 10:27:57,31,14,4,8,9,0.4516,4429.0
C2390,1399.0,1,1,2024-05-23 10:25:27,2024-05-23 10:25:27,12,4,0,0,3,0.3333,1399.0
C2391,9006.0,4,14,2024-05-23 00:42:00,2024-12-03 03:57:11,22,9,5,3,9,0.4091,2251.5
C2392,17646.0,4,24,2024-01-16 23:18:45,2024-11-29 11:41:04,14,7,1,3,6,0.5,4411.5
C2393,2352.0,2,8,2024-07-18 15:23:33,2024-11-22 09:59:26,4,2,0,0,2,0.5,1176.0
C2394,12966.0,3,14,2024-02-16 12:47:09,2024-07-28 00:53:39,26,6,3,3,11,0.2308,4322.0
C2395,16678.0,4,22,2024-06-04 20:14:08,2024-12-24 15:12:54,5,3,0,2,3,0.6,4169.5
C2396,3543.0,2,7,2024-05-14 21:26:20,2024-12-10 14:45:30,23,8,2,5,7,0.3478,1771.5
C2397,15020.0,5,20,2024-05-21 19:45:36,2024-12-23 21:33:21,19,6,1,1,7,0.3158,3004.0
C2398,11936.0,4,14,2024-03-06 17:34:39,2024-11-30 07:03:13,3,4,1,1,5,1.3333,2984.0
C2399,627.0,1,3,2024-07-14 08:52:49,2024-07-14 08:52:49,7,4,1,0,2,0.5714,627.0
C2400,4392.0,2,8,2024-03-07 12:58:47,2024-05-27 00:32:15,25,9,0,4,6,0.36,2196.0
C2401,4036.0,3,14,2024-02-02 22:47:27,2024-09-19 22:06:36,8,5,1,3,3,0.625,1345.33
C2402,9653.0,5,17,2024-03-03 01:33:34,2024-12-01 20:54:24,24,10,3,7,11,0.4167,1930.6
C2403,4692.0,2,8,2024-05-29 13:00:27,2024-08-23 08:33:56,3,2,0,1,2,0.6667,2346.0
C2404,4923.0,2,7,2024-01-07 09:09:05,2024-03-01 02:15:25,10,5,0,6,6,0.5,2461.5
C2405,9761.0,4,19,2024-07-13 10:54:07,2024-11-22 16:26:21,26,2,1,3,7,0.0769,2440.25
C2406,1548.0,1,2,2024-04-02 19:27:10,2024-04-02 19:27:10,14,7,0,2,5,0.5,1548.0
C2407,11582.0,4,18,2024-01-05 18:52:13,2024-07-30 21:36:18,26,6,0,2,8,0.2308,2895.5
C2408,4261.0,2,9,2024-07-30 20:23:04,2024-10-25 17:50:12,21,8,1,4,7,0.381,2130.5
C2409,4882.0,4,8,2024-04-06 19:28:20,2024-09-19 04:45:22,10,1,3,0,4,0.1,1220.5
C2410,15352.0,3,18,2024-06-18 06:06:07,2024-12-17 04:54:33,15,6,2,3,5,0.4,5117.33
C2411,18175.0,2,15,2024-01-28 11:07:47,2024-06-17 22:16:58,19,4,1,3,6,0.2105,9087.5
C2412,13898.0,4,22,2024-01-24 22:31:14,2024-12-21 01:01:21,28,18,4,10,10,0.6429,3474.5
C2413,2043.0,3,7,2024-01-07 22:49:48,2024-08-29 11:52:35,11,3,2,3,5,0.2727,681.0
C2414,0.0,0,0,,,15,4,0,3,7,0.2667,0.0
C2415,6443.0,2,17,2024-03-12 09:36:46,2024-06-23 17:57:42,9,6,0,1,3,0.6667,3221.5
C2416,4612.0,2,8,2024-03-15 09:40:21,2024-11-02 21:39:11,19,10,1,3,6,0.5263,2306.0
C2417,13050.0,3,10,2024-06-18 08:27:11,2024-12-12 01:44:20,15,3,1,3,4,0.2,4350.0
C2418,5944.0,2,6,2024-02-15 22:45:34,2024-09-18 01:07:48,21,7,4,6,8,0.3333,2972.0
C2419,22803.0,5,27,2024-02-29 22:01:18,2024-11-07 22:22:01,20,5,2,2,6,0.25,4560.6
C2420,7130.0,2,10,2024-04-27 04:22:45,2024-12-27 06:46:17,8,2,3,4,5,0.25,3565.0
C2421,5904.0,5,16,2024-03-22 14:10:59,2024-12-03 03:35:38,14,6,0,1,4,0.4286,1180.8
C2422,0.0,0,0,,,17,4,2,4,6,0.2353,0.0
C2423,5020.0,1,10,2024-02-16 11:08:42,2024-02-16 11:08:42,14,2,0,1,4,0.1429,5020.0
C2424,9957.0,6,23,2024-02-15 13:47:10,2024-11-26 23:33:22,16,9,1,9,8,0.5625,1659.5
C2425,10722.0,4,18,2024-01-13 13:49:44,2024-09-16 00:49:49,14,6,0,1,5,0.4286,2680.5
C2426,13986.0,3,14,2024-06-03 12:58:49,2024-10-14 16:29:48,21,8,3,1,6,0.381,4662.0
C2427,22109.0,6,41,2024-03-02 22:31:42,2024-10-20 07:22:54,13,4,2,4,6,0.3077,3684.83
C2428,25225.0,6,25,2024-01-24 17:46:43,2024-10-27 00:05:15,14,7,0,3,5,0.5,4204.17
C2429,13677.0,5,23,2024-01-16 07:03:42,2024-12-31 02:58:24,14,6,3,4,5,0.4286,2735.4
C2430,18398.0,6,32,2024-01-24 03:59:39,2024-11-04 15:15:58,19,5,0,3,6,0.2632,3066.33
C2431,16081.0,4,19,2024-08-27 11:10:14,2024-12-28 15:11:20,11,4,0,1,5,0.3636,4020.25
C2432,11358.0,3,22,2024-02-20 05:21:05,2024-12-25 14:58:49,20,9,1,0,9,0.45,3786.0
C2433,4122.0,5,8,2024-02-28 09:16:30,2024-12-20 11:00:14,21,9,1,0,6,0.4286,824.4
C2434,5988.0,2,12,2024-03-08 11:00:18,2024-10-19 04:19:51,34,4,2,6,9,0.1176,2994.0
C2435,2163.0,2,7,2024-06-24 10:47:46,2024-11-06 01:46:46,31,9,2,0,8,0.2903,1081.5
C2436,9062.0,5,18,2024-01-27 12:56:50,2024-10-12 17:14:40,12,6,0,1,4,0.5,1812.4
C2437,2994.0,2,6,2024-06-04 06:23:23,2024-07-03 19:25:05,37,6,3,4,9,0.1622,1497.0
C2438,14482.0,3,18,2024-09-07 11:07:51,2024-12-25 07:03:33,7,1,0,0,1,0.1429,4827.33
C2439,7081.0,2,9,2024-04-20 09:11:03,2024-05-15 08:31:48,15,2,1,3,4,0.1333,3540.5
C2440,13443.0,6,27,2024-03-16 22:48:04,2024-07-29 19:08:30,11,1,1,2,4,0.0909,2240.5
C2441,3043.0,3,7,2024-02-20 22:18:20,2024-05-10 19:41:33,32,6,2,2,8,0.1875,1014.33
C2442,17440.0,5,30,2024-01-28 04:10:37,2024-10-12 02:59:06,24,5,1,3,7,0.2083,3488.0
C2443,10339.0,2,11,2024-02-05 14:42:16,2024-05-09 09:42:02,23,9,1,3,10,0.3913,5169.5
C2444,7394.0,4,16,2024-04-27 17:05:42,2024-11-12 21:48:29,16,6,0,3,7,0.375,1848.5
C2445,17875.0,5,25,2024-02-27 00:52:55,2024-12-20 21:53:00,11,6,0,1,4,0.5455,3575.0
C2446,28448.0,7,32,2024-02-15 18:39:19,2024-12-28 13:33:26,38,15,2,1,10,0.3947,4064.0
C2447,8713.0,6,17,2024-01-21 01:07:55,2024-09-19 18:58:08,2,2,0,0,1,1.0,1452.17
C2448,14032.0,4,28,2024-01-05 02:29:33,2024-10-19 10:32:41,26,15,0,7,9,0.5769,3508.0
C2449,5745.0,2,15,2024-08-25 16:44:00,2024-11-08 13:48:01,34,11,5,4,9,0.3235,2872.5
C2450,6908.0,3,12,2024-01-08 11:04:13,2024-09-25 20:42:03,19,8,2,2,7,0.4211,2302.67
C2451,19699.0,6,31,2024-07-26 13:16:25,2024-12-12 16:13:54,1,0,0,0,1,0.0,3283.17
C2452,6943.0,1,7,2024-02-23 07:25:27,2024-02-23 07:25:27,11,2,2,0,4,0.1818,6943.0
C2453,29499.0,6,31,2024-06-07 00:20:20,2024-12-25 08:56:53,26,6,1,7,10,0.2308,4916.5
C2454,9651.0,5,19,2024-01-13 23:42:59,2024-12-03 09:30:44,21,9,3,2,9,0.4286,1930.2
C2455,10898.0,2,12,2024-07-03 10:47:52,2024-12-08 02:44:47,21,3,1,4,7,0.1429,5449.0
C2456,13125.0,3,15,2024-04-21 09:30:24,2024-11-03 11:25:18,0,0,0,0,0,0.0,4375.0
C2457,10056.0,5,24,2024-01-07 19:31:55,2024-09-08 10:37:36,15,3,5,2,5,0.2,2011.2
C2458,13973.0,6,17,2024-02-06 20:25:42,2024-10-22 20:26:43,25,5,1,3,7,0.2,2328.83
C2459,4713.0,3,7,2024-01-02 19:18:47,2024-12-06 20:11:47,29,2,2,5,8,0.069,1571.0
C2460,11092.0,4,18,2024-01-12 08:05:37,2024-07-10 22:16:48,22,8,0,3,9,0.3636,2773.0
C2461,8486.0,5,14,2024-05-25 23:53:34,2024-07-28 17:17:21,21,4,2,2,7,0.1905,1697.2
C2462,23756.0,8,34,2024-02-08 23:58:54,2024-11-03 04:32:26,7,6,0,2,5,0.8571,2969.5
C2463,3646.0,2,4,2024-02-29 06:22:46,2024-07-12 20:54:54,20,7,2,6,8,0.35,1823.0
C2464,11895.0,3,15,2024-08-02 22:07:13,2024-09-20 12:26:58,27,6,2,3,9,0.2222,3965.0
C2465,17828.0,5,22,2024-02-04 13:58:31,2024-11-21 11:47:09,14,9,0,1,4,0.6429,3565.6
C2466,4838.0,5,12,2024-01-06 01:37:05,2024-11-10 20:51:47,19,12,2,1,9,0.6316,967.6
C2467,3138.0,1,12,2024-10-28 14:22:02,2024-10-28 14:22:02,14,11,2,1,7,0.7857,3138.0
C2468,8843.0,4,17,2024-02-24 23:12:38,2024-11-25 23:49:10,10,2,1,2,3,0.2,2210.75
C2469,8427.0,3,13,2024-02-06 18:58:52,2024-12-07 02:10:35,34,7,1,4,8,0.2059,2809.0
C2470,9397.0,3,13,2024-01-05 16:55:45,2024-02-15 00:35:59,11,5,2,1,5,0.4545,3132.33
C2471,8787.0,2,13,2024-04-15 04:40:03,2024-05-05 10:47:22,9,3,0,2,7,0.3333,4393.5
C2472,4173.0,2,7,2024-02-16 00:39:47,2024-06-26 09:36:23,25,5,3,2,9,0.2,2086.5
C2473,4044.0,1,6,2024-07-28 02:03:32,2024-07-28 02:03:32,19,2,1,4,7,0.1053,4044.0
C2474,6271.0,4,9,2024-06-10 10:28:01,2024-12-02 16:27:27,11,3,1,1,3,0.2727,1567.75
C2475,18960.0,4,30,2024-01-23 08:14:20,2024-09-26 21:06:38,33,8,4,4,9,0.2424,4740.0
C2476,2726.0,1,4,2024-03-28 07:15:09,2024-03-28 07:15:09,23,6,1,2,7,0.2609,2726.0
C2477,4849.0,4,11,2024-03-23 21:10:04,2024-12-04 07:31:58,32,6,1,5,8,0.1875,1212.25
C2478,4739.0,3,11,2024-02-05 14:18:45,2024-09-28 08:44:54,19,4,1,1,5,0.2105,1579.67
C2479,11640.0,4,20,2024-07-24 11:45:51,2024-12-16 18:57:22,4,0,0,1,1,0.0,2910.0
C2480,13747.0,3,13,2024-05-05 10:12:45,2024-12-23 16:25:02,11,3,2,3,5,0.2727,4582.33
C2481,0.0,0,0,,,3,1,0,1,1,0.3333,0.0
C2482,5043.0,2,7,2024-03-09 20:39:41,2024-09-16 08:12:55,27,11,1,2,7,0.4074,2521.5
C2483,10124.0,3,16,2024-01-29 15:35:20,2024-09-08 16:05:14,8,3,1,1,4,0.375,3374.67
C2484,10238.0,3,12,2024-04-01 15:50:50,2024-08-18 13:13:07,13,4,3,2,5,0.3077,3412.67
C2485,18451.0,4,19,2024-01-24 17:56:36,2024-11-06 20:00:14,14,2,1,0,6,0.1429,4612.75
C2486,6229.0,3,11,2024-05-11 00:37:35,2024-11-02 11:56:38,23,7,3,0,7,0.3043,2076.33
C2487,6620.0,2,10,2024-10-21 08:27:11,2024-11-22 08:12:45,10,3,0,0,4,0.3,3310.0
C2488,16089.0,5,21,2024-02-12 14:48:24,2024-11-09 12:48:46,27,8,3,0,9,0.2963,3217.8
C2489,106.0,1,4,2024-04-27 15:45:35,2024-04-27 15:45:35,0,0,1,0,1,0.0,106.0
C2490,3374.0,3,6,2024-02-11 08:07:05,2024-12-02 21:33:01,3,0,0,1,3,0.0,1124.67
C2491,21196.0,6,24,2024-01-02 14:27:16,2024-12-05 17:52:55,13,3,1,4,6,0.2308,3532.67
C2492,15565.0,5,25,2024-01-11 10:43:28,2024-09-09 07:59:24,3,2,0,0,2,0.6667,3113.0
C2493,9300.0,2,10,2024-05-03 00:01:25,2024-11-24 13:25:25,13,5,1,3,6,0.3846,4650.0
C2494,10393.0,1,7,2024-10-13 07:32:27,2024-10-13 07:32:27,18,6,3,0,7,0.3333,10393.0
C2495,28040.0,6,40,2024-02-07 06:21:15,2024-06-23 05:04:15,43,5,3,2,10,0.1163,4673.33
C2496,2196.0,2,4,2024-10-19 14:47:47,2024-10-30 16:13:09,12,6,1,2,5,0.5,1098.0
C2497,26090.0,4,30,2024-01-25 21:13:05,2024-07-06 13:15:07,16,8,0,5,5,0.5,6522.5
C2498,8588.0,4,22,2024-04-08 12:01:42,2024-12-30 05:19:30,6,4,1,2,4,0.6667,2147.0
C2499,23751.0,6,39,2024-01-18 16:14:52,2024-09-07 11:55:08,0,0,0,0,0,0.0,3958.5
C2500,6187.0,3,13,2024-02-01 11:33:49,2024-03-01 07:36:58,17,5,0,2,7,0.2941,2062.33
C2501,9265.0,4,15,2024-02-21 05:54:40,2024-09-24 05:45:25,12,3,1,1,6,0.25,2316.25
C2502,14430.0,4,20,2024-02-05 09:25:19,2024-05-26 02:31:21,14,6,0,1,5,0.4286,3607.5
C2503,1898.0,1,2,2024-06-25 11:35:08,2024-06-25 11:35:08,8,7,1,3,6,0.875,1898.0
C2504,5882.0,3,8,2024-10-07 10:47:27,2024-11-30 18:38:21,18,7,2,7,7,0.3889,1960.67
C2505,10531.0,4,19,2024-02-20 16:16:15,2024-11-06 07:34:29,15,8,2,3,6,0.5333,2632.75
C2506,4603.0,2,7,2024-08-20 05:09:53,2024-09-16 15:01:30,9,1,1,2,3,0.1111,2301.5
C2507,9646.0,5,14,2024-01-17 12:44:01,2024-12-15 23:33:30,28,11,4,0,8,0.3929,1929.2
C2508,12528.0,5,22,2024-04-13 14:30:21,2024-12-15 02:31:33,11,2,1,0,3,0.1818,2505.6
C2509,6198.0,1,12,2024-08-14 06:56:38,2024-08-14 06:56:38,6,2,1,1,2,0.3333,6198.0
C2510,10567.0,3,23,2024-01-28 15:57:08,2024-06-26 20:45:41,4,2,0,0,2,0.5,3522.33
C2511,8864.0,3,16,2024-07-30 08:28:41,2024-12-27 22:50:51,13,4,2,1,3,0.3077,2954.67
C2512,25873.0,8,37,2024-05-17 17:29:45,2024-10-14 01:02:56,18,8,0,3,8,0.4444,3234.12
C2513,2396.0,1,4,2024-07-27 06:09:22,2024-07-27 06:09:22,18,8,0,5,7,0.4444,2396.0
C2514,13447.0,3,13,2024-03-17 11:52:24,2024-12-24 04:51:17,20,2,1,0,5,0.1,4482.33
C2515,19081.0,4,19,2024-07-19 00:36:49,2024-12-26 19:35:44,28,9,1,9,11,0.3214,4770.25
C2516,828.0,2,2,2024-02-02 14:35:04,2024-07-20 23:12:04,20,9,3,2,6,0.45,414.0
C2517,6618.0,3,12,2024-07-27 00:10:55,2024-12-01 23:33:45,32,15,4,6,12,0.4688,2206.0
C2518,5610.0,2,10,2024-02-20 12:15:35,2024-04-10 03:12:39,21,5,2,1,8,0.2381,2805.0
C2519,11148.0,6,22,2024-02-09 12:07:09,2024-10-22 18:39:00,8,3,2,0,4,0.375,1858.0
C2520,8566.0,2,14,2024-06-08 19:51:32,2024-10-20 15:29:37,25,8,3,5,9,0.32,4283.0
C2521,5520.0,3,10,2024-03-26 10:34:43,2024-08-19 02:55:58,37,7,2,8,11,0.1892,1840.0
C2522,21746.0,6,34,2024-02-08 08:41:59,2024-12-07 09:31:36,23,10,2,3,6,0.4348,3624.33
C2523,5597.0,1,3,2024-04-14 09:59:57,2024-04-14 09:59:57,22,6,3,3,8,0.2727,5597.0
C2524,14436.0,2,14,2024-02-27 20:29:53,2024-11-21 18:47:40,20,5,1,4,7,0.25,7218.0
C2525,648.0,1,2,2024-10-28 05:54:58,2024-10-28 05:54:58,15,7,1,1,7,0.4667,648.0
C2526,4611.0,2,9,2024-12-16 03:54:35,2024-12-29 23:26:11,6,2,1,0,2,0.3333,2305.5
C2527,6087.0,4,13,2024-03-03 13:49:56,2024-11-10 05:05:57,18,9,3,4,5,0.5,1521.75
C2528,1048.0,1,2,2024-11-05 14:38:14,2024-11-05 14:38:14,6,2,1,0,4,0.3333,1048.0
C2529,17954.0,7,36,2024-01-15 17:38:42,2024-11-02 13:53:39,1,1,0,4,2,1.0,2564.86
C2530,10704.0,5,16,2024-01-24 00:23:31,2024-08-03 16:04:40,26,7,4,4,8,0.2692,2140.8
C2531,7467.0,5,13,2024-01-17 06:18:07,2024-07-22 19:46:56,15,5,1,3,5,0.3333,1493.4
C2532,9484.0,5,16,2024-05-01 21:51:15,2024-12-10 10:38:53,25,5,1,4,5,0.2,1896.8
C2533,17399.0,6,31,2024-01-28 13:52:47,2024-09-19 01:43:28,22,6,3,4,7,0.2727,2899.83
C2534,3995.0,1,5,2024-09-12 00:00:25,2024-09-12 00:00:25,20,8,0,3,6,0.4,3995.0
C2535,7676.0,3,14,2024-02-07 19:49:30,2024-12-04 14:27:53,16,2,2,4,4,0.125,2558.67
C2536,6890.0,3,10,2024-04-17 19:22:30,2024-06-22 11:44:56,23,5,1,5,8,0.2174,2296.67
C2537,9339.0,3,11,2024-03-04 04:04:27,2024-08-10 06:03:37,22,9,2,2,6,0.4091,3113.0
C2538,12784.0,2,16,2024-01-19 01:00:53,2024-08-16 14:33:44,16,11,0,1,7,0.6875,6392.0
C2539,5956.0,3,14,2024-05-07 16:11:27,2024-06-26 14:11:55,19,9,0,4,6,0.4737,1985.33
C2540,7412.0,2,8,2024-04-25 09:44:03,2024-12-08 17:17:46,24,4,2,4,7,0.1667,3706.0
C2541,30792.0,9,38,2024-01-07 07:56:59,2024-12-07 09:56:53,16,3,3,5,5,0.1875,3421.33
C2542,10356.0,5,14,2024-01-15 05:35:00,2024-12-12 03:17:36,11,1,0,2,4,0.0909,2071.2
C2543,9665.0,2,15,2024-03-01 04:37:46,2024-10-26 13:26:28,10,1,2,1,3,0.1,4832.5
C2544,5398.0,3,12,2024-03-06 07:37:19,2024-05-18 05:08:39,14,0,0,2,3,0.0,1799.33
C2545,0.0,0,0,,,19,9,3,7,9,0.4737,0.0
C2546,1166.0,1,4,2024-10-13 09:21:37,2024-10-13 09:21:37,9,3,0,2,3,0.3333,1166.0
C2547,5284.0,4,16,2024-03-10 03:59:36,2024-12-01 00:35:47,5,4,1,1,3,0.8,1321.0
C2548,16311.0,4,29,2024-01-23 07:35:39,2024-10-18 01:08:59,11,6,0,4,4,0.5455,4077.75
C2549,8700.0,3,10,2024-04-27 01:21:44,2024-05-26 14:44:27,21,2,3,5,8,0.0952,2900.0
C2550,7498.0,2,12,2024-04-13 15:41:40,2024-11-15 02:54:28,14,6,1,2,6,0.4286,3749.0
C2551,35361.0,10,49,2024-01-02 19:29:16,2024-11-02 15:32:40,12,4,1,1,3,0.3333,3536.1
C2552,11013.0,4,17,2024-01-09 03:04:40,2024-08-14 19:09:55,5,5,1,1,2,1.0,2753.25
C2553,3645.0,3,5,2024-01-24 15:49:25,2024-12-21 03:30:55,11,1,1,3,4,0.0909,1215.0
C2554,7359.0,2,11,2024-03-01 14:43:58,2024-09-20 21:36:49,27,7,2,2,10,0.2593,3679.5
C2555,12157.0,3,23,2024-02-25 12:59:32,2024-10-18 22:12:25,37,11,2,2,9,0.2973,4052.33
C2556,9451.0,5,19,2024-02-02 20:52:53,2024-09-04 19:21:48,22,6,2,7,8,0.2727,1890.2
C2557,15664.0,5,26,2024-02-17 11:42:09,2024-12-09 12:40:51,22,11,1,2,7,0.5,3132.8
C2558,13960.0,5,30,2024-02-05 04:52:50,2024-12-18 22:15:40,20,8,0,4,7,0.4,2792.0
C2559,5872.0,3,8,2024-03-06 00:12:56,2024-10-16 17:24:04,17,4,0,2,5,0.2353,1957.33
C2560,16840.0,4,20,2024-02-11 22:44:53,2024-12-27 10:47:10,20,2,2,2,7,0.1,4210.0
C2561,4992.0,2,8,2024-09-12 06:31:11,2024-12-29 09:29:51,12,3,0,1,4,0.25,2496.0
C2562,516.0,1,4,2024-10-29 21:32:46,2024-10-29 21:32:46,9,6,1,4,6,0.6667,516.0
C2563,10135.0,4,15,2024-05-08 17:01:02,2024-11-07 00:36:03,9,2,1,0,3,0.2222,2533.75
C2564,1466.0,2,4,2024-05-06 22:41:36,2024-12-09 02:55:59,15,1,0,2,4,0.0667,733.0
C2565,11380.0,3,20,2024-03-08 03:28:47,2024-08-07 12:11:30,28,4,2,9,8,0.1429,3793.33
C2566,17401.0,3,19,2024-02-16 17:47:01,2024-10-08 21:59:04,24,6,3,6,8,0.25,5800.33
C2567,6541.0,2,9,2024-05-04 20:31:55,2024-09-19 12:34:27,33,12,2,5,9,0.3636,3270.5
C2568,19417.0,4,23,2024-06-15 11:33:16,2024-12-26 15:40:29,17,4,2,1,8,0.2353,4854.25
C2569,4409.0,3,11,2024-01-11 19:38:56,2024-10-03 17:15:08,15,4,1,0,5,0.2667,1469.67
C2570,899.0,1,1,2024-08-09 15:11:11,2024-08-09 15:11:11,8,2,0,0,2,0.25,899.0
C2571,10836.0,3,14,2024-02-01 15:50:09,2024-11-03 05:49:27,11,4,0,3,4,0.3636,3612.0
C2572,9618.0,5,12,2024-01-16 15:54:03,2024-12-23 11:59:59,20,11,5,3,6,0.55,1923.6
C2573,29099.0,7,31,2024-02-18 16:37:46,2024-11-15 22:20:45,20,3,2,2,4,0.15,4157.0
C2574,5595.0,2,5,2024-06-12 19:44:03,2024-11-29 05:53:10,18,7,2,4,7,0.3889,2797.5
C2575,9737.0,3,13,2024-03-14 15:02:03,2024-04-10 17:00:57,3,2,0,2,1,0.6667,3245.67
C2576,7617.0,3,13,2024-02-06 15:48:48,2024-12-20 08:21:45,12,6,1,2,5,0.5,2539.0
C2577,11913.0,6,27,2024-02-21 23:18:15,2024-10-30 06:14:46,10,2,0,1,3,0.2,1985.5
C2578,17863.0,6,27,2024-02-19 03:07:52,2024-12-25 17:03:44,22,2,0,4,8,0.0909,2977.17
C2579,18074.0,5,26,2024-07-17 16:02:45,2024-12-05 06:46:14,5,5,0,1,3,1.0,3614.8
C2580,6927.0,2,13,2024-11-07 16:09:24,2024-11-23 01:47:28,16,2,0,0,5,0.125,3463.5
C2581,10975.0,5,15,2024-02-21 13:52:30,2024-09-20 09:14:26,12,6,1,2,4,0.5,2195.0
C2582,0.0,0,0,,,16,7,2,3,5,0.4375,0.0
C2583,17953.0,6,37,2024-01-12 11:28:29,2024-10-19 14:50:17,11,2,2,3,4,0.1818,2992.17
C2584,0.0,0,0,,,9,4,2,0,6,0.4444,0.0
C2585,10051.0,4,19,2024-01-29 09:55:36,2024-07-20 13:07:15,19,6,1,2,5,0.3158,2512.75
C2586,8321.0,3,9,2024-04-16 00:48:13,2024-08-31 09:13:54,22,4,3,3,5,0.1818,2773.67
C2587,9766.0,4,24,2024-07-02 10:25:36,2024-11-02 02:13:30,17,1,0,4,7,0.0588,2441.5
C2588,2547.0,1,3,2024-07-25 00:38:11,2024-07-25 00:38:11,45,13,4,5,10,0.2889,2547.0
C2589,32080.0,9,40,2024-02-18 15:50:15,2024-11-04 23:34:41,1,4,0,2,3,4.0,3564.44
C2590,5369.0,2,11,2024-11-12 20:50:01,2024-12-09 01:30:47,20,7,1,5,8,0.35,2684.5
C2591,9286.0,4,14,2024-01-05 19:00:32,2024-12-04 22:12:26,11,5,1,3,5,0.4545,2321.5
C2592,18834.0,3,16,2024-01-15 10:44:44,2024-12-06 07:43:21,14,5,3,1,4,0.3571,6278.0
C2593,16181.0,4,19,2024-03-18 03:51:48,2024-11-16 06:15:15,19,2,4,6,6,0.1053,4045.25
C2594,8270.0,3,10,2024-07-13 21:27:03,2024-10-20 00:14:43,9,3,0,1,3,0.3333,2756.67
C2595,16899.0,4,21,2024-01-01 00:47:46,2024-12-21 16:54:07,0,1,0,0,1,0.0,4224.75
C2596,10793.0,5,17,2024-01-01 06:17:54,2024-11-17 03:57:55,30,11,4,4,9,0.3667,2158.6
C2597,10602.0,7,18,2024-03-22 16:03:46,2024-10-12 10:01:35,19,6,1,1,6,0.3158,1514.57
C2598,19691.0,5,29,2024-02-11 06:26:09,2024-07-09 22:49:40,10,1,1,0,3,0.1,3938.2
C2599,1345.0,1,5,2024-11-19 00:30:11,2024-11-19 00:30:11,6,3,1,1,3,0.5,1345.0
C2600,627.0,1,3,2024-08-02 03:52:00,2024-08-02 03:52:00,31,12,0,3,11,0.3871,627.0
