customer_id,recency_days,transaction_frequency,total_monetary_spend,r_score,f_score,m_score,rfm_score,customer_segment,cluster_id,avg_order_value
C0101,246.5,2,4393.0,1,2,2,122,Lost,Cluster_3,2196.5
C0102,218.5,2,5794.0,1,2,2,122,Lost,Cluster_3,2897.0
C0103,42.1,5,5952.0,4,5,2,452,Potential Loyalists,Cluster_4,1190.4
C0104,92.8,5,7289.0,3,5,2,352,Potential Loyalists,Cluster_4,1457.8
C0105,13.6,7,22322.0,5,5,5,555,Champions,Cluster_1,3188.86
C0106,25.6,4,11527.0,4,4,4,444,Champions,Cluster_1,2881.75
C0107,70.8,2,12157.0,3,2,4,324,Potential Loyalists,Cluster_3,6078.5
C0108,113.5,2,2546.0,2,2,1,221,Lost,Cluster_2,1273.0
C0109,31.3,5,13375.0,4,5,4,454,Champions,Cluster_4,2675.0
C0110,150.3,3,18201.0,2,3,5,235,Loyal Customers,Cluster_3,6067.0
C0111,28.5,6,13815.0,4,5,4,454,Champions,Cluster_4,2302.5
C0112,242.0,2,9741.0,1,2,3,123,Potential Loyalists,Cluster_3,4870.5
C0113,17.5,3,13013.0,5,3,4,534,Loyal Customers,Cluster_1,4337.67
C0114,134.7,5,28388.0,2,5,5,255,Loyal Customers,Cluster_4,5677.6
C0115,51.2,3,11560.0,4,3,4,434,Loyal Customers,Cluster_3,3853.33
C0116,87.7,3,10483.0,3,3,3,333,Loyal Customers,Cluster_3,3494.33
C0117,175.6,2,3896.0,1,2,1,121,Lost,Cluster_3,1948.0
C0118,99.4,3,9084.0,2,3,3,233,Loyal Customers,Cluster_3,3028.0
C0119,53.8,1,1413.0,3,1,1,311,Potential Loyalists,Cluster_2,1413.0
C0120,244.4,2,3242.0,1,2,1,121,Lost,Cluster_3,1621.0
C0121,37.9,5,19003.0,4,5,5,455,Champions,Cluster_4,3800.6
C0122,39.5,3,6956.0,4,3,2,432,Potential Loyalists,Cluster_3,2318.67
C0123,138.3,2,5192.0,2,2,2,222,Lost,Cluster_3,2596.0
C0124,70.4,3,13323.0,3,3,4,334,Loyal Customers,Cluster_3,4441.0
C0125,158.7,3,3133.0,2,3,1,231,At Risk,Cluster_3,1044.33
C0126,254.6,1,587.0,1,1,1,111,Lost,Cluster_2,587.0
C0127,53.1,4,17286.0,4,4,5,445,Champions,Cluster_4,4321.5
C0128,69.2,3,9579.0,3,3,3,333,Loyal Customers,Cluster_3,3193.0
C0129,215.1,1,6167.0,1,1,2,112,Lost,Cluster_3,6167.0
C0130,50.7,5,10297.0,4,5,3,453,Loyal Customers,Cluster_4,2059.4
C0131,243.6,2,4441.0,1,2,2,122,Lost,Cluster_3,2220.5
C0132,158.2,3,9769.0,2,3,3,233,Loyal Customers,Cluster_3,3256.33
C0133,11.2,8,17405.0,5,5,5,555,Champions,Cluster_1,2175.62
C0134,57.9,4,20437.0,3,4,5,345,Loyal Customers,Cluster_4,5109.25
C0135,22.4,4,13144.0,5,4,4,544,Champions,Cluster_1,3286.0
C0136,72.8,2,3926.0,3,2,1,321,Potential Loyalists,Cluster_3,1963.0
C0137,24.6,7,17005.0,5,5,5,555,Champions,Cluster_4,2429.29
C0138,120.7,3,15438.0,2,3,4,234,Loyal Customers,Cluster_3,5146.0
C0139,58.5,2,8989.0,3,2,3,323,Potential Loyalists,Cluster_3,4494.5
C0140,135.3,5,14549.0,2,5,4,254,Loyal Customers,Cluster_4,2909.8
C0141,242.6,2,6043.0,1,2,2,122,Lost,Cluster_3,3021.5
C0142,104.6,2,4472.0,2,2,2,222,Lost,Cluster_3,2236.0
C0143,183.9,3,11778.0,1,3,4,134,Loyal Customers,Cluster_3,3926.0
C0144,110.0,4,7970.0,2,4,3,243,Loyal Customers,Cluster_4,1992.5
C0145,134.8,4,10557.0,2,4,3,243,Loyal Customers,Cluster_4,2639.25
C0146,37.1,5,21457.0,4,5,5,455,Champions,Cluster_4,4291.4
C0147,59.9,2,5164.0,3,2,2,322,Potential Loyalists,Cluster_3,2582.0
C0148,156.6,3,14384.0,2,3,4,234,Loyal Customers,Cluster_3,4794.67
C0149,131.7,1,4295.0,2,1,2,212,Lost,Cluster_2,4295.0
C0150,214.9,3,8287.0,1,3,3,133,Loyal Customers,Cluster_3,2762.33
C0151,60.5,5,13983.0,3,5,4,354,Loyal Customers,Cluster_4,2796.6
C0152,87.6,2,7429.0,3,2,2,322,Potential Loyalists,Cluster_3,3714.5
C0153,24.7,5,15871.0,5,5,4,554,Champions,Cluster_4,3174.2
C0154,172.0,2,9302.0,1,2,3,123,Potential Loyalists,Cluster_3,4651.0
C0155,143.5,4,15701.0,2,4,4,244,Loyal Customers,Cluster_4,3925.25
C0156,4.4,6,15874.0,5,5,4,554,Champions,Cluster_1,2645.67
C0157,182.2,2,6428.0,1,2,2,122,Lost,Cluster_3,3214.0
C0158,19.6,2,6541.0,5,2,2,522,New Customers,Cluster_3,3270.5
C0159,47.5,4,7679.0,4,4,3,443,Loyal Customers,Cluster_4,1919.75
C0160,82.5,3,9301.0,3,3,3,333,Loyal Customers,Cluster_3,3100.33
C0161,177.3,4,10223.0,1,4,3,143,Loyal Customers,Cluster_4,2555.75
C0162,6.6,2,3997.0,5,2,1,521,New Customers,Cluster_1,1998.5
C0163,79.7,1,2436.0,3,1,1,311,Potential Loyalists,Cluster_2,2436.0
C0164,149.5,3,17644.0,2,3,5,235,Loyal Customers,Cluster_3,5881.33
C0165,78.5,6,13225.0,3,5,4,354,Loyal Customers,Cluster_4,2204.17
C0166,51.4,3,7106.0,4,3,2,432,Potential Loyalists,Cluster_3,2368.67
C0167,41.4,6,23132.0,4,5,5,455,Champions,Cluster_4,3855.33
C0168,18.9,3,13215.0,5,3,4,534,Loyal Customers,Cluster_1,4405.0
C0169,161.4,4,7151.0,2,4,2,242,At Risk,Cluster_3,1787.75
C0170,64.5,6,19385.0,3,5,5,355,Loyal Customers,Cluster_4,3230.83
C0171,39.8,4,12518.0,4,4,4,444,Champions,Cluster_4,3129.5
C0172,41.3,3,5076.0,4,3,2,432,Potential Loyalists,Cluster_3,1692.0
C0173,69.3,5,16973.0,3,5,5,355,Loyal Customers,Cluster_4,3394.6
C0174,1.4,2,2494.0,5,2,1,521,New Customers,Cluster_1,1247.0
C0175,39.8,6,12564.0,4,5,4,454,Champions,Cluster_4,2094.0
C0176,103.1,3,3942.0,2,3,1,231,At Risk,Cluster_3,1314.0
C0177,122.2,1,549.0,2,1,1,211,Lost,Cluster_2,549.0
C0178,65.1,6,11408.0,3,5,4,354,Loyal Customers,Cluster_4,1901.33
C0179,183.0,2,11354.0,1,2,4,124,Potential Loyalists,Cluster_3,5677.0
C0180,8.1,5,12043.0,5,5,4,554,Champions,Cluster_1,2408.6
C0181,144.2,3,12466.0,2,3,4,234,Loyal Customers,Cluster_3,4155.33
C0182,78.8,4,12658.0,3,4,4,344,Loyal Customers,Cluster_4,3164.5
C0183,12.0,3,14864.0,5,3,4,534,Loyal Customers,Cluster_1,4954.67
C0184,95.7,1,3747.0,3,1,1,311,Potential Loyalists,Cluster_2,3747.0
C0185,308.6,1,2875.0,1,1,1,111,Lost,Cluster_2,2875.0
C0186,154.4,2,4524.0,2,2,2,222,Lost,Cluster_3,2262.0
C0187,54.4,4,21838.0,3,4,5,345,Loyal Customers,Cluster_4,5459.5
C0188,106.8,4,13978.0,2,4,4,244,Loyal Customers,Cluster_4,3494.5
C0189,53.6,4,14220.0,3,4,4,344,Loyal Customers,Cluster_4,3555.0
C0190,137.0,3,5721.0,2,3,2,232,At Risk,Cluster_3,1907.0
C0191,124.0,3,8845.0,2,3,3,233,Loyal Customers,Cluster_3,2948.33
C0192,43.2,2,2416.0,4,2,1,421,New Customers,Cluster_3,1208.0
C0193,60.2,6,22452.0,3,5,5,355,Loyal Customers,Cluster_4,3742.0
C0194,25.6,7,29514.0,4,5,5,455,Champions,Cluster_4,4216.29
C0195,8.2,3,5338.0,5,3,2,532,Potential Loyalists,Cluster_1,1779.33
C0196,74.2,6,23728.0,3,5,5,355,Loyal Customers,Cluster_4,3954.67
C0197,65.2,4,15838.0,3,4,4,344,Loyal Customers,Cluster_4,3959.5
C0198,138.0,2,3862.0,2,2,1,221,Lost,Cluster_3,1931.0
C0199,103.0,4,9948.0,2,4,3,243,Loyal Customers,Cluster_4,2487.0
C0200,99.4,2,696.0,2,2,1,221,Lost,Cluster_2,348.0
C0201,26.8,1,5094.0,4,1,2,412,New Customers,Cluster_3,5094.0
C0202,12.1,6,42588.0,5,5,5,555,Champions,Cluster_1,7098.0
C0203,152.2,1,1948.0,2,1,1,211,Lost,Cluster_2,1948.0
C0204,74.7,4,15360.0,3,4,4,344,Loyal Customers,Cluster_4,3840.0
C0205,111.5,2,3853.0,2,2,1,221,Lost,Cluster_3,1926.5
C0206,80.2,4,11412.0,3,4,4,344,Loyal Customers,Cluster_4,2853.0
C0207,189.7,2,5445.0,1,2,2,122,Lost,Cluster_3,2722.5
C0208,66.6,1,1955.0,3,1,1,311,Potential Loyalists,Cluster_2,1955.0
C0209,114.0,4,8170.0,2,4,3,243,Loyal Customers,Cluster_4,2042.5
C0210,293.5,1,2485.0,1,1,1,111,Lost,Cluster_2,2485.0
C0211,79.0,3,9389.0,3,3,3,333,Loyal Customers,Cluster_3,3129.67
C0212,64.9,4,22699.0,3,4,5,345,Loyal Customers,Cluster_4,5674.75
C0213,41.9,8,22638.0,4,5,5,455,Champions,Cluster_4,2829.75
C0214,270.6,1,1037.0,1,1,1,111,Lost,Cluster_2,1037.0
C0215,11.2,3,5897.0,5,3,2,532,Potential Loyalists,Cluster_1,1965.67
C0216,187.2,2,7738.0,1,2,3,123,Potential Loyalists,Cluster_3,3869.0
C0217,61.8,1,11037.0,3,1,3,313,Potential Loyalists,Cluster_3,11037.0
C0218,158.8,3,10142.0,2,3,3,233,Loyal Customers,Cluster_3,3380.67
C0219,84.0,3,11083.0,3,3,4,334,Loyal Customers,Cluster_3,3694.33
C0220,181.6,5,19973.0,1,5,5,155,Loyal Customers,Cluster_4,3994.6
C0221,7.3,3,12154.0,5,3,4,534,Loyal Customers,Cluster_1,4051.33
C0222,17.1,3,10782.0,5,3,3,533,Loyal Customers,Cluster_1,3594.0
C0223,48.1,7,20844.0,4,5,5,455,Champions,Cluster_4,2977.71
C0224,56.3,3,9796.0,3,3,3,333,Loyal Customers,Cluster_3,3265.33
C0225,24.1,6,25519.0,5,5,5,555,Champions,Cluster_4,4253.17
C0226,272.0,1,3148.0,1,1,1,111,Lost,Cluster_2,3148.0
C0227,152.2,2,7344.0,2,2,2,222,Lost,Cluster_3,3672.0
C0228,125.5,3,7827.0,2,3,3,233,Loyal Customers,Cluster_3,2609.0
C0229,24.9,5,10328.0,4,5,3,453,Loyal Customers,Cluster_4,2065.6
C0230,33.2,3,4193.0,4,3,2,432,Potential Loyalists,Cluster_3,1397.67
C0231,52.7,3,24678.0,4,3,5,435,Loyal Customers,Cluster_4,8226.0
C0232,131.4,4,7449.0,2,4,2,242,At Risk,Cluster_3,1862.25
C0233,101.1,4,6368.0,2,4,2,242,At Risk,Cluster_3,1592.0
C0234,60.7,6,25573.0,3,5,5,355,Loyal Customers,Cluster_4,4262.17
C0235,63.4,4,9058.0,3,4,3,343,Loyal Customers,Cluster_4,2264.5
C0236,154.9,4,13987.0,2,4,4,244,Loyal Customers,Cluster_4,3496.75
C0237,51.4,3,11882.0,4,3,4,434,Loyal Customers,Cluster_3,3960.67
C0238,186.9,3,13025.0,1,3,4,134,Loyal Customers,Cluster_3,4341.67
C0239,240.8,3,16739.0,1,3,5,135,Loyal Customers,Cluster_3,5579.67
C0240,113.9,2,11789.0,2,2,4,224,Potential Loyalists,Cluster_3,5894.5
C0241,133.4,2,3960.0,2,2,1,221,Lost,Cluster_3,1980.0
C0242,19.3,5,11484.0,5,5,4,554,Champions,Cluster_1,2296.8
C0243,39.2,5,19974.0,4,5,5,455,Champions,Cluster_4,3994.8
C0244,17.0,4,8939.0,5,4,3,543,Loyal Customers,Cluster_1,2234.75
C0245,197.1,2,2216.0,1,2,1,121,Lost,Cluster_2,1108.0
C0246,0.4,3,3611.0,5,3,1,531,Potential Loyalists,Cluster_1,1203.67
C0247,96.0,3,8989.0,3,3,3,333,Loyal Customers,Cluster_3,2996.33
C0248,38.9,3,16846.0,4,3,5,435,Loyal Customers,Cluster_4,5615.33
C0249,107.2,2,6788.0,2,2,2,222,Lost,Cluster_3,3394.0
C0250,107.4,3,11486.0,2,3,4,234,Loyal Customers,Cluster_3,3828.67
C0251,179.0,2,1947.0,1,2,1,121,Lost,Cluster_2,973.5
C0252,287.6,3,5799.0,1,3,2,132,At Risk,Cluster_3,1933.0
C0253,168.8,1,2797.0,1,1,1,111,Lost,Cluster_2,2797.0
C0254,33.9,7,37341.0,4,5,5,455,Champions,Cluster_4,5334.43
C0255,16.9,5,27141.0,5,5,5,555,Champions,Cluster_1,5428.2
C0256,273.5,1,3894.0,1,1,1,111,Lost,Cluster_2,3894.0
C0257,59.0,2,2826.0,3,2,1,321,Potential Loyalists,Cluster_3,1413.0
C0258,163.8,4,11118.0,1,4,4,144,Loyal Customers,Cluster_4,2779.5
C0259,176.7,1,3996.0,1,1,1,111,Lost,Cluster_2,3996.0
C0260,56.1,4,31515.0,3,4,5,345,Loyal Customers,Cluster_4,7878.75
C0261,81.5,4,20559.0,3,4,5,345,Loyal Customers,Cluster_4,5139.75
C0262,7.2,8,30654.0,5,5,5,555,Champions,Cluster_1,3831.75
C0263,20.1,2,966.0,5,2,1,521,New Customers,Cluster_2,483.0
C0264,222.5,2,4740.0,1,2,2,122,Lost,Cluster_3,2370.0
C0265,163.0,1,10277.0,2,1,3,213,Potential Loyalists,Cluster_3,10277.0
C0266,260.0,4,11069.0,1,4,4,144,Loyal Customers,Cluster_4,2767.25
C0267,34.1,3,20342.0,4,3,5,435,Loyal Customers,Cluster_4,6780.67
C0268,31.8,3,9467.0,4,3,3,433,Loyal Customers,Cluster_3,3155.67
C0269,81.6,2,5691.0,3,2,2,322,Potential Loyalists,Cluster_3,2845.5
C0270,198.5,2,2097.0,1,2,1,121,Lost,Cluster_2,1048.5
C0271,87.1,2,4215.0,3,2,2,322,Potential Loyalists,Cluster_3,2107.5
C0272,11.3,4,25173.0,5,4,5,545,Champions,Cluster_1,6293.25
C0273,76.8,3,11409.0,3,3,4,334,Loyal Customers,Cluster_3,3803.0
C0274,25.1,2,4632.0,4,2,2,422,New Customers,Cluster_3,2316.0
C0275,53.8,6,9768.0,3,5,3,353,Loyal Customers,Cluster_4,1628.0
C0276,43.8,3,15241.0,4,3,4,434,Loyal Customers,Cluster_4,5080.33
C0277,138.2,2,3794.0,2,2,1,221,Lost,Cluster_3,1897.0
C0278,130.6,5,19918.0,2,5,5,255,Loyal Customers,Cluster_4,3983.6
C0279,266.8,1,3195.0,1,1,1,111,Lost,Cluster_2,3195.0
C0280,41.6,7,24366.0,4,5,5,455,Champions,Cluster_4,3480.86
C0281,133.3,1,2797.0,2,1,1,211,Lost,Cluster_2,2797.0
C0282,54.8,3,8488.0,3,3,3,333,Loyal Customers,Cluster_3,2829.33
C0283,229.6,2,1951.0,1,2,1,121,Lost,Cluster_2,975.5
C0284,147.1,5,14783.0,2,5,4,254,Loyal Customers,Cluster_4,2956.6
C0285,48.0,3,8118.0,4,3,3,433,Loyal Customers,Cluster_3,2706.0
C0286,7.9,4,10715.0,5,4,3,543,Loyal Customers,Cluster_1,2678.75
C0287,236.4,1,1217.0,1,1,1,111,Lost,Cluster_2,1217.0
C0288,32.9,3,4547.0,4,3,2,432,Potential Loyalists,Cluster_3,1515.67
C0289,62.6,4,13579.0,3,4,4,344,Loyal Customers,Cluster_4,3394.75
C0290,32.4,6,11792.0,4,5,4,454,Champions,Cluster_4,1965.33
C0292,308.8,1,1057.0,1,1,1,111,Lost,Cluster_2,1057.0
C0293,5.5,4,13290.0,5,4,4,544,Champions,Cluster_1,3322.5
C0294,321.8,1,927.0,1,1,1,111,Lost,Cluster_2,927.0
C0295,168.9,1,19.0,1,1,1,111,Lost,Cluster_2,19.0
C0296,41.1,4,24678.0,4,4,5,445,Champions,Cluster_4,6169.5
C0297,70.6,7,25753.0,3,5,5,355,Loyal Customers,Cluster_4,3679.0
C0299,27.6,3,6821.0,4,3,2,432,Potential Loyalists,Cluster_3,2273.67
C0300,10.2,2,12923.0,5,2,4,524,New Customers,Cluster_1,6461.5
C0301,19.8,4,2744.0,5,4,1,541,Potential Loyalists,Cluster_1,686.0
C0302,153.1,5,7309.0,2,5,2,252,At Risk,Cluster_4,1461.8
C0303,344.3,1,748.0,1,1,1,111,Lost,Cluster_2,748.0
C0304,54.3,5,14161.0,3,5,4,354,Loyal Customers,Cluster_4,2832.2
C0305,14.7,6,13745.0,5,5,4,554,Champions,Cluster_1,2290.83
C0306,81.5,1,2596.0,3,1,1,311,Potential Loyalists,Cluster_2,2596.0
C0308,40.0,6,27105.0,4,5,5,455,Champions,Cluster_4,4517.5
C0309,49.4,8,20827.0,4,5,5,455,Champions,Cluster_4,2603.38
C0310,69.2,3,10280.0,3,3,3,333,Loyal Customers,Cluster_3,3426.67
C0311,203.1,3,9487.0,1,3,3,133,Loyal Customers,Cluster_3,3162.33
C0312,54.8,3,4520.0,3,3,2,332,Potential Loyalists,Cluster_3,1506.67
C0313,34.4,4,9086.0,4,4,3,443,Loyal Customers,Cluster_4,2271.5
C0314,30.6,3,11690.0,4,3,4,434,Loyal Customers,Cluster_4,3896.67
C0315,204.2,2,5718.0,1,2,2,122,Lost,Cluster_3,2859.0
C0316,7.5,3,8891.0,5,3,3,533,Loyal Customers,Cluster_1,2963.67
C0317,43.5,5,13207.0,4,5,4,454,Champions,Cluster_4,2641.4
C0318,105.7,4,26835.0,2,4,5,245,Loyal Customers,Cluster_4,6708.75
C0319,110.7,4,14825.0,2,4,4,244,Loyal Customers,Cluster_4,3706.25
C0320,29.5,6,9492.0,4,5,3,453,Loyal Customers,Cluster_4,1582.0
C0321,176.9,5,26772.0,1,5,5,155,Loyal Customers,Cluster_4,5354.4
C0322,36.0,5,24081.0,4,5,5,455,Champions,Cluster_4,4816.2
C0323,153.2,1,2697.0,2,1,1,211,Lost,Cluster_2,2697.0
C0324,97.8,2,3345.0,3,2,1,321,Potential Loyalists,Cluster_3,1672.5
C0325,166.1,5,11171.0,1,5,4,154,Loyal Customers,Cluster_4,2234.2
C0326,161.1,1,399.0,2,1,1,211,Lost,Cluster_2,399.0
C0327,0.0,2,6154.0,5,2,2,522,New Customers,Cluster_1,3077.0
C0328,3.8,6,12209.0,5,5,4,554,Champions,Cluster_1,2034.83
C0329,168.5,3,7396.0,1,3,2,132,At Risk,Cluster_3,2465.33
C0330,17.9,5,12559.0,5,5,4,554,Champions,Cluster_1,2511.8
C0332,234.2,2,9476.0,1,2,3,123,Potential Loyalists,Cluster_3,4738.0
C0333,30.6,6,11005.0,4,5,3,453,Loyal Customers,Cluster_4,1834.17
C0334,24.6,4,13148.0,5,4,4,544,Champions,Cluster_1,3287.0
C0335,94.4,5,13731.0,3,5,4,354,Loyal Customers,Cluster_4,2746.2
C0336,18.1,5,12022.0,5,5,4,554,Champions,Cluster_1,2404.4
C0337,217.1,1,8240.0,1,1,3,113,Potential Loyalists,Cluster_3,8240.0
C0338,51.9,3,12382.0,4,3,4,434,Loyal Customers,Cluster_3,4127.33
C0340,92.1,2,5399.0,3,2,2,322,Potential Loyalists,Cluster_3,2699.5
C0341,13.4,1,3966.0,5,1,1,511,New Customers,Cluster_3,3966.0
C0342,182.0,2,3542.0,1,2,1,121,Lost,Cluster_3,1771.0
C0343,201.4,2,2754.0,1,2,1,121,Lost,Cluster_2,1377.0
C0344,215.2,1,3725.0,1,1,1,111,Lost,Cluster_2,3725.0
C0345,73.8,2,14122.0,3,2,4,324,Potential Loyalists,Cluster_3,7061.0
C0346,155.9,4,14669.0,2,4,4,244,Loyal Customers,Cluster_4,3667.25
C0347,53.6,3,12498.0,3,3,4,334,Loyal Customers,Cluster_3,4166.0
C0348,92.5,2,9839.0,3,2,3,323,Potential Loyalists,Cluster_3,4919.5
C0349,10.0,3,13900.0,5,3,4,534,Loyal Customers,Cluster_1,4633.33
C0350,24.5,2,6011.0,5,2,2,522,New Customers,Cluster_3,3005.5
C0351,80.7,5,5518.0,3,5,2,352,Potential Loyalists,Cluster_4,1103.6
C0352,57.0,4,12954.0,3,4,4,344,Loyal Customers,Cluster_4,3238.5
C0353,43.5,1,999.0,4,1,1,411,New Customers,Cluster_2,999.0
C0354,221.0,2,10645.0,1,2,3,123,Potential Loyalists,Cluster_3,5322.5
C0355,0.2,3,7140.0,5,3,2,532,Potential Loyalists,Cluster_1,2380.0
C0356,217.3,4,13037.0,1,4,4,144,Loyal Customers,Cluster_4,3259.25
C0357,96.3,4,23415.0,3,4,5,345,Loyal Customers,Cluster_4,5853.75
C0358,17.7,8,22637.0,5,5,5,555,Champions,Cluster_4,2829.62
C0359,67.1,4,11480.0,3,4,4,344,Loyal Customers,Cluster_4,2870.0
C0360,42.3,4,11967.0,4,4,4,444,Champions,Cluster_4,2991.75
C0361,88.8,4,15416.0,3,4,4,344,Loyal Customers,Cluster_4,3854.0
C0362,2.2,3,7388.0,5,3,2,532,Potential Loyalists,Cluster_1,2462.67
C0363,45.8,2,13566.0,4,2,4,424,New Customers,Cluster_3,6783.0
C0364,119.8,2,8695.0,2,2,3,223,Potential Loyalists,Cluster_3,4347.5
C0365,115.9,3,13010.0,2,3,4,234,Loyal Customers,Cluster_3,4336.67
C0366,41.4,6,24198.0,4,5,5,455,Champions,Cluster_4,4033.0
C0367,3.2,7,24043.0,5,5,5,555,Champions,Cluster_1,3434.71
C0368,137.6,3,10035.0,2,3,3,233,Loyal Customers,Cluster_3,3345.0
C0369,28.5,4,7439.0,4,4,2,442,Potential Loyalists,Cluster_1,1859.75
C0370,118.8,5,15822.0,2,5,4,254,Loyal Customers,Cluster_4,3164.4
C0371,51.2,7,29340.0,4,5,5,455,Champions,Cluster_4,4191.43
C0372,46.1,4,9794.0,4,4,3,443,Loyal Customers,Cluster_4,2448.5
C0373,145.6,3,9368.0,2,3,3,233,Loyal Customers,Cluster_3,3122.67
C0374,114.2,4,4033.0,2,4,1,241,At Risk,Cluster_3,1008.25
C0375,38.8,7,19555.0,4,5,5,455,Champions,Cluster_4,2793.57
C0376,58.3,6,28045.0,3,5,5,355,Loyal Customers,Cluster_4,4674.17
C0377,16.8,5,8956.0,5,5,3,553,Loyal Customers,Cluster_1,1791.2
C0378,229.9,1,7794.0,1,1,3,113,Potential Loyalists,Cluster_3,7794.0
C0379,5.1,6,23751.0,5,5,5,555,Champions,Cluster_1,3958.5
C0380,311.1,2,2065.0,1,2,1,121,Lost,Cluster_2,1032.5
C0381,181.9,3,6919.0,1,3,2,132,At Risk,Cluster_3,2306.33
C0382,81.1,3,14402.0,3,3,4,334,Loyal Customers,Cluster_3,4800.67
C0383,152.4,1,3717.0,2,1,1,211,Lost,Cluster_2,3717.0
C0384,12.1,4,3419.0,5,4,1,541,Potential Loyalists,Cluster_1,854.75
C0385,182.2,3,3170.0,1,3,1,131,At Risk,Cluster_3,1056.67
C0386,209.8,2,5997.0,1,2,2,122,Lost,Cluster_3,2998.5
C0387,173.0,2,20687.0,1,2,5,125,Potential Loyalists,Cluster_3,10343.5
C0388,118.0,4,16587.0,2,4,5,245,Loyal Customers,Cluster_4,4146.75
C0389,278.1,2,6091.0,1,2,2,122,Lost,Cluster_3,3045.5
C0390,121.5,3,8791.0,2,3,3,233,Loyal Customers,Cluster_3,2930.33
C0391,52.0,5,16323.0,4,5,5,455,Champions,Cluster_4,3264.6
C0392,182.6,1,399.0,1,1,1,111,Lost,Cluster_2,399.0
C0393,191.0,3,7555.0,1,3,3,133,Loyal Customers,Cluster_3,2518.33
C0395,285.0,1,38.0,1,1,1,111,Lost,Cluster_2,38.0
C0396,96.1,4,6967.0,3,4,2,342,Potential Loyalists,Cluster_3,1741.75
C0397,25.7,2,10317.0,4,2,3,423,New Customers,Cluster_3,5158.5
C0398,78.4,3,9009.0,3,3,3,333,Loyal Customers,Cluster_3,3003.0
C0399,7.4,4,7532.0,5,4,3,543,Loyal Customers,Cluster_1,1883.0
C0400,68.1,3,11765.0,3,3,4,334,Loyal Customers,Cluster_3,3921.67
C0401,46.4,3,9430.0,4,3,3,433,Loyal Customers,Cluster_3,3143.33
C0402,153.7,2,10251.0,2,2,3,223,Potential Loyalists,Cluster_3,5125.5
C0403,189.5,4,7188.0,1,4,2,142,At Risk,Cluster_3,1797.0
C0404,47.5,5,9883.0,4,5,3,453,Loyal Customers,Cluster_4,1976.6
C0405,19.8,7,13207.0,5,5,4,554,Champions,Cluster_4,1886.71
C0406,49.9,5,9971.0,4,5,3,453,Loyal Customers,Cluster_4,1994.2
C0407,0.2,5,12515.0,5,5,4,554,Champions,Cluster_1,2503.0
C0408,9.9,8,19479.0,5,5,5,555,Champions,Cluster_1,2434.88
C0409,39.6,4,14069.0,4,4,4,444,Champions,Cluster_4,3517.25
C0410,60.4,2,15954.0,3,2,4,324,Potential Loyalists,Cluster_3,7977.0
C0411,117.9,2,12609.0,2,2,4,224,Potential Loyalists,Cluster_3,6304.5
C0412,10.0,5,18402.0,5,5,5,555,Champions,Cluster_1,3680.4
C0413,221.5,3,14585.0,1,3,4,134,Loyal Customers,Cluster_3,4861.67
C0414,6.1,5,24934.0,5,5,5,555,Champions,Cluster_1,4986.8
C0415,288.7,4,22671.0,1,4,5,145,Loyal Customers,Cluster_4,5667.75
C0416,82.0,6,9200.0,3,5,3,353,Loyal Customers,Cluster_4,1533.33
C0417,2.7,4,11042.0,5,4,3,543,Loyal Customers,Cluster_1,2760.5
C0418,156.8,3,5700.0,2,3,2,232,At Risk,Cluster_3,1900.0
C0419,18.0,4,12753.0,5,4,4,544,Champions,Cluster_1,3188.25
C0420,78.9,1,468.0,3,1,1,311,Potential Loyalists,Cluster_2,468.0
C0421,6.6,4,8677.0,5,4,3,543,Loyal Customers,Cluster_1,2169.25
C0422,7.6,5,17064.0,5,5,5,555,Champions,Cluster_1,3412.8
C0423,22.2,3,5693.0,5,3,2,532,Potential Loyalists,Cluster_1,1897.67
C0424,7.7,4,22178.0,5,4,5,545,Champions,Cluster_1,5544.5
C0425,41.0,2,6675.0,4,2,2,422,New Customers,Cluster_3,3337.5
C0426,132.5,4,17569.0,2,4,5,245,Loyal Customers,Cluster_4,4392.25
C0427,50.8,6,13029.0,4,5,4,454,Champions,Cluster_4,2171.5
C0428,106.7,6,16157.0,2,5,4,254,Loyal Customers,Cluster_4,2692.83
C0429,38.4,3,2131.0,4,3,1,431,Potential Loyalists,Cluster_3,710.33
C0430,39.3,4,30571.0,4,4,5,445,Champions,Cluster_4,7642.75
C0431,170.9,2,11193.0,1,2,4,124,Potential Loyalists,Cluster_3,5596.5
C0432,125.0,2,4020.0,2,2,1,221,Lost,Cluster_3,2010.0
C0433,355.6,1,99.0,1,1,1,111,Lost,Cluster_2,99.0
C0434,61.3,5,15121.0,3,5,4,354,Loyal Customers,Cluster_4,3024.2
C0435,234.1,1,1647.0,1,1,1,111,Lost,Cluster_2,1647.0
C0436,24.2,6,17770.0,5,5,5,555,Champions,Cluster_4,2961.67
C0437,34.1,5,5977.0,4,5,2,452,Potential Loyalists,Cluster_4,1195.4
C0438,251.6,5,11745.0,1,5,4,154,Loyal Customers,Cluster_4,2349.0
C0439,7.4,3,1715.0,5,3,1,531,Potential Loyalists,Cluster_1,571.67
C0440,29.3,2,1655.0,4,2,1,421,New Customers,Cluster_2,827.5
C0441,66.3,7,10062.0,3,5,3,353,Loyal Customers,Cluster_4,1437.43
C0442,77.2,4,4759.0,3,4,2,342,Potential Loyalists,Cluster_3,1189.75
C0443,193.4,1,799.0,1,1,1,111,Lost,Cluster_2,799.0
C0445,139.8,2,2396.0,2,2,1,221,Lost,Cluster_2,1198.0
C0446,269.6,1,2751.0,1,1,1,111,Lost,Cluster_2,2751.0
C0447,77.9,5,9270.0,3,5,3,353,Loyal Customers,Cluster_4,1854.0
C0448,142.0,2,2553.0,2,2,1,221,Lost,Cluster_2,1276.5
C0449,39.4,8,17513.0,4,5,5,455,Champions,Cluster_4,2189.12
C0450,198.5,2,7047.0,1,2,2,122,Lost,Cluster_3,3523.5
C0452,322.4,1,5942.0,1,1,2,112,Lost,Cluster_3,5942.0
C0453,89.0,1,349.0,3,1,1,311,Potential Loyalists,Cluster_2,349.0
C0454,33.4,6,16419.0,4,5,5,455,Champions,Cluster_4,2736.5
C0455,25.3,3,10662.0,4,3,3,433,Loyal Customers,Cluster_1,3554.0
C0456,106.7,4,21080.0,2,4,5,245,Loyal Customers,Cluster_4,5270.0
C0457,164.3,4,7074.0,1,4,2,142,At Risk,Cluster_3,1768.5
C0458,172.2,3,10850.0,1,3,3,133,Loyal Customers,Cluster_3,3616.67
C0459,251.6,4,13264.0,1,4,4,144,Loyal Customers,Cluster_4,3316.0
C0460,83.0,6,25380.0,3,5,5,355,Loyal Customers,Cluster_4,4230.0
C0461,68.4,6,13527.0,3,5,4,354,Loyal Customers,Cluster_4,2254.5
C0462,153.5,4,15640.0,2,4,4,244,Loyal Customers,Cluster_4,3910.0
C0463,46.5,7,22678.0,4,5,5,455,Champions,Cluster_4,3239.71
C0464,165.5,1,49.0,1,1,1,111,Lost,Cluster_2,49.0
C0465,13.8,4,6693.0,5,4,2,542,Potential Loyalists,Cluster_1,1673.25
C0466,246.7,3,11344.0,1,3,4,134,Loyal Customers,Cluster_3,3781.33
C0467,122.1,3,8715.0,2,3,3,233,Loyal Customers,Cluster_3,2905.0
C0468,64.0,2,5110.0,3,2,2,322,Potential Loyalists,Cluster_3,2555.0
C0469,49.0,4,10404.0,4,4,3,443,Loyal Customers,Cluster_4,2601.0
C0470,2.4,9,35893.0,5,5,5,555,Champions,Cluster_1,3988.11
C0471,117.7,5,7719.0,2,5,3,253,Loyal Customers,Cluster_4,1543.8
C0472,133.9,2,10248.0,2,2,3,223,Potential Loyalists,Cluster_3,5124.0
C0473,299.7,1,198.0,1,1,1,111,Lost,Cluster_2,198.0
C0474,46.3,2,6302.0,4,2,2,422,New Customers,Cluster_3,3151.0
C0475,142.2,1,2697.0,2,1,1,211,Lost,Cluster_2,2697.0
C0476,60.8,3,6373.0,3,3,2,332,Potential Loyalists,Cluster_3,2124.33
C0477,52.7,3,3693.0,4,3,1,431,Potential Loyalists,Cluster_3,1231.0
C0478,76.3,2,4295.0,3,2,2,322,Potential Loyalists,Cluster_3,2147.5
C0479,3.1,3,13968.0,5,3,4,534,Loyal Customers,Cluster_1,4656.0
C0480,12.1,3,14902.0,5,3,4,534,Loyal Customers,Cluster_1,4967.33
C0481,146.0,5,14517.0,2,5,4,254,Loyal Customers,Cluster_4,2903.4
C0482,67.5,4,9245.0,3,4,3,343,Loyal Customers,Cluster_4,2311.25
C0483,111.8,3,3444.0,2,3,1,231,At Risk,Cluster_3,1148.0
C0484,332.3,2,1197.0,1,2,1,121,Lost,Cluster_2,598.5
C0485,157.2,4,10619.0,2,4,3,243,Loyal Customers,Cluster_4,2654.75
C0486,189.4,1,3195.0,1,1,1,111,Lost,Cluster_2,3195.0
C0487,21.4,2,1547.0,5,2,1,521,New Customers,Cluster_2,773.5
C0488,89.8,2,8441.0,3,2,3,323,Potential Loyalists,Cluster_3,4220.5
C0489,132.6,2,6644.0,2,2,2,222,Lost,Cluster_3,3322.0
C0490,36.0,1,6545.0,4,1,2,412,New Customers,Cluster_3,6545.0
C0491,134.8,4,13381.0,2,4,4,244,Loyal Customers,Cluster_4,3345.25
C0492,4.9,5,33202.0,5,5,5,555,Champions,Cluster_1,6640.4
C0493,42.3,2,1818.0,4,2,1,421,New Customers,Cluster_2,909.0
C0494,135.1,4,11059.0,2,4,3,243,Loyal Customers,Cluster_4,2764.75
C0495,180.4,1,38.0,1,1,1,111,Lost,Cluster_2,38.0
C0496,49.7,2,7456.0,4,2,2,422,New Customers,Cluster_3,3728.0
C0497,332.7,3,10399.0,1,3,3,133,Loyal Customers,Cluster_3,3466.33
C0498,27.3,7,37074.0,4,5,5,455,Champions,Cluster_4,5296.29
C0499,53.5,2,10723.0,3,2,3,323,Potential Loyalists,Cluster_3,5361.5
C0500,32.8,3,10613.0,4,3,3,433,Loyal Customers,Cluster_3,3537.67
C0501,52.1,7,27990.0,4,5,5,455,Champions,Cluster_4,3998.57
C0502,190.3,4,8788.0,1,4,3,143,Loyal Customers,Cluster_3,2197.0
C0503,28.6,6,22263.0,4,5,5,455,Champions,Cluster_4,3710.5
C0504,142.4,2,3476.0,2,2,1,221,Lost,Cluster_3,1738.0
C0505,82.2,1,797.0,3,1,1,311,Potential Loyalists,Cluster_2,797.0
C0506,277.5,1,2398.0,1,1,1,111,Lost,Cluster_2,2398.0
C0507,155.6,2,3629.0,2,2,1,221,Lost,Cluster_3,1814.5
C0508,15.0,2,5971.0,5,2,2,522,New Customers,Cluster_1,2985.5
C0509,62.9,2,11315.0,3,2,4,324,Potential Loyalists,Cluster_3,5657.5
C0510,86.1,2,5693.0,3,2,2,322,Potential Loyalists,Cluster_3,2846.5
C0511,102.4,5,11334.0,2,5,4,254,Loyal Customers,Cluster_4,2266.8
C0512,18.3,5,12573.0,5,5,4,554,Champions,Cluster_1,2514.6
C0513,81.4,1,3821.0,3,1,1,311,Potential Loyalists,Cluster_2,3821.0
C0514,291.3,1,349.0,1,1,1,111,Lost,Cluster_2,349.0
C0515,213.3,6,25456.0,1,5,5,155,Loyal Customers,Cluster_4,4242.67
C0516,111.3,2,11055.0,2,2,3,223,Potential Loyalists,Cluster_3,5527.5
C0517,20.6,6,20202.0,5,5,5,555,Champions,Cluster_4,3367.0
C0518,0.8,5,11211.0,5,5,4,554,Champions,Cluster_1,2242.2
C0519,99.6,3,9301.0,2,3,3,233,Loyal Customers,Cluster_3,3100.33
C0520,73.7,1,1047.0,3,1,1,311,Potential Loyalists,Cluster_2,1047.0
C0521,101.5,2,4742.0,2,2,2,222,Lost,Cluster_3,2371.0
C0522,17.5,5,15695.0,5,5,4,554,Champions,Cluster_1,3139.0
C0523,0.4,12,50403.0,5,5,5,555,Champions,Cluster_1,4200.25
C0524,146.6,2,2496.0,2,2,1,221,Lost,Cluster_2,1248.0
C0525,37.8,3,9572.0,4,3,3,433,Loyal Customers,Cluster_3,3190.67
C0526,260.7,1,429.0,1,1,1,111,Lost,Cluster_2,429.0
C0528,238.0,2,9193.0,1,2,3,123,Potential Loyalists,Cluster_3,4596.5
C0529,60.3,2,6331.0,3,2,2,322,Potential Loyalists,Cluster_3,3165.5
C0530,153.9,2,6420.0,2,2,2,222,Lost,Cluster_3,3210.0
C0531,62.0,5,16471.0,3,5,5,355,Loyal Customers,Cluster_4,3294.2
C0532,37.5,3,4407.0,4,3,2,432,Potential Loyalists,Cluster_3,1469.0
C0533,68.4,4,11426.0,3,4,4,344,Loyal Customers,Cluster_4,2856.5
C0534,79.8,3,8297.0,3,3,3,333,Loyal Customers,Cluster_3,2765.67
C0535,16.6,4,5779.0,5,4,2,542,Potential Loyalists,Cluster_1,1444.75
C0536,65.9,5,21609.0,3,5,5,355,Loyal Customers,Cluster_4,4321.8
C0537,175.6,3,24835.0,1,3,5,135,Loyal Customers,Cluster_4,8278.33
C0538,77.5,6,9777.0,3,5,3,353,Loyal Customers,Cluster_4,1629.5
C0539,76.7,2,1845.0,3,2,1,321,Potential Loyalists,Cluster_2,922.5
C0540,227.6,4,2268.0,1,4,1,141,At Risk,Cluster_3,567.0
C0541,204.5,1,1696.0,1,1,1,111,Lost,Cluster_2,1696.0
C0542,49.2,5,9322.0,4,5,3,453,Loyal Customers,Cluster_4,1864.4
C0543,112.2,2,3553.0,2,2,1,221,Lost,Cluster_3,1776.5
C0544,232.9,1,1548.0,1,1,1,111,Lost,Cluster_2,1548.0
C0545,238.3,1,1399.0,1,1,1,111,Lost,Cluster_2,1399.0
C0546,52.9,3,1960.0,4,3,1,431,Potential Loyalists,Cluster_3,653.33
C0547,179.6,1,1799.0,1,1,1,111,Lost,Cluster_2,1799.0
C0548,49.0,2,3763.0,4,2,1,421,New Customers,Cluster_3,1881.5
C0549,87.8,3,3383.0,3,3,1,331,Potential Loyalists,Cluster_3,1127.67
C0550,31.5,3,6099.0,4,3,2,432,Potential Loyalists,Cluster_3,2033.0
C0551,11.3,4,7436.0,5,4,2,542,Potential Loyalists,Cluster_1,1859.0
C0552,23.4,6,17910.0,5,5,5,555,Champions,Cluster_4,2985.0
C0553,241.9,1,8692.0,1,1,3,113,Potential Loyalists,Cluster_3,8692.0
C0554,43.7,3,12799.0,4,3,4,434,Loyal Customers,Cluster_4,4266.33
C0555,75.0,5,26316.0,3,5,5,355,Loyal Customers,Cluster_4,5263.2
C0556,40.2,6,19355.0,4,5,5,455,Champions,Cluster_4,3225.83
C0557,131.5,1,7507.0,2,1,3,213,Potential Loyalists,Cluster_3,7507.0
C0558,85.6,1,4213.0,3,1,2,312,Potential Loyalists,Cluster_2,4213.0
C0559,33.7,2,2864.0,4,2,1,421,New Customers,Cluster_3,1432.0
C0560,135.8,2,9437.0,2,2,3,223,Potential Loyalists,Cluster_3,4718.5
C0561,23.9,5,15583.0,5,5,4,554,Champions,Cluster_4,3116.6
C0562,89.8,3,12482.0,3,3,4,334,Loyal Customers,Cluster_3,4160.67
C0564,11.1,4,14060.0,5,4,4,544,Champions,Cluster_1,3515.0
C0565,108.2,3,7648.0,2,3,3,233,Loyal Customers,Cluster_3,2549.33
C0566,29.3,3,4070.0,4,3,1,431,Potential Loyalists,Cluster_3,1356.67
C0567,128.9,4,18671.0,2,4,5,245,Loyal Customers,Cluster_4,4667.75
C0568,192.7,2,5331.0,1,2,2,122,Lost,Cluster_3,2665.5
C0569,92.1,1,2499.0,3,1,1,311,Potential Loyalists,Cluster_2,2499.0
C0570,159.6,4,8486.0,2,4,3,243,Loyal Customers,Cluster_4,2121.5
C0571,36.0,2,11138.0,4,2,4,424,New Customers,Cluster_3,5569.0
C0572,21.2,4,9257.0,5,4,3,543,Loyal Customers,Cluster_1,2314.25
C0573,56.6,3,13582.0,3,3,4,334,Loyal Customers,Cluster_4,4527.33
C0574,326.7,1,2396.0,1,1,1,111,Lost,Cluster_2,2396.0
C0575,33.9,5,11066.0,4,5,3,453,Loyal Customers,Cluster_4,2213.2
C0576,160.6,3,9061.0,2,3,3,233,Loyal Customers,Cluster_3,3020.33
C0577,7.0,5,18290.0,5,5,5,555,Champions,Cluster_1,3658.0
C0578,295.9,3,5175.0,1,3,2,132,At Risk,Cluster_3,1725.0
C0580,360.2,1,3585.0,1,1,1,111,Lost,Cluster_2,3585.0
C0581,12.3,4,11823.0,5,4,4,544,Champions,Cluster_1,2955.75
C0582,49.1,5,20781.0,4,5,5,455,Champions,Cluster_4,4156.2
C0583,29.3,7,22301.0,4,5,5,455,Champions,Cluster_4,3185.86
C0584,66.4,3,6271.0,3,3,2,332,Potential Loyalists,Cluster_3,2090.33
C0585,41.4,6,12633.0,4,5,4,454,Champions,Cluster_4,2105.5
C0586,203.0,3,13671.0,1,3,4,134,Loyal Customers,Cluster_3,4557.0
C0587,262.8,3,8291.0,1,3,3,133,Loyal Customers,Cluster_3,2763.67
C0588,75.6,7,11310.0,3,5,4,354,Loyal Customers,Cluster_4,1615.71
C0589,113.4,1,3093.0,2,1,1,211,Lost,Cluster_2,3093.0
C0590,113.6,1,2147.0,2,1,1,211,Lost,Cluster_2,2147.0
C0591,0.4,1,4841.0,5,1,2,512,New Customers,Cluster_1,4841.0
C0592,105.4,2,18848.0,2,2,5,225,Potential Loyalists,Cluster_3,9424.0
C0593,50.0,4,7704.0,4,4,3,443,Loyal Customers,Cluster_4,1926.0
C0594,148.0,2,11667.0,2,2,4,224,Potential Loyalists,Cluster_3,5833.5
C0595,4.7,4,9434.0,5,4,3,543,Loyal Customers,Cluster_1,2358.5
C0596,140.4,5,11597.0,2,5,4,254,Loyal Customers,Cluster_4,2319.4
C0597,36.8,2,7239.0,4,2,2,422,New Customers,Cluster_3,3619.5
C0598,28.9,5,15955.0,4,5,4,454,Champions,Cluster_4,3191.0
C0600,95.7,3,10722.0,3,3,3,333,Loyal Customers,Cluster_3,3574.0
C0601,309.8,2,6091.0,1,2,2,122,Lost,Cluster_3,3045.5
C0603,221.4,1,9544.0,1,1,3,113,Potential Loyalists,Cluster_3,9544.0
C0604,43.5,2,2677.0,4,2,1,421,New Customers,Cluster_3,1338.5
C0605,28.6,8,22173.0,4,5,5,455,Champions,Cluster_4,2771.62
C0606,174.4,3,7629.0,1,3,3,133,Loyal Customers,Cluster_3,2543.0
C0607,154.6,3,3202.0,2,3,1,231,At Risk,Cluster_3,1067.33
C0608,120.5,1,3446.0,2,1,1,211,Lost,Cluster_2,3446.0
C0609,43.3,4,9959.0,4,4,3,443,Loyal Customers,Cluster_4,2489.75
C0610,163.2,3,12201.0,1,3,4,134,Loyal Customers,Cluster_3,4067.0
C0611,54.3,3,1645.0,3,3,1,331,Potential Loyalists,Cluster_3,548.33
C0613,21.9,4,10914.0,5,4,3,543,Loyal Customers,Cluster_1,2728.5
C0614,6.5,2,10540.0,5,2,3,523,New Customers,Cluster_1,5270.0
C0615,34.8,3,13733.0,4,3,4,434,Loyal Customers,Cluster_4,4577.67
C0616,64.7,2,6374.0,3,2,2,322,Potential Loyalists,Cluster_3,3187.0
C0617,45.2,4,7633.0,4,4,3,443,Loyal Customers,Cluster_4,1908.25
C0618,60.5,7,27019.0,3,5,5,355,Loyal Customers,Cluster_4,3859.86
C0619,56.5,3,7420.0,3,3,2,332,Potential Loyalists,Cluster_3,2473.33
C0620,180.1,1,3296.0,1,1,1,111,Lost,Cluster_2,3296.0
C0621,32.8,2,2695.0,4,2,1,421,New Customers,Cluster_3,1347.5
C0622,70.1,3,3988.0,3,3,1,331,Potential Loyalists,Cluster_3,1329.33
C0623,261.1,3,12362.0,1,3,4,134,Loyal Customers,Cluster_3,4120.67
C0624,42.3,4,13229.0,4,4,4,444,Champions,Cluster_4,3307.25
C0625,164.6,2,2846.0,1,2,1,121,Lost,Cluster_3,1423.0
C0626,41.0,8,22581.0,4,5,5,455,Champions,Cluster_4,2822.62
C0627,52.9,3,7728.0,4,3,3,433,Loyal Customers,Cluster_3,2576.0
C0628,33.2,4,14688.0,4,4,4,444,Champions,Cluster_4,3672.0
C0629,40.1,4,9950.0,4,4,3,443,Loyal Customers,Cluster_4,2487.5
C0630,82.1,1,795.0,3,1,1,311,Potential Loyalists,Cluster_2,795.0
C0631,11.3,4,7210.0,5,4,2,542,Potential Loyalists,Cluster_1,1802.5
C0632,127.4,2,4522.0,2,2,2,222,Lost,Cluster_3,2261.0
C0633,37.1,5,13334.0,4,5,4,454,Champions,Cluster_4,2666.8
C0634,0.4,2,7177.0,5,2,2,522,New Customers,Cluster_1,3588.5
C0635,69.8,3,11893.0,3,3,4,334,Loyal Customers,Cluster_3,3964.33
C0636,27.3,5,14818.0,4,5,4,454,Champions,Cluster_4,2963.6
C0637,37.8,3,4810.0,4,3,2,432,Potential Loyalists,Cluster_3,1603.33
C0638,7.3,5,16448.0,5,5,5,555,Champions,Cluster_1,3289.6
C0639,102.1,3,19611.0,2,3,5,235,Loyal Customers,Cluster_4,6537.0
C0640,30.7,7,18473.0,4,5,5,455,Champions,Cluster_4,2639.0
C0641,32.3,7,19370.0,4,5,5,455,Champions,Cluster_4,2767.14
C0642,93.7,4,14030.0,3,4,4,344,Loyal Customers,Cluster_4,3507.5
C0643,163.1,4,9005.0,1,4,3,143,Loyal Customers,Cluster_4,2251.25
C0644,226.8,3,18437.0,1,3,5,135,Loyal Customers,Cluster_3,6145.67
C0645,49.2,3,10116.0,4,3,3,433,Loyal Customers,Cluster_3,3372.0
C0646,116.8,3,4160.0,2,3,1,231,At Risk,Cluster_3,1386.67
C0647,212.1,3,11872.0,1,3,4,134,Loyal Customers,Cluster_3,3957.33
C0648,40.9,4,13699.0,4,4,4,444,Champions,Cluster_4,3424.75
C0649,22.0,4,20330.0,5,4,5,545,Champions,Cluster_1,5082.5
C0650,249.5,2,3299.0,1,2,1,121,Lost,Cluster_3,1649.5
C0651,3.4,5,12384.0,5,5,4,554,Champions,Cluster_1,2476.8
C0652,230.3,4,8083.0,1,4,3,143,Loyal Customers,Cluster_3,2020.75
C0653,123.7,3,7181.0,2,3,2,232,At Risk,Cluster_3,2393.67
C0654,62.0,1,99.0,3,1,1,311,Potential Loyalists,Cluster_2,99.0
C0655,121.3,5,28211.0,2,5,5,255,Loyal Customers,Cluster_4,5642.2
C0656,62.9,7,24302.0,3,5,5,355,Loyal Customers,Cluster_4,3471.71
C0657,133.7,4,18905.0,2,4,5,245,Loyal Customers,Cluster_4,4726.25
C0658,63.1,4,7887.0,3,4,3,343,Loyal Customers,Cluster_4,1971.75
C0659,212.2,4,12339.0,1,4,4,144,Loyal Customers,Cluster_4,3084.75
C0660,13.1,6,13741.0,5,5,4,554,Champions,Cluster_1,2290.17
C0661,164.8,5,9810.0,1,5,3,153,Loyal Customers,Cluster_4,1962.0
C0662,67.5,3,5243.0,3,3,2,332,Potential Loyalists,Cluster_3,1747.67
C0663,203.2,1,699.0,1,1,1,111,Lost,Cluster_2,699.0
C0664,9.3,5,12237.0,5,5,4,554,Champions,Cluster_1,2447.4
C0665,230.0,2,4024.0,1,2,1,121,Lost,Cluster_3,2012.0
C0666,38.5,1,4244.0,4,1,2,412,New Customers,Cluster_2,4244.0
C0667,4.9,5,9712.0,5,5,3,553,Loyal Customers,Cluster_1,1942.4
C0668,129.2,2,1098.0,2,2,1,221,Lost,Cluster_2,549.0
C0669,331.3,1,1505.0,1,1,1,111,Lost,Cluster_2,1505.0
C0670,120.2,5,18984.0,2,5,5,255,Loyal Customers,Cluster_4,3796.8
C0671,162.0,2,3942.0,2,2,1,221,Lost,Cluster_3,1971.0
C0672,315.6,3,6056.0,1,3,2,132,At Risk,Cluster_3,2018.67
C0673,10.6,6,41254.0,5,5,5,555,Champions,Cluster_1,6875.67
C0674,75.5,7,24302.0,3,5,5,355,Loyal Customers,Cluster_4,3471.71
C0675,202.6,4,9442.0,1,4,3,143,Loyal Customers,Cluster_4,2360.5
C0676,36.4,4,16915.0,4,4,5,445,Champions,Cluster_4,4228.75
C0677,16.1,6,20433.0,5,5,5,555,Champions,Cluster_1,3405.5
C0679,181.9,5,26786.0,1,5,5,155,Loyal Customers,Cluster_4,5357.2
C0680,99.6,2,5634.0,2,2,2,222,Lost,Cluster_3,2817.0
C0681,60.2,7,24003.0,3,5,5,355,Loyal Customers,Cluster_4,3429.0
C0682,38.0,3,9060.0,4,3,3,433,Loyal Customers,Cluster_3,3020.0
C0683,201.3,2,23234.0,1,2,5,125,Potential Loyalists,Cluster_3,11617.0
C0684,111.6,3,4943.0,2,3,2,232,At Risk,Cluster_3,1647.67
C0685,1.5,6,26371.0,5,5,5,555,Champions,Cluster_1,4395.17
C0686,9.6,2,9807.0,5,2,3,523,New Customers,Cluster_1,4903.5
C0687,28.2,5,14376.0,4,5,4,454,Champions,Cluster_4,2875.2
C0688,15.9,3,6787.0,5,3,2,532,Potential Loyalists,Cluster_1,2262.33
C0689,51.6,3,10264.0,4,3,3,433,Loyal Customers,Cluster_3,3421.33
C0690,65.3,3,13984.0,3,3,4,334,Loyal Customers,Cluster_4,4661.33
C0691,68.4,4,8830.0,3,4,3,343,Loyal Customers,Cluster_4,2207.5
C0692,176.5,4,9105.0,1,4,3,143,Loyal Customers,Cluster_4,2276.25
C0693,45.6,4,22627.0,4,4,5,445,Champions,Cluster_4,5656.75
C0694,225.0,2,4662.0,1,2,2,122,Lost,Cluster_3,2331.0
C0695,51.1,5,26599.0,4,5,5,455,Champions,Cluster_4,5319.8
C0696,31.7,1,5322.0,4,1,2,412,New Customers,Cluster_3,5322.0
C0697,117.4,6,17838.0,2,5,5,255,Loyal Customers,Cluster_4,2973.0
C0698,271.6,2,7320.0,1,2,2,122,Lost,Cluster_3,3660.0
C0699,61.6,4,13300.0,3,4,4,344,Loyal Customers,Cluster_4,3325.0
C0700,28.6,2,2515.0,4,2,1,421,New Customers,Cluster_3,1257.5
C0701,19.0,13,41734.0,5,5,5,555,Champions,Cluster_4,3210.31
C0702,94.0,1,1652.0,3,1,1,311,Potential Loyalists,Cluster_2,1652.0
C0703,184.9,2,2546.0,1,2,1,121,Lost,Cluster_2,1273.0
C0704,108.7,5,18798.0,2,5,5,255,Loyal Customers,Cluster_4,3759.6
C0705,28.6,5,21358.0,4,5,5,455,Champions,Cluster_4,4271.6
C0706,42.1,4,11525.0,4,4,4,444,Champions,Cluster_4,2881.25
C0707,73.6,6,16558.0,3,5,5,355,Loyal Customers,Cluster_4,2759.67
C0708,155.8,2,7199.0,2,2,2,222,Lost,Cluster_3,3599.5
C0709,26.7,4,8934.0,4,4,3,443,Loyal Customers,Cluster_1,2233.5
C0710,92.9,3,3182.0,3,3,1,331,Potential Loyalists,Cluster_3,1060.67
C0711,243.8,3,7964.0,1,3,3,133,Loyal Customers,Cluster_3,2654.67
C0712,29.9,3,5129.0,4,3,2,432,Potential Loyalists,Cluster_3,1709.67
C0713,14.0,5,9105.0,5,5,3,553,Loyal Customers,Cluster_1,1821.0
C0714,75.9,3,7205.0,3,3,2,332,Potential Loyalists,Cluster_3,2401.67
C0715,11.9,7,22084.0,5,5,5,555,Champions,Cluster_1,3154.86
C0717,136.9,2,6848.0,2,2,2,222,Lost,Cluster_3,3424.0
C0718,93.6,6,15352.0,3,5,4,354,Loyal Customers,Cluster_4,2558.67
C0719,15.5,3,6091.0,5,3,2,532,Potential Loyalists,Cluster_1,2030.33
C0720,110.0,3,7509.0,2,3,3,233,Loyal Customers,Cluster_3,2503.0
C0721,8.7,4,16597.0,5,4,5,545,Champions,Cluster_1,4149.25
C0722,59.7,6,20374.0,3,5,5,355,Loyal Customers,Cluster_4,3395.67
C0723,99.2,2,10990.0,2,2,3,223,Potential Loyalists,Cluster_3,5495.0
C0724,16.0,6,21354.0,5,5,5,555,Champions,Cluster_1,3559.0
C0725,79.1,6,11804.0,3,5,4,354,Loyal Customers,Cluster_4,1967.33
C0726,122.7,4,16735.0,2,4,5,245,Loyal Customers,Cluster_4,4183.75
C0727,21.9,4,13953.0,5,4,4,544,Champions,Cluster_1,3488.25
C0728,6.4,6,10806.0,5,5,3,553,Loyal Customers,Cluster_1,1801.0
C0729,54.1,4,9137.0,3,4,3,343,Loyal Customers,Cluster_4,2284.25
C0730,206.5,3,8445.0,1,3,3,133,Loyal Customers,Cluster_3,2815.0
C0731,231.6,1,2746.0,1,1,1,111,Lost,Cluster_2,2746.0
C0732,115.2,7,19876.0,2,5,5,255,Loyal Customers,Cluster_4,2839.43
C0734,5.4,3,17825.0,5,3,5,535,Loyal Customers,Cluster_1,5941.67
C0735,106.8,4,9487.0,2,4,3,243,Loyal Customers,Cluster_4,2371.75
C0736,127.9,1,7359.0,2,1,2,212,Lost,Cluster_3,7359.0
C0737,157.7,2,8729.0,2,2,3,223,Potential Loyalists,Cluster_3,4364.5
C0738,67.2,3,10278.0,3,3,3,333,Loyal Customers,Cluster_3,3426.0
C0739,37.2,3,7206.0,4,3,2,432,Potential Loyalists,Cluster_3,2402.0
C0740,88.5,6,20374.0,3,5,5,355,Loyal Customers,Cluster_4,3395.67
C0741,130.8,5,18731.0,2,5,5,255,Loyal Customers,Cluster_4,3746.2
C0742,109.8,4,16002.0,2,4,4,244,Loyal Customers,Cluster_4,4000.5
C0743,86.9,7,42413.0,3,5,5,355,Loyal Customers,Cluster_4,6059.0
C0744,341.1,1,1947.0,1,1,1,111,Lost,Cluster_2,1947.0
C0745,0.6,5,9392.0,5,5,3,553,Loyal Customers,Cluster_1,1878.4
C0746,171.9,2,7888.0,1,2,3,123,Potential Loyalists,Cluster_3,3944.0
C0747,129.1,4,6440.0,2,4,2,242,At Risk,Cluster_3,1610.0
C0748,354.3,1,3598.0,1,1,1,111,Lost,Cluster_2,3598.0
C0749,18.1,5,13765.0,5,5,4,554,Champions,Cluster_1,2753.0
C0750,234.5,3,19350.0,1,3,5,135,Loyal Customers,Cluster_3,6450.0
C0751,294.5,3,7890.0,1,3,3,133,Loyal Customers,Cluster_3,2630.0
C0752,276.0,2,3682.0,1,2,1,121,Lost,Cluster_3,1841.0
C0753,65.7,6,27375.0,3,5,5,355,Loyal Customers,Cluster_4,4562.5
C0754,35.5,5,15421.0,4,5,4,454,Champions,Cluster_4,3084.2
C0755,41.8,4,12136.0,4,4,4,444,Champions,Cluster_4,3034.0
C0756,25.2,4,10474.0,4,4,3,443,Loyal Customers,Cluster_1,2618.5
C0757,107.3,4,9533.0,2,4,3,243,Loyal Customers,Cluster_4,2383.25
C0759,89.6,2,8394.0,3,2,3,323,Potential Loyalists,Cluster_3,4197.0
C0760,146.4,2,4013.0,2,2,1,221,Lost,Cluster_3,2006.5
C0761,105.0,4,13070.0,2,4,4,244,Loyal Customers,Cluster_4,3267.5
C0762,8.8,8,28236.0,5,5,5,555,Champions,Cluster_1,3529.5
C0763,6.8,3,7061.0,5,3,2,532,Potential Loyalists,Cluster_1,2353.67
C0764,124.5,2,7647.0,2,2,3,223,Potential Loyalists,Cluster_3,3823.5
C0765,325.3,2,6794.0,1,2,2,122,Lost,Cluster_3,3397.0
C0766,158.8,1,1517.0,2,1,1,211,Lost,Cluster_2,1517.0
C0767,96.1,3,16704.0,3,3,5,335,Loyal Customers,Cluster_4,5568.0
C0768,255.9,1,1498.0,1,1,1,111,Lost,Cluster_2,1498.0
C0769,0.9,6,6814.0,5,5,2,552,Potential Loyalists,Cluster_1,1135.67
C0770,108.9,3,4329.0,2,3,2,232,At Risk,Cluster_3,1443.0
C0771,28.2,4,10567.0,4,4,3,443,Loyal Customers,Cluster_4,2641.75
C0772,49.3,2,1986.0,4,2,1,421,New Customers,Cluster_2,993.0
C0773,93.6,5,20500.0,3,5,5,355,Loyal Customers,Cluster_4,4100.0
C0774,197.4,2,7988.0,1,2,3,123,Potential Loyalists,Cluster_3,3994.0
C0775,228.7,2,2792.0,1,2,1,121,Lost,Cluster_2,1396.0
C0776,13.8,2,1655.0,5,2,1,521,New Customers,Cluster_2,827.5
C0777,142.6,2,5342.0,2,2,2,222,Lost,Cluster_3,2671.0
C0778,2.4,4,18976.0,5,4,5,545,Champions,Cluster_1,4744.0
C0779,132.7,2,7239.0,2,2,2,222,Lost,Cluster_3,3619.5
C0780,43.8,3,9559.0,4,3,3,433,Loyal Customers,Cluster_3,3186.33
C0781,65.0,3,6594.0,3,3,2,332,Potential Loyalists,Cluster_3,2198.0
C0782,1.5,8,21469.0,5,5,5,555,Champions,Cluster_1,2683.62
C0784,58.2,7,16246.0,3,5,5,355,Loyal Customers,Cluster_4,2320.86
C0785,110.7,6,7655.0,2,5,3,253,Loyal Customers,Cluster_4,1275.83
C0786,16.4,3,8183.0,5,3,3,533,Loyal Customers,Cluster_1,2727.67
C0787,49.7,2,18271.0,4,2,5,425,New Customers,Cluster_3,9135.5
C0788,16.7,7,14385.0,5,5,4,554,Champions,Cluster_1,2055.0
C0789,7.1,8,13554.0,5,5,4,554,Champions,Cluster_1,1694.25
C0790,6.4,4,7369.0,5,4,2,542,Potential Loyalists,Cluster_1,1842.25
C0791,87.5,4,15083.0,3,4,4,344,Loyal Customers,Cluster_4,3770.75
C0792,216.3,4,13734.0,1,4,4,144,Loyal Customers,Cluster_4,3433.5
C0793,224.2,1,5996.0,1,1,2,112,Lost,Cluster_3,5996.0
C0794,79.4,2,6714.0,3,2,2,322,Potential Loyalists,Cluster_3,3357.0
C0795,310.0,1,2396.0,1,1,1,111,Lost,Cluster_2,2396.0
C0796,84.8,3,5729.0,3,3,2,332,Potential Loyalists,Cluster_3,1909.67
C0797,137.3,2,3982.0,2,2,1,221,Lost,Cluster_3,1991.0
C0798,10.6,7,12447.0,5,5,4,554,Champions,Cluster_1,1778.14
C0799,73.5,6,14254.0,3,5,4,354,Loyal Customers,Cluster_4,2375.67
C0800,11.7,4,5943.0,5,4,2,542,Potential Loyalists,Cluster_1,1485.75
C0801,109.7,6,19243.0,2,5,5,255,Loyal Customers,Cluster_4,3207.17
C0802,10.7,3,6722.0,5,3,2,532,Potential Loyalists,Cluster_1,2240.67
C0803,55.4,2,13228.0,3,2,4,324,Potential Loyalists,Cluster_3,6614.0
C0804,65.1,6,11759.0,3,5,4,354,Loyal Customers,Cluster_4,1959.83
C0807,305.7,1,49.0,1,1,1,111,Lost,Cluster_2,49.0
C0808,228.5,2,10193.0,1,2,3,123,Potential Loyalists,Cluster_3,5096.5
C0809,12.5,3,9935.0,5,3,3,533,Loyal Customers,Cluster_1,3311.67
C0810,70.6,2,2352.0,3,2,1,321,Potential Loyalists,Cluster_2,1176.0
C0811,9.6,5,22824.0,5,5,5,555,Champions,Cluster_1,4564.8
C0812,73.5,2,1498.0,3,2,1,321,Potential Loyalists,Cluster_2,749.0
C0813,76.5,2,6240.0,3,2,2,322,Potential Loyalists,Cluster_3,3120.0
C0814,70.5,6,24981.0,3,5,5,355,Loyal Customers,Cluster_4,4163.5
C0815,128.9,2,2365.0,2,2,1,221,Lost,Cluster_2,1182.5
C0816,10.8,3,4981.0,5,3,2,532,Potential Loyalists,Cluster_1,1660.33
C0817,245.7,2,2384.0,1,2,1,121,Lost,Cluster_2,1192.0
C0818,7.6,6,16812.0,5,5,5,555,Champions,Cluster_1,2802.0
C0819,40.0,4,14089.0,4,4,4,444,Champions,Cluster_4,3522.25
C0820,319.6,1,3584.0,1,1,1,111,Lost,Cluster_2,3584.0
C0821,14.0,6,17447.0,5,5,5,555,Champions,Cluster_1,2907.83
C0822,52.0,5,15698.0,4,5,4,454,Champions,Cluster_4,3139.6
C0824,60.6,4,25568.0,3,4,5,345,Loyal Customers,Cluster_4,6392.0
C0825,14.5,2,10229.0,5,2,3,523,New Customers,Cluster_1,5114.5
C0826,97.3,4,7560.0,3,4,3,343,Loyal Customers,Cluster_4,1890.0
C0827,153.4,2,7988.0,2,2,3,223,Potential Loyalists,Cluster_3,3994.0
C0828,27.9,9,18960.0,4,5,5,455,Champions,Cluster_4,2106.67
C0829,170.3,2,21127.0,1,2,5,125,Potential Loyalists,Cluster_3,10563.5
C0830,76.7,4,15743.0,3,4,4,344,Loyal Customers,Cluster_4,3935.75
C0831,123.8,2,6009.0,2,2,2,222,Lost,Cluster_3,3004.5
C0832,109.8,1,749.0,2,1,1,211,Lost,Cluster_2,749.0
C0833,149.1,4,6826.0,2,4,2,242,At Risk,Cluster_3,1706.5
C0834,146.0,5,8612.0,2,5,3,253,Loyal Customers,Cluster_4,1722.4
C0835,41.4,1,198.0,4,1,1,411,New Customers,Cluster_2,198.0
C0836,14.7,4,15739.0,5,4,4,544,Champions,Cluster_1,3934.75
C0837,25.6,4,10218.0,4,4,3,443,Loyal Customers,Cluster_1,2554.5
C0838,165.4,2,5934.0,1,2,2,122,Lost,Cluster_3,2967.0
C0839,114.5,4,5818.0,2,4,2,242,At Risk,Cluster_3,1454.5
C0840,143.0,2,12371.0,2,2,4,224,Potential Loyalists,Cluster_3,6185.5
C0841,220.4,3,11826.0,1,3,4,134,Loyal Customers,Cluster_3,3942.0
C0842,60.2,3,6221.0,3,3,2,332,Potential Loyalists,Cluster_3,2073.67
C0843,14.5,5,4590.0,5,5,2,552,Potential Loyalists,Cluster_1,918.0
C0844,106.0,3,3655.0,2,3,1,231,At Risk,Cluster_3,1218.33
C0845,38.4,5,12429.0,4,5,4,454,Champions,Cluster_4,2485.8
C0846,39.9,3,5181.0,4,3,2,432,Potential Loyalists,Cluster_3,1727.0
C0847,38.6,11,47649.0,4,5,5,455,Champions,Cluster_4,4331.73
C0848,364.6,1,6840.0,1,1,2,112,Lost,Cluster_3,6840.0
C0849,76.2,4,2348.0,3,4,1,341,Potential Loyalists,Cluster_3,587.0
C0850,13.9,4,13861.0,5,4,4,544,Champions,Cluster_1,3465.25
C0851,352.1,1,4026.0,1,1,1,111,Lost,Cluster_2,4026.0
C0852,84.9,4,6302.0,3,4,2,342,Potential Loyalists,Cluster_3,1575.5
C0853,24.5,4,10054.0,5,4,3,543,Loyal Customers,Cluster_1,2513.5
C0854,47.4,2,10154.0,4,2,3,423,New Customers,Cluster_3,5077.0
C0855,1.4,6,18359.0,5,5,5,555,Champions,Cluster_1,3059.83
C0856,226.4,3,6760.0,1,3,2,132,At Risk,Cluster_3,2253.33
C0857,9.1,4,13642.0,5,4,4,544,Champions,Cluster_1,3410.5
C0858,147.6,2,2953.0,2,2,1,221,Lost,Cluster_3,1476.5
C0860,101.0,5,14979.0,2,5,4,254,Loyal Customers,Cluster_4,2995.8
C0861,15.2,2,3722.0,5,2,1,521,New Customers,Cluster_3,1861.0
C0862,131.1,4,9205.0,2,4,3,243,Loyal Customers,Cluster_4,2301.25
C0863,40.6,4,12547.0,4,4,4,444,Champions,Cluster_4,3136.75
C0864,23.4,7,38329.0,5,5,5,555,Champions,Cluster_4,5475.57
C0865,50.4,3,18982.0,4,3,5,435,Loyal Customers,Cluster_4,6327.33
C0866,107.9,4,9603.0,2,4,3,243,Loyal Customers,Cluster_4,2400.75
C0867,81.1,3,11385.0,3,3,4,334,Loyal Customers,Cluster_3,3795.0
C0868,237.0,2,10747.0,1,2,3,123,Potential Loyalists,Cluster_3,5373.5
C0869,117.7,6,7714.0,2,5,3,253,Loyal Customers,Cluster_4,1285.67
C0870,11.8,2,9738.0,5,2,3,523,New Customers,Cluster_1,4869.0
C0871,7.3,4,7857.0,5,4,3,543,Loyal Customers,Cluster_1,1964.25
C0872,41.1,6,13485.0,4,5,4,454,Champions,Cluster_4,2247.5
C0873,34.0,1,3444.0,4,1,1,411,New Customers,Cluster_2,3444.0
C0874,218.3,1,978.0,1,1,1,111,Lost,Cluster_2,978.0
C0875,119.0,4,15728.0,2,4,4,244,Loyal Customers,Cluster_4,3932.0
C0876,209.6,1,1748.0,1,1,1,111,Lost,Cluster_2,1748.0
C0877,60.0,5,12633.0,3,5,4,354,Loyal Customers,Cluster_4,2526.6
C0878,99.6,3,9818.0,2,3,3,233,Loyal Customers,Cluster_3,3272.67
C0879,12.2,4,10287.0,5,4,3,543,Loyal Customers,Cluster_1,2571.75
C0880,78.3,2,12038.0,3,2,4,324,Potential Loyalists,Cluster_3,6019.0
C0881,87.6,5,7414.0,3,5,2,352,Potential Loyalists,Cluster_4,1482.8
C0882,201.7,2,5211.0,1,2,2,122,Lost,Cluster_3,2605.5
C0883,75.7,3,10692.0,3,3,3,333,Loyal Customers,Cluster_3,3564.0
C0884,287.7,1,3845.0,1,1,1,111,Lost,Cluster_2,3845.0
C0885,144.3,1,5393.0,2,1,2,212,Lost,Cluster_3,5393.0
C0886,265.3,1,2913.0,1,1,1,111,Lost,Cluster_2,2913.0
C0887,101.0,3,7484.0,2,3,2,232,At Risk,Cluster_3,2494.67
C0888,5.2,3,5032.0,5,3,2,532,Potential Loyalists,Cluster_1,1677.33
C0889,124.8,2,5454.0,2,2,2,222,Lost,Cluster_3,2727.0
C0890,88.5,4,7984.0,3,4,3,343,Loyal Customers,Cluster_4,1996.0
C0892,49.8,3,13451.0,4,3,4,434,Loyal Customers,Cluster_4,4483.67
C0893,242.6,3,8806.0,1,3,3,133,Loyal Customers,Cluster_3,2935.33
C0894,137.5,2,3832.0,2,2,1,221,Lost,Cluster_3,1916.0
C0895,348.3,1,4693.0,1,1,2,112,Lost,Cluster_2,4693.0
C0896,111.6,2,1383.0,2,2,1,221,Lost,Cluster_2,691.5
C0897,15.8,7,31348.0,5,5,5,555,Champions,Cluster_1,4478.29
C0898,70.8,4,3501.0,3,4,1,341,Potential Loyalists,Cluster_3,875.25
C0899,243.9,1,1547.0,1,1,1,111,Lost,Cluster_2,1547.0
C0900,93.7,4,11101.0,3,4,4,344,Loyal Customers,Cluster_4,2775.25
C0901,75.1,4,14106.0,3,4,4,344,Loyal Customers,Cluster_4,3526.5
C0902,33.4,5,8913.0,4,5,3,453,Loyal Customers,Cluster_4,1782.6
C0903,44.7,5,13383.0,4,5,4,454,Champions,Cluster_4,2676.6
C0904,53.2,7,22333.0,4,5,5,455,Champions,Cluster_4,3190.43
C0905,64.6,6,15841.0,3,5,4,354,Loyal Customers,Cluster_4,2640.17
C0906,12.6,4,16397.0,5,4,5,545,Champions,Cluster_1,4099.25
C0907,99.9,1,4516.0,2,1,2,212,Lost,Cluster_2,4516.0
C0908,119.7,2,1007.0,2,2,1,221,Lost,Cluster_2,503.5
C0909,23.9,3,6070.0,5,3,2,532,Potential Loyalists,Cluster_1,2023.33
C0910,107.9,3,9980.0,2,3,3,233,Loyal Customers,Cluster_3,3326.67
C0911,59.0,5,11061.0,3,5,3,353,Loyal Customers,Cluster_4,2212.2
C0912,46.1,4,13236.0,4,4,4,444,Champions,Cluster_4,3309.0
C0913,25.2,5,14873.0,4,5,4,454,Champions,Cluster_4,2974.6
C0914,74.6,3,14900.0,3,3,4,334,Loyal Customers,Cluster_4,4966.67
C0916,67.9,2,13979.0,3,2,4,324,Potential Loyalists,Cluster_3,6989.5
C0918,9.5,3,19426.0,5,3,5,535,Loyal Customers,Cluster_1,6475.33
C0920,68.0,3,5650.0,3,3,2,332,Potential Loyalists,Cluster_3,1883.33
C0921,65.8,4,7334.0,3,4,2,342,Potential Loyalists,Cluster_4,1833.5
C0922,14.9,2,2813.0,5,2,1,521,New Customers,Cluster_3,1406.5
C0923,50.7,2,2714.0,4,2,1,421,New Customers,Cluster_3,1357.0
C0924,256.3,2,2723.0,1,2,1,121,Lost,Cluster_2,1361.5
C0925,251.5,1,1697.0,1,1,1,111,Lost,Cluster_2,1697.0
C0926,3.3,6,29355.0,5,5,5,555,Champions,Cluster_1,4892.5
C0927,152.0,2,4732.0,2,2,2,222,Lost,Cluster_3,2366.0
C0928,20.0,2,2710.0,5,2,1,521,New Customers,Cluster_3,1355.0
C0929,31.0,7,38729.0,4,5,5,455,Champions,Cluster_4,5532.71
C0930,335.9,1,547.0,1,1,1,111,Lost,Cluster_2,547.0
C0931,71.7,2,4543.0,3,2,2,322,Potential Loyalists,Cluster_3,2271.5
C0932,114.8,5,13379.0,2,5,4,254,Loyal Customers,Cluster_4,2675.8
C0933,152.7,2,7987.0,2,2,3,223,Potential Loyalists,Cluster_3,3993.5
C0934,9.2,2,3614.0,5,2,1,521,New Customers,Cluster_1,1807.0
C0935,1.2,2,7520.0,5,2,3,523,New Customers,Cluster_1,3760.0
C0936,140.1,1,4096.0,2,1,1,211,Lost,Cluster_2,4096.0
C0937,165.4,5,11977.0,1,5,4,154,Loyal Customers,Cluster_4,2395.4
C0938,247.7,2,1547.0,1,2,1,121,Lost,Cluster_2,773.5
C0939,73.7,5,15799.0,3,5,4,354,Loyal Customers,Cluster_4,3159.8
C0940,81.8,2,10736.0,3,2,3,323,Potential Loyalists,Cluster_3,5368.0
C0941,144.8,3,13365.0,2,3,4,234,Loyal Customers,Cluster_3,4455.0
C0943,66.6,5,20513.0,3,5,5,355,Loyal Customers,Cluster_4,4102.6
C0944,45.7,4,9969.0,4,4,3,443,Loyal Customers,Cluster_4,2492.25
C0945,48.8,5,16890.0,4,5,5,455,Champions,Cluster_4,3378.0
C0946,200.3,3,4942.0,1,3,2,132,At Risk,Cluster_3,1647.33
C0947,229.7,1,349.0,1,1,1,111,Lost,Cluster_2,349.0
C0948,23.5,4,6677.0,5,4,2,542,Potential Loyalists,Cluster_1,1669.25
C0949,12.0,5,12977.0,5,5,4,554,Champions,Cluster_1,2595.4
C0950,55.5,1,398.0,3,1,1,311,Potential Loyalists,Cluster_2,398.0
C0951,225.6,2,4828.0,1,2,2,122,Lost,Cluster_3,2414.0
C0952,0.7,4,9036.0,5,4,3,543,Loyal Customers,Cluster_1,2259.0
C0953,70.3,3,4325.0,3,3,2,332,Potential Loyalists,Cluster_3,1441.67
C0954,225.5,3,3045.0,1,3,1,131,At Risk,Cluster_3,1015.0
C0955,14.2,4,10413.0,5,4,3,543,Loyal Customers,Cluster_1,2603.25
C0956,84.4,5,19196.0,3,5,5,355,Loyal Customers,Cluster_4,3839.2
C0957,128.3,2,5649.0,2,2,2,222,Lost,Cluster_3,2824.5
C0958,8.4,2,11749.0,5,2,4,524,New Customers,Cluster_1,5874.5
C0960,18.2,4,22418.0,5,4,5,545,Champions,Cluster_1,5604.5
C0961,27.3,2,4632.0,4,2,2,422,New Customers,Cluster_3,2316.0
C0962,32.2,3,6596.0,4,3,2,432,Potential Loyalists,Cluster_3,2198.67
C0963,2.4,5,7774.0,5,5,3,553,Loyal Customers,Cluster_1,1554.8
C0964,141.6,3,14142.0,2,3,4,234,Loyal Customers,Cluster_3,4714.0
C0965,83.7,2,1047.0,3,2,1,321,Potential Loyalists,Cluster_2,523.5
C0966,11.3,4,16669.0,5,4,5,545,Champions,Cluster_1,4167.25
C0967,52.2,3,7251.0,4,3,2,432,Potential Loyalists,Cluster_3,2417.0
C0968,134.1,2,2297.0,2,2,1,221,Lost,Cluster_2,1148.5
C0969,104.1,1,349.0,2,1,1,211,Lost,Cluster_2,349.0
C0970,3.1,3,16390.0,5,3,5,535,Loyal Customers,Cluster_1,5463.33
C0971,93.3,1,5044.0,3,1,2,312,Potential Loyalists,Cluster_3,5044.0
C0972,60.7,1,5113.0,3,1,2,312,Potential Loyalists,Cluster_3,5113.0
C0973,365.1,1,749.0,1,1,1,111,Lost,Cluster_2,749.0
C0974,12.8,4,8225.0,5,4,3,543,Loyal Customers,Cluster_1,2056.25
C0975,42.2,2,4343.0,4,2,2,422,New Customers,Cluster_3,2171.5
C0976,213.9,1,2834.0,1,1,1,111,Lost,Cluster_2,2834.0
C0977,78.2,3,11786.0,3,3,4,334,Loyal Customers,Cluster_3,3928.67
C0978,21.7,3,9426.0,5,3,3,533,Loyal Customers,Cluster_1,3142.0
C0979,48.5,3,3744.0,4,3,1,431,Potential Loyalists,Cluster_3,1248.0
C0980,88.1,4,7957.0,3,4,3,343,Loyal Customers,Cluster_4,1989.25
C0981,55.9,2,11422.0,3,2,4,324,Potential Loyalists,Cluster_3,5711.0
C0982,87.6,4,15418.0,3,4,4,344,Loyal Customers,Cluster_4,3854.5
C0983,241.5,3,7778.0,1,3,3,133,Loyal Customers,Cluster_3,2592.67
C0984,130.4,2,5970.0,2,2,2,222,Lost,Cluster_3,2985.0
C0985,288.8,1,9079.0,1,1,3,113,Potential Loyalists,Cluster_3,9079.0
C0986,211.5,2,8432.0,1,2,3,123,Potential Loyalists,Cluster_3,4216.0
C0987,43.8,5,13127.0,4,5,4,454,Champions,Cluster_4,2625.4
C0988,31.1,5,27177.0,4,5,5,455,Champions,Cluster_4,5435.4
C0989,89.3,1,1844.0,3,1,1,311,Potential Loyalists,Cluster_2,1844.0
C0990,0.8,5,6940.0,5,5,2,552,Potential Loyalists,Cluster_1,1388.0
C0991,7.5,5,17220.0,5,5,5,555,Champions,Cluster_1,3444.0
C0992,69.7,3,6439.0,3,3,2,332,Potential Loyalists,Cluster_3,2146.33
C0993,1.9,4,12254.0,5,4,4,544,Champions,Cluster_1,3063.5
C0994,200.4,5,18637.0,1,5,5,155,Loyal Customers,Cluster_4,3727.4
C0995,35.6,3,7430.0,4,3,2,432,Potential Loyalists,Cluster_3,2476.67
C0996,71.5,2,2894.0,3,2,1,321,Potential Loyalists,Cluster_3,1447.0
C0997,24.0,5,13148.0,5,5,4,554,Champions,Cluster_4,2629.6
C0998,35.0,3,5039.0,4,3,2,432,Potential Loyalists,Cluster_3,1679.67
C0999,82.3,3,10185.0,3,3,3,333,Loyal Customers,Cluster_3,3395.0
C1000,166.0,2,3690.0,1,2,1,121,Lost,Cluster_3,1845.0
C1001,98.6,3,2673.0,3,3,1,331,Potential Loyalists,Cluster_3,891.0
C1002,112.1,1,2085.0,2,1,1,211,Lost,Cluster_2,2085.0
C1003,27.5,6,13599.0,4,5,4,454,Champions,Cluster_4,2266.5
C1004,118.4,5,12818.0,2,5,4,254,Loyal Customers,Cluster_4,2563.6
C1005,19.9,3,11800.0,5,3,4,534,Loyal Customers,Cluster_1,3933.33
C1006,131.7,3,5492.0,2,3,2,232,At Risk,Cluster_3,1830.67
C1007,22.9,5,21663.0,5,5,5,555,Champions,Cluster_4,4332.6
C1008,28.8,5,10497.0,4,5,3,453,Loyal Customers,Cluster_4,2099.4
C1009,22.1,3,5637.0,5,3,2,532,Potential Loyalists,Cluster_1,1879.0
C1010,62.4,3,9889.0,3,3,3,333,Loyal Customers,Cluster_3,3296.33
C1011,99.5,5,21822.0,2,5,5,255,Loyal Customers,Cluster_4,4364.4
C1012,165.4,4,15987.0,1,4,4,144,Loyal Customers,Cluster_4,3996.75
C1013,64.3,5,13476.0,3,5,4,354,Loyal Customers,Cluster_4,2695.2
C1014,38.1,5,15529.0,4,5,4,454,Champions,Cluster_4,3105.8
C1015,12.9,5,16218.0,5,5,5,555,Champions,Cluster_1,3243.6
C1016,132.1,5,13260.0,2,5,4,254,Loyal Customers,Cluster_4,2652.0
C1017,4.1,2,11679.0,5,2,4,524,New Customers,Cluster_1,5839.5
C1019,114.5,2,4255.0,2,2,2,222,Lost,Cluster_3,2127.5
C1020,42.4,2,6788.0,4,2,2,422,New Customers,Cluster_3,3394.0
C1021,7.6,4,12666.0,5,4,4,544,Champions,Cluster_1,3166.5
C1022,233.3,5,13783.0,1,5,4,154,Loyal Customers,Cluster_4,2756.6
C1023,62.5,3,7087.0,3,3,2,332,Potential Loyalists,Cluster_3,2362.33
C1024,32.2,4,14530.0,4,4,4,444,Champions,Cluster_4,3632.5
C1025,98.2,3,6204.0,3,3,2,332,Potential Loyalists,Cluster_3,2068.0
C1026,8.1,3,13388.0,5,3,4,534,Loyal Customers,Cluster_1,4462.67
C1027,38.5,7,22235.0,4,5,5,455,Champions,Cluster_4,3176.43
C1028,261.1,2,2797.0,1,2,1,121,Lost,Cluster_2,1398.5
C1029,41.9,2,22571.0,4,2,5,425,New Customers,Cluster_3,11285.5
C1030,22.4,3,1842.0,5,3,1,531,Potential Loyalists,Cluster_3,614.0
C1031,205.6,2,1816.0,1,2,1,121,Lost,Cluster_2,908.0
C1032,85.8,5,15941.0,3,5,4,354,Loyal Customers,Cluster_4,3188.2
C1033,243.1,4,4890.0,1,4,2,142,At Risk,Cluster_3,1222.5
C1034,46.3,3,13181.0,4,3,4,434,Loyal Customers,Cluster_4,4393.67
C1035,164.1,1,3565.0,1,1,1,111,Lost,Cluster_2,3565.0
C1036,98.2,2,3456.0,3,2,1,321,Potential Loyalists,Cluster_3,1728.0
C1037,47.5,4,15840.0,4,4,4,444,Champions,Cluster_4,3960.0
C1038,247.5,1,429.0,1,1,1,111,Lost,Cluster_2,429.0
C1039,85.9,1,1196.0,3,1,1,311,Potential Loyalists,Cluster_2,1196.0
C1040,106.4,2,3465.0,2,2,1,221,Lost,Cluster_3,1732.5
C1041,23.8,6,26529.0,5,5,5,555,Champions,Cluster_4,4421.5
C1042,28.7,6,13387.0,4,5,4,454,Champions,Cluster_4,2231.17
C1043,26.3,2,2703.0,4,2,1,421,New Customers,Cluster_3,1351.5
C1044,96.6,4,17386.0,3,4,5,345,Loyal Customers,Cluster_4,4346.5
C1045,233.3,1,5121.0,1,1,2,112,Lost,Cluster_2,5121.0
C1046,122.0,4,12996.0,2,4,4,244,Loyal Customers,Cluster_4,3249.0
C1047,100.4,3,10878.0,2,3,3,233,Loyal Customers,Cluster_3,3626.0
C1048,78.7,3,7785.0,3,3,3,333,Loyal Customers,Cluster_3,2595.0
C1049,17.5,4,12337.0,5,4,4,544,Champions,Cluster_1,3084.25
C1050,47.8,2,1545.0,4,2,1,421,New Customers,Cluster_2,772.5
C1051,148.0,4,13733.0,2,4,4,244,Loyal Customers,Cluster_4,3433.25
C1052,41.7,5,24438.0,4,5,5,455,Champions,Cluster_4,4887.6
C1053,12.6,8,17358.0,5,5,5,555,Champions,Cluster_1,2169.75
C1054,40.5,2,4159.0,4,2,1,421,New Customers,Cluster_3,2079.5
C1055,116.5,3,5971.0,2,3,2,232,At Risk,Cluster_3,1990.33
C1056,38.7,6,15729.0,4,5,4,454,Champions,Cluster_4,2621.5
C1057,288.4,1,3133.0,1,1,1,111,Lost,Cluster_2,3133.0
C1058,11.1,5,6537.0,5,5,2,552,Potential Loyalists,Cluster_1,1307.4
C1059,42.6,1,3324.0,4,1,1,411,New Customers,Cluster_2,3324.0
C1060,199.3,2,6346.0,1,2,2,122,Lost,Cluster_3,3173.0
C1061,22.6,6,22204.0,5,5,5,555,Champions,Cluster_4,3700.67
C1062,108.9,3,8126.0,2,3,3,233,Loyal Customers,Cluster_3,2708.67
C1063,184.4,3,4431.0,1,3,2,132,At Risk,Cluster_3,1477.0
C1064,164.5,5,17479.0,1,5,5,155,Loyal Customers,Cluster_4,3495.8
C1065,206.3,1,6241.0,1,1,2,112,Lost,Cluster_3,6241.0
C1066,71.0,2,5649.0,3,2,2,322,Potential Loyalists,Cluster_3,2824.5
C1067,2.7,3,6263.0,5,3,2,532,Potential Loyalists,Cluster_1,2087.67
C1068,7.7,6,25684.0,5,5,5,555,Champions,Cluster_1,4280.67
C1069,32.9,6,13157.0,4,5,4,454,Champions,Cluster_4,2192.83
C1070,14.8,7,22174.0,5,5,5,555,Champions,Cluster_1,3167.71
C1071,63.5,2,3505.0,3,2,1,321,Potential Loyalists,Cluster_3,1752.5
C1072,117.8,1,258.0,2,1,1,211,Lost,Cluster_2,258.0
C1073,9.7,5,10499.0,5,5,3,553,Loyal Customers,Cluster_1,2099.8
C1074,72.8,4,23853.0,3,4,5,345,Loyal Customers,Cluster_4,5963.25
C1075,45.5,4,22927.0,4,4,5,445,Champions,Cluster_4,5731.75
C1076,125.3,4,16736.0,2,4,5,245,Loyal Customers,Cluster_4,4184.0
C1077,187.9,1,4882.0,1,1,2,112,Lost,Cluster_2,4882.0
C1078,197.5,6,22589.0,1,5,5,155,Loyal Customers,Cluster_4,3764.83
C1079,105.3,1,956.0,2,1,1,211,Lost,Cluster_2,956.0
C1080,102.9,3,4743.0,2,3,2,232,At Risk,Cluster_3,1581.0
C1081,0.6,6,18697.0,5,5,5,555,Champions,Cluster_1,3116.17
C1082,22.1,3,6312.0,5,3,2,532,Potential Loyalists,Cluster_1,2104.0
C1083,182.9,1,1116.0,1,1,1,111,Lost,Cluster_2,1116.0
C1084,39.7,4,14739.0,4,4,4,444,Champions,Cluster_4,3684.75
C1085,203.2,2,11768.0,1,2,4,124,Potential Loyalists,Cluster_3,5884.0
C1086,156.7,2,10656.0,2,2,3,223,Potential Loyalists,Cluster_3,5328.0
C1087,160.0,1,99.0,2,1,1,211,Lost,Cluster_2,99.0
C1088,135.6,5,23862.0,2,5,5,255,Loyal Customers,Cluster_4,4772.4
C1089,89.5,3,8007.0,3,3,3,333,Loyal Customers,Cluster_3,2669.0
C1090,147.7,2,5493.0,2,2,2,222,Lost,Cluster_3,2746.5
C1091,52.0,4,7514.0,4,4,3,443,Loyal Customers,Cluster_4,1878.5
C1092,13.5,5,21649.0,5,5,5,555,Champions,Cluster_1,4329.8
C1093,163.1,3,7741.0,1,3,3,133,Loyal Customers,Cluster_3,2580.33
C1094,28.0,5,14041.0,4,5,4,454,Champions,Cluster_4,2808.2
C1095,69.7,4,36485.0,3,4,5,345,Loyal Customers,Cluster_4,9121.25
C1096,45.4,2,7990.0,4,2,3,423,New Customers,Cluster_3,3995.0
C1097,85.0,1,1534.0,3,1,1,311,Potential Loyalists,Cluster_2,1534.0
C1098,6.5,5,8416.0,5,5,3,553,Loyal Customers,Cluster_1,1683.2
C1099,153.2,3,18210.0,2,3,5,235,Loyal Customers,Cluster_3,6070.0
C1100,32.9,3,7319.0,4,3,2,432,Potential Loyalists,Cluster_3,2439.67
C1101,28.8,2,4593.0,4,2,2,422,New Customers,Cluster_3,2296.5
C1102,165.1,3,16787.0,1,3,5,135,Loyal Customers,Cluster_3,5595.67
C1103,204.7,2,10817.0,1,2,3,123,Potential Loyalists,Cluster_3,5408.5
C1104,276.3,2,3593.0,1,2,1,121,Lost,Cluster_3,1796.5
C1105,244.3,4,8990.0,1,4,3,143,Loyal Customers,Cluster_3,2247.5
C1106,179.6,2,4739.0,1,2,2,122,Lost,Cluster_3,2369.5
C1107,114.6,5,10286.0,2,5,3,253,Loyal Customers,Cluster_4,2057.2
C1108,217.2,2,7869.0,1,2,3,123,Potential Loyalists,Cluster_3,3934.5
C1109,175.9,3,3837.0,1,3,1,131,At Risk,Cluster_3,1279.0
C1110,82.3,4,9201.0,3,4,3,343,Loyal Customers,Cluster_4,2300.25
C1111,151.7,2,2701.0,2,2,1,221,Lost,Cluster_2,1350.5
C1112,129.7,3,14934.0,2,3,4,234,Loyal Customers,Cluster_3,4978.0
C1113,352.9,1,2676.0,1,1,1,111,Lost,Cluster_2,2676.0
C1114,7.8,1,2017.0,5,1,1,511,New Customers,Cluster_2,2017.0
C1115,334.2,1,2998.0,1,1,1,111,Lost,Cluster_2,2998.0
C1116,238.9,3,4452.0,1,3,2,132,At Risk,Cluster_3,1484.0
C1117,227.1,4,16468.0,1,4,5,145,Loyal Customers,Cluster_4,4117.0
C1118,54.7,2,6990.0,3,2,2,322,Potential Loyalists,Cluster_3,3495.0
C1119,47.0,4,7042.0,4,4,2,442,Potential Loyalists,Cluster_4,1760.5
C1120,46.2,5,16799.0,4,5,5,455,Champions,Cluster_4,3359.8
C1121,126.6,1,2543.0,2,1,1,211,Lost,Cluster_2,2543.0
C1122,233.6,2,9509.0,1,2,3,123,Potential Loyalists,Cluster_3,4754.5
C1124,6.2,5,23010.0,5,5,5,555,Champions,Cluster_1,4602.0
C1125,45.4,4,25262.0,4,4,5,445,Champions,Cluster_4,6315.5
C1126,84.3,4,9145.0,3,4,3,343,Loyal Customers,Cluster_4,2286.25
C1127,64.2,1,787.0,3,1,1,311,Potential Loyalists,Cluster_2,787.0
C1129,131.3,3,4511.0,2,3,2,232,At Risk,Cluster_3,1503.67
C1130,20.0,4,16986.0,5,4,5,545,Champions,Cluster_1,4246.5
C1131,18.3,4,20257.0,5,4,5,545,Champions,Cluster_1,5064.25
C1132,23.9,5,10391.0,5,5,3,553,Loyal Customers,Cluster_1,2078.2
C1133,154.8,4,11629.0,2,4,4,244,Loyal Customers,Cluster_4,2907.25
C1134,66.5,2,2825.0,3,2,1,321,Potential Loyalists,Cluster_3,1412.5
C1135,28.3,3,4141.0,4,3,1,431,Potential Loyalists,Cluster_3,1380.33
C1136,118.4,5,18158.0,2,5,5,255,Loyal Customers,Cluster_4,3631.6
C1137,65.7,5,15877.0,3,5,4,354,Loyal Customers,Cluster_4,3175.4
C1138,43.8,6,18645.0,4,5,5,455,Champions,Cluster_4,3107.5
C1139,170.1,1,1605.0,1,1,1,111,Lost,Cluster_2,1605.0
C1140,219.4,3,11046.0,1,3,3,133,Loyal Customers,Cluster_3,3682.0
C1141,4.2,3,6681.0,5,3,2,532,Potential Loyalists,Cluster_1,2227.0
C1142,30.9,4,8234.0,4,4,3,443,Loyal Customers,Cluster_4,2058.5
C1143,59.1,3,9739.0,3,3,3,333,Loyal Customers,Cluster_3,3246.33
C1144,5.7,4,29590.0,5,4,5,545,Champions,Cluster_1,7397.5
C1145,148.8,2,2811.0,2,2,1,221,Lost,Cluster_3,1405.5
C1146,111.9,3,12342.0,2,3,4,234,Loyal Customers,Cluster_3,4114.0
C1147,6.8,3,7330.0,5,3,2,532,Potential Loyalists,Cluster_1,2443.33
C1148,209.5,3,8634.0,1,3,3,133,Loyal Customers,Cluster_3,2878.0
C1149,158.5,1,749.0,2,1,1,211,Lost,Cluster_2,749.0
C1151,33.2,3,7014.0,4,3,2,432,Potential Loyalists,Cluster_3,2338.0
C1152,31.4,3,14481.0,4,3,4,434,Loyal Customers,Cluster_4,4827.0
C1153,316.2,1,2047.0,1,1,1,111,Lost,Cluster_2,2047.0
C1154,19.1,4,16254.0,5,4,5,545,Champions,Cluster_1,4063.5
C1155,40.4,2,4513.0,4,2,2,422,New Customers,Cluster_3,2256.5
C1156,85.3,6,17789.0,3,5,5,355,Loyal Customers,Cluster_4,2964.83
C1157,11.5,4,10478.0,5,4,3,543,Loyal Customers,Cluster_1,2619.5
C1158,50.3,3,19804.0,4,3,5,435,Loyal Customers,Cluster_4,6601.33
C1159,49.1,3,5864.0,4,3,2,432,Potential Loyalists,Cluster_3,1954.67
C1160,77.8,7,21944.0,3,5,5,355,Loyal Customers,Cluster_4,3134.86
C1161,256.0,3,2594.0,1,3,1,131,At Risk,Cluster_3,864.67
C1162,266.0,1,1544.0,1,1,1,111,Lost,Cluster_2,1544.0
C1163,156.2,2,2654.0,2,2,1,221,Lost,Cluster_2,1327.0
C1164,3.4,6,20233.0,5,5,5,555,Champions,Cluster_1,3372.17
C1165,180.2,1,899.0,1,1,1,111,Lost,Cluster_2,899.0
C1166,22.9,4,12372.0,5,4,4,544,Champions,Cluster_1,3093.0
C1167,46.9,4,11797.0,4,4,4,444,Champions,Cluster_4,2949.25
C1168,149.8,3,9467.0,2,3,3,233,Loyal Customers,Cluster_3,3155.67
C1169,277.7,2,9890.0,1,2,3,123,Potential Loyalists,Cluster_3,4945.0
C1170,117.8,2,4522.0,2,2,2,222,Lost,Cluster_3,2261.0
C1171,8.6,3,2954.0,5,3,1,531,Potential Loyalists,Cluster_1,984.67
C1172,38.0,2,4113.0,4,2,1,421,New Customers,Cluster_3,2056.5
C1173,26.3,3,7220.0,4,3,2,432,Potential Loyalists,Cluster_1,2406.67
C1174,158.6,2,5493.0,2,2,2,222,Lost,Cluster_3,2746.5
C1175,96.4,3,4331.0,3,3,2,332,Potential Loyalists,Cluster_3,1443.67
C1176,51.3,6,11803.0,4,5,4,454,Champions,Cluster_4,1967.17
C1177,154.0,3,16214.0,2,3,5,235,Loyal Customers,Cluster_3,5404.67
C1178,67.5,3,1174.0,3,3,1,331,Potential Loyalists,Cluster_2,391.33
C1179,114.1,4,17764.0,2,4,5,245,Loyal Customers,Cluster_4,4441.0
C1180,72.9,6,13374.0,3,5,4,354,Loyal Customers,Cluster_4,2229.0
C1181,80.4,2,1128.0,3,2,1,321,Potential Loyalists,Cluster_2,564.0
C1182,28.8,3,12830.0,4,3,4,434,Loyal Customers,Cluster_1,4276.67
C1183,16.0,7,19940.0,5,5,5,555,Champions,Cluster_1,2848.57
C1184,135.9,3,2832.0,2,3,1,231,At Risk,Cluster_3,944.0
C1185,2.7,3,12664.0,5,3,4,534,Loyal Customers,Cluster_1,4221.33
C1186,154.0,4,16603.0,2,4,5,245,Loyal Customers,Cluster_4,4150.75
C1187,7.9,7,32781.0,5,5,5,555,Champions,Cluster_1,4683.0
C1188,51.1,3,9875.0,4,3,3,433,Loyal Customers,Cluster_3,3291.67
C1189,4.0,3,3511.0,5,3,1,531,Potential Loyalists,Cluster_1,1170.33
C1190,118.3,4,16232.0,2,4,5,245,Loyal Customers,Cluster_4,4058.0
C1191,254.2,3,14268.0,1,3,4,134,Loyal Customers,Cluster_3,4756.0
C1192,64.8,4,11076.0,3,4,4,344,Loyal Customers,Cluster_4,2769.0
C1193,203.7,2,6078.0,1,2,2,122,Lost,Cluster_3,3039.0
C1194,99.2,2,1954.0,2,2,1,221,Lost,Cluster_2,977.0
C1195,13.0,7,18734.0,5,5,5,555,Champions,Cluster_1,2676.29
C1196,242.2,1,1936.0,1,1,1,111,Lost,Cluster_2,1936.0
C1197,144.3,4,17169.0,2,4,5,245,Loyal Customers,Cluster_4,4292.25
C1198,298.3,1,644.0,1,1,1,111,Lost,Cluster_2,644.0
C1199,24.8,4,9105.0,5,4,3,543,Loyal Customers,Cluster_1,2276.25
C1200,7.6,3,10912.0,5,3,3,533,Loyal Customers,Cluster_1,3637.33
C1201,17.6,2,178.0,5,2,1,521,New Customers,Cluster_2,89.0
C1202,50.6,2,7959.0,4,2,3,423,New Customers,Cluster_3,3979.5
C1203,48.6,1,11390.0,4,1,4,414,New Customers,Cluster_3,11390.0
C1204,29.5,4,15050.0,4,4,4,444,Champions,Cluster_4,3762.5
C1205,27.7,8,16414.0,4,5,5,455,Champions,Cluster_4,2051.75
C1206,31.2,1,2083.0,4,1,1,411,New Customers,Cluster_2,2083.0
C1207,43.7,5,12140.0,4,5,4,454,Champions,Cluster_4,2428.0
C1208,95.4,5,17080.0,3,5,5,355,Loyal Customers,Cluster_4,3416.0
C1209,26.6,3,3420.0,4,3,1,431,Potential Loyalists,Cluster_3,1140.0
C1210,7.2,4,18941.0,5,4,5,545,Champions,Cluster_1,4735.25
C1211,214.0,2,5579.0,1,2,2,122,Lost,Cluster_3,2789.5
C1212,87.0,4,19167.0,3,4,5,345,Loyal Customers,Cluster_4,4791.75
C1213,100.8,2,8194.0,2,2,3,223,Potential Loyalists,Cluster_3,4097.0
C1214,27.4,5,7775.0,4,5,3,453,Loyal Customers,Cluster_4,1555.0
C1215,24.6,2,5345.0,5,2,2,522,New Customers,Cluster_3,2672.5
C1216,256.2,1,6292.0,1,1,2,112,Lost,Cluster_3,6292.0
C1217,120.6,5,17922.0,2,5,5,255,Loyal Customers,Cluster_4,3584.4
C1218,102.2,4,12174.0,2,4,4,244,Loyal Customers,Cluster_4,3043.5
C1219,24.0,2,1894.0,5,2,1,521,New Customers,Cluster_2,947.0
C1220,133.8,5,13594.0,2,5,4,254,Loyal Customers,Cluster_4,2718.8
C1221,41.8,4,18922.0,4,4,5,445,Champions,Cluster_4,4730.5
C1222,307.0,1,8590.0,1,1,3,113,Potential Loyalists,Cluster_3,8590.0
C1223,182.1,4,3918.0,1,4,1,141,At Risk,Cluster_3,979.5
C1224,4.8,4,14769.0,5,4,4,544,Champions,Cluster_1,3692.25
C1225,238.1,3,6190.0,1,3,2,132,At Risk,Cluster_3,2063.33
C1226,58.3,6,24217.0,3,5,5,355,Loyal Customers,Cluster_4,4036.17
C1228,299.6,1,2995.0,1,1,1,111,Lost,Cluster_2,2995.0
C1229,125.2,4,11632.0,2,4,4,244,Loyal Customers,Cluster_4,2908.0
C1231,9.1,6,19776.0,5,5,5,555,Champions,Cluster_1,3296.0
C1232,11.8,6,14805.0,5,5,4,554,Champions,Cluster_1,2467.5
C1233,117.2,4,17013.0,2,4,5,245,Loyal Customers,Cluster_4,4253.25
C1234,58.9,6,27846.0,3,5,5,355,Loyal Customers,Cluster_4,4641.0
C1236,241.9,2,4343.0,1,2,2,122,Lost,Cluster_3,2171.5
C1237,115.2,2,3697.0,2,2,1,221,Lost,Cluster_3,1848.5
C1238,79.2,5,8317.0,3,5,3,353,Loyal Customers,Cluster_4,1663.4
C1239,76.0,7,18411.0,3,5,5,355,Loyal Customers,Cluster_4,2630.14
C1240,1.5,3,4840.0,5,3,2,532,Potential Loyalists,Cluster_1,1613.33
C1241,39.2,5,26953.0,4,5,5,455,Champions,Cluster_4,5390.6
C1242,12.2,5,10127.0,5,5,3,553,Loyal Customers,Cluster_1,2025.4
C1243,267.3,1,4752.0,1,1,2,112,Lost,Cluster_2,4752.0
C1244,316.0,1,4063.0,1,1,1,111,Lost,Cluster_2,4063.0
C1245,24.9,5,8864.0,4,5,3,453,Loyal Customers,Cluster_1,1772.8
C1246,155.8,3,15554.0,2,3,4,234,Loyal Customers,Cluster_3,5184.67
C1247,192.8,3,6190.0,1,3,2,132,At Risk,Cluster_3,2063.33
C1248,38.9,2,4873.0,4,2,2,422,New Customers,Cluster_3,2436.5
C1249,146.2,2,9739.0,2,2,3,223,Potential Loyalists,Cluster_3,4869.5
C1250,150.5,4,11697.0,2,4,4,244,Loyal Customers,Cluster_4,2924.25
C1251,90.6,7,18676.0,3,5,5,355,Loyal Customers,Cluster_4,2668.0
C1252,98.0,4,11065.0,3,4,3,343,Loyal Customers,Cluster_4,2766.25
C1253,262.8,1,1048.0,1,1,1,111,Lost,Cluster_2,1048.0
C1254,187.0,1,10368.0,1,1,3,113,Potential Loyalists,Cluster_3,10368.0
C1255,46.6,7,30629.0,4,5,5,455,Champions,Cluster_4,4375.57
C1256,29.8,5,20222.0,4,5,5,455,Champions,Cluster_4,4044.4
C1257,82.3,1,9592.0,3,1,3,313,Potential Loyalists,Cluster_3,9592.0
C1259,141.4,3,6207.0,2,3,2,232,At Risk,Cluster_3,2069.0
C1260,83.8,1,7120.0,3,1,2,312,Potential Loyalists,Cluster_3,7120.0
C1261,143.0,2,966.0,2,2,1,221,Lost,Cluster_2,483.0
C1262,46.4,6,10615.0,4,5,3,453,Loyal Customers,Cluster_4,1769.17
C1263,118.9,2,3996.0,2,2,1,221,Lost,Cluster_3,1998.0
C1264,70.5,5,12360.0,3,5,4,354,Loyal Customers,Cluster_4,2472.0
C1265,302.7,2,3753.0,1,2,1,121,Lost,Cluster_3,1876.5
C1266,68.8,4,8652.0,3,4,3,343,Loyal Customers,Cluster_4,2163.0
C1267,37.7,3,5021.0,4,3,2,432,Potential Loyalists,Cluster_3,1673.67
C1268,114.7,1,1646.0,2,1,1,211,Lost,Cluster_2,1646.0
C1269,44.7,2,9042.0,4,2,3,423,New Customers,Cluster_3,4521.0
C1270,210.8,2,3594.0,1,2,1,121,Lost,Cluster_3,1797.0
C1271,33.8,3,7426.0,4,3,2,432,Potential Loyalists,Cluster_3,2475.33
C1272,37.5,4,9533.0,4,4,3,443,Loyal Customers,Cluster_4,2383.25
C1273,17.4,1,1897.0,5,1,1,511,New Customers,Cluster_2,1897.0
C1274,6.9,2,2898.0,5,2,1,521,New Customers,Cluster_1,1449.0
C1275,153.6,2,1674.0,2,2,1,221,Lost,Cluster_2,837.0
C1276,115.1,3,8046.0,2,3,3,233,Loyal Customers,Cluster_3,2682.0
C1277,45.7,3,11456.0,4,3,4,434,Loyal Customers,Cluster_3,3818.67
C1278,32.6,5,14605.0,4,5,4,454,Champions,Cluster_4,2921.0
C1279,96.9,1,1746.0,3,1,1,311,Potential Loyalists,Cluster_2,1746.0
C1280,24.6,9,25576.0,5,5,5,555,Champions,Cluster_4,2841.78
C1281,108.2,2,16972.0,2,2,5,225,Potential Loyalists,Cluster_3,8486.0
C1282,6.6,6,18749.0,5,5,5,555,Champions,Cluster_1,3124.83
C1283,61.8,5,17160.0,3,5,5,355,Loyal Customers,Cluster_4,3432.0
C1284,135.1,3,19849.0,2,3,5,235,Loyal Customers,Cluster_4,6616.33
C1285,306.3,2,9690.0,1,2,3,123,Potential Loyalists,Cluster_3,4845.0
C1286,296.6,3,4442.0,1,3,2,132,At Risk,Cluster_3,1480.67
C1287,123.7,3,6893.0,2,3,2,232,At Risk,Cluster_3,2297.67
C1288,197.7,2,12409.0,1,2,4,124,Potential Loyalists,Cluster_3,6204.5
C1289,156.8,3,16014.0,2,3,4,234,Loyal Customers,Cluster_3,5338.0
C1290,36.1,4,11261.0,4,4,4,444,Champions,Cluster_4,2815.25
C1291,29.6,5,14910.0,4,5,4,454,Champions,Cluster_4,2982.0
C1292,188.9,3,2873.0,1,3,1,131,At Risk,Cluster_3,957.67
C1293,17.6,5,12691.0,5,5,4,554,Champions,Cluster_1,2538.2
C1294,118.0,2,2772.0,2,2,1,221,Lost,Cluster_3,1386.0
C1295,77.1,2,4053.0,3,2,1,321,Potential Loyalists,Cluster_3,2026.5
C1296,113.5,5,7835.0,2,5,3,253,Loyal Customers,Cluster_4,1567.0
C1297,170.5,1,728.0,1,1,1,111,Lost,Cluster_2,728.0
C1298,8.4,1,1228.0,5,1,1,511,New Customers,Cluster_2,1228.0
C1299,5.6,4,16571.0,5,4,5,545,Champions,Cluster_1,4142.75
C1301,221.6,3,6060.0,1,3,2,132,At Risk,Cluster_3,2020.0
C1302,345.2,1,3513.0,1,1,1,111,Lost,Cluster_2,3513.0
C1303,108.9,3,8356.0,2,3,3,233,Loyal Customers,Cluster_3,2785.33
C1304,127.8,2,3067.0,2,2,1,221,Lost,Cluster_3,1533.5
C1305,32.4,3,6097.0,4,3,2,432,Potential Loyalists,Cluster_3,2032.33
C1306,86.4,4,21436.0,3,4,5,345,Loyal Customers,Cluster_4,5359.0
C1307,180.2,4,7561.0,1,4,3,143,Loyal Customers,Cluster_3,1890.25
C1308,35.9,3,9674.0,4,3,3,433,Loyal Customers,Cluster_3,3224.67
C1309,109.4,4,10093.0,2,4,3,243,Loyal Customers,Cluster_4,2523.25
C1310,51.2,1,2697.0,4,1,1,411,New Customers,Cluster_2,2697.0
C1311,140.6,4,8298.0,2,4,3,243,Loyal Customers,Cluster_4,2074.5
C1312,221.7,4,7657.0,1,4,3,143,Loyal Customers,Cluster_3,1914.25
C1313,5.6,2,4363.0,5,2,2,522,New Customers,Cluster_1,2181.5
C1314,21.7,2,7884.0,5,2,3,523,New Customers,Cluster_3,3942.0
C1315,17.1,3,5477.0,5,3,2,532,Potential Loyalists,Cluster_1,1825.67
C1316,101.9,6,17934.0,2,5,5,255,Loyal Customers,Cluster_4,2989.0
C1317,173.9,2,4796.0,1,2,2,122,Lost,Cluster_3,2398.0
C1318,60.2,2,4060.0,3,2,1,321,Potential Loyalists,Cluster_3,2030.0
C1319,105.0,5,14115.0,2,5,4,254,Loyal Customers,Cluster_4,2823.0
C1320,244.1,1,6491.0,1,1,2,112,Lost,Cluster_3,6491.0
C1321,101.3,3,2345.0,2,3,1,231,At Risk,Cluster_3,781.67
C1322,303.0,1,1046.0,1,1,1,111,Lost,Cluster_2,1046.0
C1323,100.2,2,1896.0,2,2,1,221,Lost,Cluster_2,948.0
C1324,231.3,3,9673.0,1,3,3,133,Loyal Customers,Cluster_3,3224.33
C1325,123.6,1,387.0,2,1,1,211,Lost,Cluster_2,387.0
C1326,233.6,1,1676.0,1,1,1,111,Lost,Cluster_2,1676.0
C1327,85.6,1,799.0,3,1,1,311,Potential Loyalists,Cluster_2,799.0
C1328,41.8,5,17092.0,4,5,5,455,Champions,Cluster_4,3418.4
C1329,208.0,5,12305.0,1,5,4,154,Loyal Customers,Cluster_4,2461.0
C1330,19.8,7,20697.0,5,5,5,555,Champions,Cluster_4,2956.71
C1331,14.7,6,22231.0,5,5,5,555,Champions,Cluster_1,3705.17
C1332,276.9,2,2347.0,1,2,1,121,Lost,Cluster_2,1173.5
C1333,166.3,1,5397.0,1,1,2,112,Lost,Cluster_3,5397.0
C1334,52.6,4,9906.0,4,4,3,443,Loyal Customers,Cluster_4,2476.5
C1335,42.7,4,19287.0,4,4,5,445,Champions,Cluster_4,4821.75
C1336,123.4,2,5292.0,2,2,2,222,Lost,Cluster_3,2646.0
C1337,41.9,5,5652.0,4,5,2,452,Potential Loyalists,Cluster_4,1130.4
C1338,173.5,1,3197.0,1,1,1,111,Lost,Cluster_2,3197.0
C1339,44.6,4,17558.0,4,4,5,445,Champions,Cluster_4,4389.5
C1340,53.6,4,16777.0,3,4,5,345,Loyal Customers,Cluster_4,4194.25
C1341,78.6,4,6450.0,3,4,2,342,Potential Loyalists,Cluster_3,1612.5
C1342,22.4,3,9559.0,5,3,3,533,Loyal Customers,Cluster_1,3186.33
C1344,43.7,4,16358.0,4,4,5,445,Champions,Cluster_4,4089.5
C1345,199.6,3,13983.0,1,3,4,134,Loyal Customers,Cluster_3,4661.0
C1346,252.7,2,10093.0,1,2,3,123,Potential Loyalists,Cluster_3,5046.5
C1347,217.8,2,10817.0,1,2,3,123,Potential Loyalists,Cluster_3,5408.5
C1348,9.3,5,11479.0,5,5,4,554,Champions,Cluster_1,2295.8
C1349,66.1,2,5793.0,3,2,2,322,Potential Loyalists,Cluster_3,2896.5
C1350,20.7,1,3416.0,5,1,1,511,New Customers,Cluster_2,3416.0
C1351,128.3,2,4322.0,2,2,2,222,Lost,Cluster_3,2161.0
C1352,89.2,7,11193.0,3,5,4,354,Loyal Customers,Cluster_4,1599.0
C1353,96.7,3,12113.0,3,3,4,334,Loyal Customers,Cluster_3,4037.67
C1354,187.0,3,3335.0,1,3,1,131,At Risk,Cluster_3,1111.67
C1355,67.4,5,20266.0,3,5,5,355,Loyal Customers,Cluster_4,4053.2
C1356,122.1,4,9643.0,2,4,3,243,Loyal Customers,Cluster_4,2410.75
C1357,100.2,3,9454.0,2,3,3,233,Loyal Customers,Cluster_3,3151.33
C1358,69.8,1,1199.0,3,1,1,311,Potential Loyalists,Cluster_2,1199.0
C1359,175.4,3,7003.0,1,3,2,132,At Risk,Cluster_3,2334.33
C1360,39.5,5,3502.0,4,5,1,451,Potential Loyalists,Cluster_4,700.4
C1362,81.0,1,1317.0,3,1,1,311,Potential Loyalists,Cluster_2,1317.0
C1363,33.8,4,11264.0,4,4,4,444,Champions,Cluster_4,2816.0
C1364,15.8,5,16859.0,5,5,5,555,Champions,Cluster_1,3371.8
C1365,287.2,2,8530.0,1,2,3,123,Potential Loyalists,Cluster_3,4265.0
C1366,148.1,1,399.0,2,1,1,211,Lost,Cluster_2,399.0
C1367,107.3,2,6403.0,2,2,2,222,Lost,Cluster_3,3201.5
C1368,6.3,4,15359.0,5,4,4,544,Champions,Cluster_1,3839.75
C1369,13.0,7,25476.0,5,5,5,555,Champions,Cluster_1,3639.43
C1370,41.1,4,15948.0,4,4,4,444,Champions,Cluster_4,3987.0
C1371,15.0,4,16192.0,5,4,5,545,Champions,Cluster_1,4048.0
C1372,144.9,5,11216.0,2,5,4,254,Loyal Customers,Cluster_4,2243.2
C1373,36.0,3,8041.0,4,3,3,433,Loyal Customers,Cluster_3,2680.33
C1374,164.3,2,8696.0,1,2,3,123,Potential Loyalists,Cluster_3,4348.0
C1375,129.0,2,4394.0,2,2,2,222,Lost,Cluster_3,2197.0
C1376,39.2,2,2029.0,4,2,1,421,New Customers,Cluster_2,1014.5
C1377,7.6,5,18824.0,5,5,5,555,Champions,Cluster_1,3764.8
C1378,40.1,3,13857.0,4,3,4,434,Loyal Customers,Cluster_4,4619.0
C1379,2.4,2,3244.0,5,2,1,521,New Customers,Cluster_1,1622.0
C1380,12.7,2,3509.0,5,2,1,521,New Customers,Cluster_1,1754.5
C1381,119.8,3,8713.0,2,3,3,233,Loyal Customers,Cluster_3,2904.33
C1382,212.9,3,2939.0,1,3,1,131,At Risk,Cluster_3,979.67
C1383,30.4,4,7458.0,4,4,2,442,Potential Loyalists,Cluster_4,1864.5
C1384,153.3,5,10523.0,2,5,3,253,Loyal Customers,Cluster_4,2104.6
C1385,163.7,2,6193.0,1,2,2,122,Lost,Cluster_3,3096.5
C1386,34.6,7,32719.0,4,5,5,455,Champions,Cluster_4,4674.14
C1387,127.5,5,12379.0,2,5,4,254,Loyal Customers,Cluster_4,2475.8
C1388,162.8,5,12670.0,2,5,4,254,Loyal Customers,Cluster_4,2534.0
C1389,30.9,1,7992.0,4,1,3,413,New Customers,Cluster_3,7992.0
C1390,94.5,2,9388.0,3,2,3,323,Potential Loyalists,Cluster_3,4694.0
C1391,22.9,4,12966.0,5,4,4,544,Champions,Cluster_1,3241.5
C1392,269.3,1,1798.0,1,1,1,111,Lost,Cluster_2,1798.0
C1393,139.4,2,13567.0,2,2,4,224,Potential Loyalists,Cluster_3,6783.5
C1394,71.8,2,4175.0,3,2,2,322,Potential Loyalists,Cluster_3,2087.5
C1395,42.0,4,5678.0,4,4,2,442,Potential Loyalists,Cluster_4,1419.5
C1396,44.9,2,11639.0,4,2,4,424,New Customers,Cluster_3,5819.5
C1397,17.4,5,26270.0,5,5,5,555,Champions,Cluster_1,5254.0
C1398,21.9,6,19512.0,5,5,5,555,Champions,Cluster_4,3252.0
C1399,57.5,3,7070.0,3,3,2,332,Potential Loyalists,Cluster_3,2356.67
C1400,24.4,2,6295.0,5,2,2,522,New Customers,Cluster_3,3147.5
C1401,116.0,3,7490.0,2,3,2,232,At Risk,Cluster_3,2496.67
C1402,107.0,1,1796.0,2,1,1,211,Lost,Cluster_2,1796.0
C1403,35.3,4,17230.0,4,4,5,445,Champions,Cluster_4,4307.5
C1404,21.0,6,11514.0,5,5,4,554,Champions,Cluster_1,1919.0
C1405,14.2,5,21383.0,5,5,5,555,Champions,Cluster_1,4276.6
C1406,31.4,2,7093.0,4,2,2,422,New Customers,Cluster_3,3546.5
C1407,134.1,4,17195.0,2,4,5,245,Loyal Customers,Cluster_4,4298.75
C1408,285.8,1,1498.0,1,1,1,111,Lost,Cluster_2,1498.0
C1409,8.4,6,23003.0,5,5,5,555,Champions,Cluster_1,3833.83
C1410,186.1,1,2832.0,1,1,1,111,Lost,Cluster_2,2832.0
C1411,96.3,2,8951.0,3,2,3,323,Potential Loyalists,Cluster_3,4475.5
C1413,0.8,9,19761.0,5,5,5,555,Champions,Cluster_1,2195.67
C1414,279.2,2,4035.0,1,2,1,121,Lost,Cluster_3,2017.5
C1415,85.3,3,8164.0,3,3,3,333,Loyal Customers,Cluster_3,2721.33
C1416,68.5,4,18202.0,3,4,5,345,Loyal Customers,Cluster_4,4550.5
C1417,98.4,3,4799.0,3,3,2,332,Potential Loyalists,Cluster_3,1599.67
C1418,26.6,6,26009.0,4,5,5,455,Champions,Cluster_4,4334.83
C1419,89.3,2,4361.0,3,2,2,322,Potential Loyalists,Cluster_3,2180.5
C1420,64.2,5,11566.0,3,5,4,354,Loyal Customers,Cluster_4,2313.2
C1421,17.6,2,9490.0,5,2,3,523,New Customers,Cluster_1,4745.0
C1422,35.6,4,14804.0,4,4,4,444,Champions,Cluster_4,3701.0
C1423,22.9,3,6409.0,5,3,2,532,Potential Loyalists,Cluster_1,2136.33
C1424,63.6,2,5793.0,3,2,2,322,Potential Loyalists,Cluster_3,2896.5
C1425,33.1,4,10517.0,4,4,3,443,Loyal Customers,Cluster_4,2629.25
C1426,81.6,3,2650.0,3,3,1,331,Potential Loyalists,Cluster_3,883.33
C1427,108.1,3,8108.0,2,3,3,233,Loyal Customers,Cluster_3,2702.67
C1428,10.3,7,17298.0,5,5,5,555,Champions,Cluster_1,2471.14
C1429,91.9,3,11500.0,3,3,4,334,Loyal Customers,Cluster_3,3833.33
C1430,37.9,7,15569.0,4,5,4,454,Champions,Cluster_4,2224.14
C1431,242.5,1,6096.0,1,1,2,112,Lost,Cluster_3,6096.0
C1432,104.6,2,10807.0,2,2,3,223,Potential Loyalists,Cluster_3,5403.5
C1433,30.4,5,11975.0,4,5,4,454,Champions,Cluster_4,2395.0
C1434,102.7,4,7964.0,2,4,3,243,Loyal Customers,Cluster_4,1991.0
C1435,149.3,2,4853.0,2,2,2,222,Lost,Cluster_3,2426.5
C1436,33.3,3,7614.0,4,3,3,433,Loyal Customers,Cluster_3,2538.0
C1437,35.4,3,5970.0,4,3,2,432,Potential Loyalists,Cluster_3,1990.0
C1438,15.4,1,2526.0,5,1,1,511,New Customers,Cluster_2,2526.0
C1439,201.3,3,6410.0,1,3,2,132,At Risk,Cluster_3,2136.67
C1440,17.2,3,8689.0,5,3,3,533,Loyal Customers,Cluster_1,2896.33
C1441,42.6,7,25491.0,4,5,5,455,Champions,Cluster_4,3641.57
C1443,176.0,4,15035.0,1,4,4,144,Loyal Customers,Cluster_4,3758.75
C1444,21.4,2,8792.0,5,2,3,523,New Customers,Cluster_3,4396.0
C1445,37.8,5,17153.0,4,5,5,455,Champions,Cluster_4,3430.6
C1446,53.2,4,2150.0,4,4,1,441,Potential Loyalists,Cluster_3,537.5
C1447,51.1,4,13747.0,4,4,4,444,Champions,Cluster_4,3436.75
C1448,283.0,1,9744.0,1,1,3,113,Potential Loyalists,Cluster_3,9744.0
C1449,122.5,1,1998.0,2,1,1,211,Lost,Cluster_2,1998.0
C1450,77.8,6,16637.0,3,5,5,355,Loyal Customers,Cluster_4,2772.83
C1451,133.1,3,6234.0,2,3,2,232,At Risk,Cluster_3,2078.0
C1452,41.2,4,16181.0,4,4,5,445,Champions,Cluster_4,4045.25
C1453,52.9,3,3972.0,4,3,1,431,Potential Loyalists,Cluster_3,1324.0
C1454,59.7,2,4394.0,3,2,2,322,Potential Loyalists,Cluster_3,2197.0
C1455,89.3,7,16078.0,3,5,4,354,Loyal Customers,Cluster_4,2296.86
C1456,51.9,7,20667.0,4,5,5,455,Champions,Cluster_4,2952.43
C1457,27.3,5,26502.0,4,5,5,455,Champions,Cluster_4,5300.4
C1458,30.3,6,11384.0,4,5,4,454,Champions,Cluster_4,1897.33
C1459,25.1,6,35771.0,4,5,5,455,Champions,Cluster_4,5961.83
C1461,7.8,1,1798.0,5,1,1,511,New Customers,Cluster_2,1798.0
C1462,44.2,5,9347.0,4,5,3,453,Loyal Customers,Cluster_4,1869.4
C1463,87.4,2,2627.0,3,2,1,321,Potential Loyalists,Cluster_3,1313.5
C1464,6.9,4,7017.0,5,4,2,542,Potential Loyalists,Cluster_1,1754.25
C1465,51.4,3,5720.0,4,3,2,432,Potential Loyalists,Cluster_3,1906.67
C1466,11.7,5,8390.0,5,5,3,553,Loyal Customers,Cluster_1,1678.0
C1467,19.8,4,16444.0,5,4,5,545,Champions,Cluster_1,4111.0
C1468,117.4,3,1395.0,2,3,1,231,At Risk,Cluster_2,465.0
C1469,198.0,1,617.0,1,1,1,111,Lost,Cluster_2,617.0
C1470,13.1,4,25033.0,5,4,5,545,Champions,Cluster_1,6258.25
C1471,7.3,8,36246.0,5,5,5,555,Champions,Cluster_1,4530.75
C1472,133.1,4,9327.0,2,4,3,243,Loyal Customers,Cluster_4,2331.75
C1473,38.2,2,10015.0,4,2,3,423,New Customers,Cluster_3,5007.5
C1474,114.7,2,5575.0,2,2,2,222,Lost,Cluster_3,2787.5
C1475,42.7,4,18746.0,4,4,5,445,Champions,Cluster_4,4686.5
C1476,94.5,4,12236.0,3,4,4,344,Loyal Customers,Cluster_4,3059.0
C1478,150.2,2,2996.0,2,2,1,221,Lost,Cluster_3,1498.0
C1479,90.1,4,14530.0,3,4,4,344,Loyal Customers,Cluster_4,3632.5
C1480,139.0,3,3971.0,2,3,1,231,At Risk,Cluster_3,1323.67
C1481,32.1,1,7994.0,4,1,3,413,New Customers,Cluster_3,7994.0
C1482,123.0,4,6926.0,2,4,2,242,At Risk,Cluster_3,1731.5
C1483,16.7,6,11038.0,5,5,3,553,Loyal Customers,Cluster_1,1839.67
C1484,5.8,5,17996.0,5,5,5,555,Champions,Cluster_1,3599.2
C1485,7.8,7,28600.0,5,5,5,555,Champions,Cluster_1,4085.71
C1486,164.4,2,1324.0,1,2,1,121,Lost,Cluster_2,662.0
C1487,34.8,4,12915.0,4,4,4,444,Champions,Cluster_4,3228.75
C1488,156.1,2,6122.0,2,2,2,222,Lost,Cluster_3,3061.0
C1489,232.3,1,6196.0,1,1,2,112,Lost,Cluster_3,6196.0
C1490,8.0,1,198.0,5,1,1,511,New Customers,Cluster_2,198.0
C1491,277.5,3,6305.0,1,3,2,132,At Risk,Cluster_3,2101.67
C1492,51.9,5,21762.0,4,5,5,455,Champions,Cluster_4,4352.4
C1493,147.3,4,25226.0,2,4,5,245,Loyal Customers,Cluster_4,6306.5
C1494,61.2,4,18719.0,3,4,5,345,Loyal Customers,Cluster_4,4679.75
C1495,42.4,1,4620.0,4,1,2,412,New Customers,Cluster_3,4620.0
C1496,42.7,4,13380.0,4,4,4,444,Champions,Cluster_4,3345.0
C1497,18.2,4,17752.0,5,4,5,545,Champions,Cluster_1,4438.0
C1498,347.2,1,3343.0,1,1,1,111,Lost,Cluster_2,3343.0
C1499,26.1,6,14218.0,4,5,4,454,Champions,Cluster_4,2369.67
C1500,165.0,2,4223.0,1,2,2,122,Lost,Cluster_3,2111.5
C1501,8.1,4,18051.0,5,4,5,545,Champions,Cluster_1,4512.75
C1502,154.5,5,25880.0,2,5,5,255,Loyal Customers,Cluster_4,5176.0
C1503,69.6,2,1725.0,3,2,1,321,Potential Loyalists,Cluster_2,862.5
C1504,7.8,8,16411.0,5,5,5,555,Champions,Cluster_1,2051.38
C1506,255.1,1,1148.0,1,1,1,111,Lost,Cluster_2,1148.0
C1507,96.6,6,9239.0,3,5,3,353,Loyal Customers,Cluster_4,1539.83
C1508,0.6,3,7241.0,5,3,2,532,Potential Loyalists,Cluster_1,2413.67
C1509,283.8,2,3474.0,1,2,1,121,Lost,Cluster_3,1737.0
C1510,83.7,4,7474.0,3,4,2,342,Potential Loyalists,Cluster_4,1868.5
C1511,39.1,6,13260.0,4,5,4,454,Champions,Cluster_4,2210.0
C1513,10.3,3,16191.0,5,3,5,535,Loyal Customers,Cluster_1,5397.0
C1514,0.1,3,5138.0,5,3,2,532,Potential Loyalists,Cluster_1,1712.67
C1515,8.2,8,21859.0,5,5,5,555,Champions,Cluster_1,2732.38
C1517,108.2,1,7551.0,2,1,3,213,Potential Loyalists,Cluster_3,7551.0
C1518,83.1,3,7287.0,3,3,2,332,Potential Loyalists,Cluster_3,2429.0
C1519,24.0,2,11771.0,5,2,4,524,New Customers,Cluster_3,5885.5
C1520,250.5,1,2296.0,1,1,1,111,Lost,Cluster_2,2296.0
C1521,29.4,3,6895.0,4,3,2,432,Potential Loyalists,Cluster_3,2298.33
C1522,275.2,1,418.0,1,1,1,111,Lost,Cluster_2,418.0
C1523,57.0,2,5928.0,3,2,2,322,Potential Loyalists,Cluster_3,2964.0
C1524,12.1,5,15751.0,5,5,4,554,Champions,Cluster_1,3150.2
C1526,221.5,3,9998.0,1,3,3,133,Loyal Customers,Cluster_3,3332.67
C1527,108.1,2,3995.0,2,2,1,221,Lost,Cluster_3,1997.5
C1528,62.7,3,7638.0,3,3,3,333,Loyal Customers,Cluster_3,2546.0
C1529,9.8,5,15825.0,5,5,4,554,Champions,Cluster_1,3165.0
C1530,37.5,3,8859.0,4,3,3,433,Loyal Customers,Cluster_3,2953.0
C1531,338.3,1,3747.0,1,1,1,111,Lost,Cluster_2,3747.0
C1532,207.9,2,10198.0,1,2,3,123,Potential Loyalists,Cluster_3,5099.0
C1533,323.6,2,7552.0,1,2,3,123,Potential Loyalists,Cluster_3,3776.0
C1534,230.6,2,6469.0,1,2,2,122,Lost,Cluster_3,3234.5
C1535,186.6,1,3996.0,1,1,1,111,Lost,Cluster_2,3996.0
C1536,218.7,2,5238.0,1,2,2,122,Lost,Cluster_3,2619.0
C1537,135.1,2,10089.0,2,2,3,223,Potential Loyalists,Cluster_3,5044.5
C1538,90.6,2,5570.0,3,2,2,322,Potential Loyalists,Cluster_3,2785.0
C1539,151.9,4,14381.0,2,4,4,244,Loyal Customers,Cluster_4,3595.25
C1540,38.8,4,12169.0,4,4,4,444,Champions,Cluster_4,3042.25
C1541,65.1,4,10326.0,3,4,3,343,Loyal Customers,Cluster_4,2581.5
C1542,111.3,2,10138.0,2,2,3,223,Potential Loyalists,Cluster_3,5069.0
C1543,44.7,3,6985.0,4,3,2,432,Potential Loyalists,Cluster_3,2328.33
C1544,29.1,3,5590.0,4,3,2,432,Potential Loyalists,Cluster_3,1863.33
C1545,139.5,1,13466.0,2,1,4,214,Potential Loyalists,Cluster_3,13466.0
C1546,149.1,3,4163.0,2,3,2,232,At Risk,Cluster_3,1387.67
C1547,105.9,6,19824.0,2,5,5,255,Loyal Customers,Cluster_4,3304.0
C1548,156.1,2,5381.0,2,2,2,222,Lost,Cluster_3,2690.5
C1549,37.9,5,16324.0,4,5,5,455,Champions,Cluster_4,3264.8
C1550,33.5,7,20951.0,4,5,5,455,Champions,Cluster_4,2993.0
C1551,324.4,1,3796.0,1,1,1,111,Lost,Cluster_2,3796.0
C1552,178.4,3,17721.0,1,3,5,135,Loyal Customers,Cluster_3,5907.0
C1553,339.9,1,5849.0,1,1,2,112,Lost,Cluster_3,5849.0
C1554,2.8,2,7059.0,5,2,2,522,New Customers,Cluster_1,3529.5
C1556,266.9,3,17424.0,1,3,5,135,Loyal Customers,Cluster_3,5808.0
C1557,60.3,2,2066.0,3,2,1,321,Potential Loyalists,Cluster_2,1033.0
C1558,5.7,3,21958.0,5,3,5,535,Loyal Customers,Cluster_1,7319.33
C1559,71.4,4,10414.0,3,4,3,343,Loyal Customers,Cluster_4,2603.5
C1560,15.1,2,3181.0,5,2,1,521,New Customers,Cluster_3,1590.5
C1561,74.1,5,6880.0,3,5,2,352,Potential Loyalists,Cluster_4,1376.0
C1562,73.4,5,23848.0,3,5,5,355,Loyal Customers,Cluster_4,4769.6
C1563,49.4,2,4744.0,4,2,2,422,New Customers,Cluster_3,2372.0
C1564,81.8,4,5150.0,3,4,2,342,Potential Loyalists,Cluster_3,1287.5
C1565,68.2,4,15073.0,3,4,4,344,Loyal Customers,Cluster_4,3768.25
C1566,53.4,2,3943.0,3,2,1,321,Potential Loyalists,Cluster_3,1971.5
C1567,312.7,1,1997.0,1,1,1,111,Lost,Cluster_2,1997.0
C1568,36.0,5,20890.0,4,5,5,455,Champions,Cluster_4,4178.0
C1569,128.6,4,15085.0,2,4,4,244,Loyal Customers,Cluster_4,3771.25
C1570,11.0,2,4643.0,5,2,2,522,New Customers,Cluster_1,2321.5
C1571,26.5,7,15026.0,4,5,4,454,Champions,Cluster_4,2146.57
C1572,177.1,1,8537.0,1,1,3,113,Potential Loyalists,Cluster_3,8537.0
C1573,264.4,1,3322.0,1,1,1,111,Lost,Cluster_2,3322.0
C1575,13.3,6,14912.0,5,5,4,554,Champions,Cluster_1,2485.33
C1576,39.8,4,8625.0,4,4,3,443,Loyal Customers,Cluster_4,2156.25
C1577,6.3,8,15299.0,5,5,4,554,Champions,Cluster_1,1912.38
C1578,97.8,2,5099.0,3,2,2,322,Potential Loyalists,Cluster_3,2549.5
C1579,65.5,2,2521.0,3,2,1,321,Potential Loyalists,Cluster_2,1260.5
C1580,3.3,3,10885.0,5,3,3,533,Loyal Customers,Cluster_1,3628.33
C1581,72.9,4,25313.0,3,4,5,345,Loyal Customers,Cluster_4,6328.25
C1582,1.9,4,12829.0,5,4,4,544,Champions,Cluster_1,3207.25
C1583,30.9,2,12340.0,4,2,4,424,New Customers,Cluster_3,6170.0
C1584,236.7,2,8115.0,1,2,3,123,Potential Loyalists,Cluster_3,4057.5
C1585,100.7,3,10788.0,2,3,3,233,Loyal Customers,Cluster_3,3596.0
C1586,129.2,6,21042.0,2,5,5,255,Loyal Customers,Cluster_4,3507.0
C1587,15.2,3,10363.0,5,3,3,533,Loyal Customers,Cluster_1,3454.33
C1588,13.4,5,6314.0,5,5,2,552,Potential Loyalists,Cluster_1,1262.8
C1589,16.3,5,18497.0,5,5,5,555,Champions,Cluster_1,3699.4
C1590,7.3,6,37066.0,5,5,5,555,Champions,Cluster_1,6177.67
C1591,133.7,1,897.0,2,1,1,211,Lost,Cluster_2,897.0
C1592,64.6,6,15351.0,3,5,4,354,Loyal Customers,Cluster_4,2558.5
C1593,52.3,2,5903.0,4,2,2,422,New Customers,Cluster_3,2951.5
C1594,16.5,2,5072.0,5,2,2,522,New Customers,Cluster_3,2536.0
C1595,148.2,3,6881.0,2,3,2,232,At Risk,Cluster_3,2293.67
C1596,34.2,2,9235.0,4,2,3,423,New Customers,Cluster_3,4617.5
C1598,107.1,2,5972.0,2,2,2,222,Lost,Cluster_3,2986.0
C1599,36.5,4,7435.0,4,4,2,442,Potential Loyalists,Cluster_4,1858.75
C1600,118.0,2,11055.0,2,2,3,223,Potential Loyalists,Cluster_3,5527.5
C1601,318.0,2,6462.0,1,2,2,122,Lost,Cluster_3,3231.0
C1602,260.5,2,6023.0,1,2,2,122,Lost,Cluster_3,3011.5
C1603,208.4,2,3594.0,1,2,1,121,Lost,Cluster_3,1797.0
C1604,310.3,1,1199.0,1,1,1,111,Lost,Cluster_2,1199.0
C1605,143.1,1,5193.0,2,1,2,212,Lost,Cluster_3,5193.0
C1606,175.9,1,4703.0,1,1,2,112,Lost,Cluster_2,4703.0
C1607,72.7,4,7864.0,3,4,3,343,Loyal Customers,Cluster_4,1966.0
C1608,24.6,5,17805.0,5,5,5,555,Champions,Cluster_4,3561.0
C1609,94.2,5,17227.0,3,5,5,355,Loyal Customers,Cluster_4,3445.4
C1610,3.1,2,4677.0,5,2,2,522,New Customers,Cluster_1,2338.5
C1611,10.3,3,11863.0,5,3,4,534,Loyal Customers,Cluster_1,3954.33
C1612,57.5,4,19099.0,3,4,5,345,Loyal Customers,Cluster_4,4774.75
C1613,324.8,1,3793.0,1,1,1,111,Lost,Cluster_2,3793.0
C1614,39.3,5,12606.0,4,5,4,454,Champions,Cluster_4,2521.2
C1615,66.3,2,6820.0,3,2,2,322,Potential Loyalists,Cluster_3,3410.0
C1617,45.4,2,2376.0,4,2,1,421,New Customers,Cluster_2,1188.0
C1618,10.6,5,19635.0,5,5,5,555,Champions,Cluster_1,3927.0
C1619,146.8,3,16362.0,2,3,5,235,Loyal Customers,Cluster_3,5454.0
C1620,46.0,9,22278.0,4,5,5,455,Champions,Cluster_4,2475.33
C1621,16.1,4,23087.0,5,4,5,545,Champions,Cluster_1,5771.75
C1622,23.3,5,17405.0,5,5,5,555,Champions,Cluster_4,3481.0
C1623,9.6,4,12408.0,5,4,4,544,Champions,Cluster_1,3102.0
C1624,10.8,4,3596.0,5,4,1,541,Potential Loyalists,Cluster_1,899.0
C1625,0.1,3,7155.0,5,3,2,532,Potential Loyalists,Cluster_1,2385.0
C1626,114.1,5,19446.0,2,5,5,255,Loyal Customers,Cluster_4,3889.2
C1627,281.0,2,10038.0,1,2,3,123,Potential Loyalists,Cluster_3,5019.0
C1628,81.7,5,8097.0,3,5,3,353,Loyal Customers,Cluster_4,1619.4
C1629,13.0,6,20154.0,5,5,5,555,Champions,Cluster_1,3359.0
C1630,153.0,3,9737.0,2,3,3,233,Loyal Customers,Cluster_3,3245.67
C1631,149.0,3,5823.0,2,3,2,232,At Risk,Cluster_3,1941.0
C1632,99.3,3,14400.0,2,3,4,234,Loyal Customers,Cluster_3,4800.0
C1633,71.8,8,47231.0,3,5,5,355,Loyal Customers,Cluster_4,5903.88
C1634,97.1,4,15252.0,3,4,4,344,Loyal Customers,Cluster_4,3813.0
C1635,57.4,3,9364.0,3,3,3,333,Loyal Customers,Cluster_3,3121.33
C1636,32.3,3,2295.0,4,3,1,431,Potential Loyalists,Cluster_3,765.0
C1637,111.8,6,17637.0,2,5,5,255,Loyal Customers,Cluster_4,2939.5
C1638,129.6,2,8443.0,2,2,3,223,Potential Loyalists,Cluster_3,4221.5
C1639,19.8,1,3895.0,5,1,1,511,New Customers,Cluster_2,3895.0
C1640,126.4,2,5252.0,2,2,2,222,Lost,Cluster_3,2626.0
C1641,64.0,1,399.0,3,1,1,311,Potential Loyalists,Cluster_2,399.0
C1642,44.6,3,7140.0,4,3,2,432,Potential Loyalists,Cluster_3,2380.0
C1643,182.8,2,12807.0,1,2,4,124,Potential Loyalists,Cluster_3,6403.5
C1644,34.7,6,26462.0,4,5,5,455,Champions,Cluster_4,4410.33
C1645,71.3,5,15534.0,3,5,4,354,Loyal Customers,Cluster_4,3106.8
C1646,65.4,4,6552.0,3,4,2,342,Potential Loyalists,Cluster_4,1638.0
C1647,162.5,4,10339.0,2,4,3,243,Loyal Customers,Cluster_4,2584.75
C1648,111.5,4,6330.0,2,4,2,242,At Risk,Cluster_3,1582.5
C1649,66.8,3,14101.0,3,3,4,334,Loyal Customers,Cluster_4,4700.33
C1650,153.3,3,8962.0,2,3,3,233,Loyal Customers,Cluster_3,2987.33
C1651,130.2,4,8487.0,2,4,3,243,Loyal Customers,Cluster_4,2121.75
C1652,109.9,3,8329.0,2,3,3,233,Loyal Customers,Cluster_3,2776.33
C1653,47.4,6,28898.0,4,5,5,455,Champions,Cluster_4,4816.33
C1655,261.2,1,1596.0,1,1,1,111,Lost,Cluster_2,1596.0
C1657,19.6,1,2148.0,5,1,1,511,New Customers,Cluster_2,2148.0
C1658,14.1,5,19536.0,5,5,5,555,Champions,Cluster_1,3907.2
C1659,21.1,5,18606.0,5,5,5,555,Champions,Cluster_1,3721.2
C1661,41.5,2,4695.0,4,2,2,422,New Customers,Cluster_3,2347.5
C1662,197.9,4,15203.0,1,4,4,144,Loyal Customers,Cluster_4,3800.75
C1663,18.9,6,23387.0,5,5,5,555,Champions,Cluster_4,3897.83
C1664,55.4,4,9037.0,3,4,3,343,Loyal Customers,Cluster_4,2259.25
C1665,105.5,2,8003.0,2,2,3,223,Potential Loyalists,Cluster_3,4001.5
C1666,30.1,3,10426.0,4,3,3,433,Loyal Customers,Cluster_1,3475.33
C1667,81.7,3,8508.0,3,3,3,333,Loyal Customers,Cluster_3,2836.0
C1668,208.3,1,3997.0,1,1,1,111,Lost,Cluster_2,3997.0
C1669,60.1,4,11027.0,3,4,3,343,Loyal Customers,Cluster_4,2756.75
C1670,86.9,4,17572.0,3,4,5,345,Loyal Customers,Cluster_4,4393.0
C1671,140.7,3,10387.0,2,3,3,233,Loyal Customers,Cluster_3,3462.33
C1673,99.5,1,1598.0,2,1,1,211,Lost,Cluster_2,1598.0
C1674,72.5,4,13514.0,3,4,4,344,Loyal Customers,Cluster_4,3378.5
C1675,37.2,2,2694.0,4,2,1,421,New Customers,Cluster_3,1347.0
C1676,333.5,1,1867.0,1,1,1,111,Lost,Cluster_2,1867.0
C1677,206.3,3,6493.0,1,3,2,132,At Risk,Cluster_3,2164.33
C1678,120.6,5,14879.0,2,5,4,254,Loyal Customers,Cluster_4,2975.8
C1679,104.6,5,18343.0,2,5,5,255,Loyal Customers,Cluster_4,3668.6
C1680,329.1,1,3093.0,1,1,1,111,Lost,Cluster_2,3093.0
C1681,47.4,4,2140.0,4,4,1,441,Potential Loyalists,Cluster_3,535.0
C1682,71.8,1,198.0,3,1,1,311,Potential Loyalists,Cluster_2,198.0
C1683,190.0,4,18919.0,1,4,5,145,Loyal Customers,Cluster_4,4729.75
C1684,21.5,2,5222.0,5,2,2,522,New Customers,Cluster_3,2611.0
C1685,120.1,3,2581.0,2,3,1,231,At Risk,Cluster_3,860.33
C1686,20.2,6,31096.0,5,5,5,555,Champions,Cluster_4,5182.67
C1687,64.7,4,10694.0,3,4,3,343,Loyal Customers,Cluster_4,2673.5
C1688,204.2,5,6090.0,1,5,2,152,At Risk,Cluster_4,1218.0
C1689,329.5,1,2943.0,1,1,1,111,Lost,Cluster_2,2943.0
C1690,22.6,3,6045.0,5,3,2,532,Potential Loyalists,Cluster_1,2015.0
C1691,165.2,3,7921.0,1,3,3,133,Loyal Customers,Cluster_3,2640.33
C1692,94.7,3,9987.0,3,3,3,333,Loyal Customers,Cluster_3,3329.0
C1693,273.7,2,2146.0,1,2,1,121,Lost,Cluster_2,1073.0
C1694,55.0,4,14519.0,3,4,4,344,Loyal Customers,Cluster_4,3629.75
C1695,201.2,3,8431.0,1,3,3,133,Loyal Customers,Cluster_3,2810.33
C1696,271.9,2,7619.0,1,2,3,123,Potential Loyalists,Cluster_3,3809.5
C1697,25.8,5,26268.0,4,5,5,455,Champions,Cluster_4,5253.6
C1698,126.9,3,13140.0,2,3,4,234,Loyal Customers,Cluster_3,4380.0
C1699,204.1,4,9670.0,1,4,3,143,Loyal Customers,Cluster_4,2417.5
C1700,83.2,6,15126.0,3,5,4,354,Loyal Customers,Cluster_4,2521.0
C1701,1.7,8,16809.0,5,5,5,555,Champions,Cluster_1,2101.12
C1702,108.4,4,16473.0,2,4,5,245,Loyal Customers,Cluster_4,4118.25
C1703,142.8,3,12564.0,2,3,4,234,Loyal Customers,Cluster_3,4188.0
C1704,7.8,3,4759.0,5,3,2,532,Potential Loyalists,Cluster_1,1586.33
C1705,249.9,3,8566.0,1,3,3,133,Loyal Customers,Cluster_3,2855.33
C1706,38.6,3,10798.0,4,3,3,433,Loyal Customers,Cluster_3,3599.33
C1707,141.3,3,13173.0,2,3,4,234,Loyal Customers,Cluster_3,4391.0
C1708,349.8,1,4794.0,1,1,2,112,Lost,Cluster_2,4794.0
C1709,175.9,1,999.0,1,1,1,111,Lost,Cluster_2,999.0
C1710,5.8,6,27149.0,5,5,5,555,Champions,Cluster_1,4524.83
C1711,205.4,1,1148.0,1,1,1,111,Lost,Cluster_2,1148.0
C1712,25.6,7,13627.0,4,5,4,454,Champions,Cluster_4,1946.71
C1713,196.4,2,11000.0,1,2,3,123,Potential Loyalists,Cluster_3,5500.0
C1714,174.4,2,1628.0,1,2,1,121,Lost,Cluster_2,814.0
C1715,9.0,3,6468.0,5,3,2,532,Potential Loyalists,Cluster_1,2156.0
C1716,25.9,2,6372.0,4,2,2,422,New Customers,Cluster_3,3186.0
C1717,105.3,4,20734.0,2,4,5,245,Loyal Customers,Cluster_4,5183.5
C1718,27.3,4,21549.0,4,4,5,445,Champions,Cluster_4,5387.25
C1719,48.7,2,1348.0,4,2,1,421,New Customers,Cluster_2,674.0
C1720,78.0,8,25509.0,3,5,5,355,Loyal Customers,Cluster_4,3188.62
C1721,32.1,6,16377.0,4,5,5,455,Champions,Cluster_4,2729.5
C1722,96.2,4,20482.0,3,4,5,345,Loyal Customers,Cluster_4,5120.5
C1723,83.4,4,6170.0,3,4,2,342,Potential Loyalists,Cluster_3,1542.5
C1724,62.5,2,13721.0,3,2,4,324,Potential Loyalists,Cluster_3,6860.5
C1725,182.4,2,8490.0,1,2,3,123,Potential Loyalists,Cluster_3,4245.0
C1726,67.7,5,15814.0,3,5,4,354,Loyal Customers,Cluster_4,3162.8
C1727,128.5,3,10435.0,2,3,3,233,Loyal Customers,Cluster_3,3478.33
C1728,72.8,2,3552.0,3,2,1,321,Potential Loyalists,Cluster_3,1776.0
C1729,46.8,5,24222.0,4,5,5,455,Champions,Cluster_4,4844.4
C1730,22.5,4,14112.0,5,4,4,544,Champions,Cluster_1,3528.0
C1731,80.3,5,28544.0,3,5,5,355,Loyal Customers,Cluster_4,5708.8
C1732,44.3,7,16793.0,4,5,5,455,Champions,Cluster_4,2399.0
C1733,81.3,4,13848.0,3,4,4,344,Loyal Customers,Cluster_4,3462.0
C1734,50.2,2,14223.0,4,2,4,424,New Customers,Cluster_3,7111.5
C1735,101.4,3,5142.0,2,3,2,232,At Risk,Cluster_3,1714.0
C1736,75.1,7,25884.0,3,5,5,355,Loyal Customers,Cluster_4,3697.71
C1738,109.7,4,20519.0,2,4,5,245,Loyal Customers,Cluster_4,5129.75
C1739,7.2,4,4271.0,5,4,2,542,Potential Loyalists,Cluster_1,1067.75
C1740,33.0,6,16462.0,4,5,5,455,Champions,Cluster_4,2743.67
C1741,112.8,4,17134.0,2,4,5,245,Loyal Customers,Cluster_4,4283.5
C1742,127.6,3,13297.0,2,3,4,234,Loyal Customers,Cluster_3,4432.33
C1743,152.4,7,29858.0,2,5,5,255,Loyal Customers,Cluster_4,4265.43
C1744,230.6,2,5112.0,1,2,2,122,Lost,Cluster_3,2556.0
C1745,100.8,3,15657.0,2,3,4,234,Loyal Customers,Cluster_3,5219.0
C1746,5.4,5,14342.0,5,5,4,554,Champions,Cluster_1,2868.4
C1747,107.0,3,9448.0,2,3,3,233,Loyal Customers,Cluster_3,3149.33
C1748,53.4,4,7584.0,3,4,3,343,Loyal Customers,Cluster_4,1896.0
C1749,134.4,7,20841.0,2,5,5,255,Loyal Customers,Cluster_4,2977.29
C1750,1.0,2,2026.0,5,2,1,521,New Customers,Cluster_1,1013.0
C1751,105.8,4,10404.0,2,4,3,243,Loyal Customers,Cluster_4,2601.0
C1752,3.2,7,13267.0,5,5,4,554,Champions,Cluster_1,1895.29
C1753,23.1,5,12767.0,5,5,4,554,Champions,Cluster_1,2553.4
C1754,188.0,2,5142.0,1,2,2,122,Lost,Cluster_3,2571.0
C1755,20.8,5,25333.0,5,5,5,555,Champions,Cluster_4,5066.6
C1756,109.5,4,7013.0,2,4,2,242,At Risk,Cluster_3,1753.25
C1757,25.8,4,12073.0,4,4,4,444,Champions,Cluster_1,3018.25
C1758,4.4,7,10518.0,5,5,3,553,Loyal Customers,Cluster_1,1502.57
C1759,44.9,4,14164.0,4,4,4,444,Champions,Cluster_4,3541.0
C1760,46.4,6,20906.0,4,5,5,455,Champions,Cluster_4,3484.33
C1761,52.2,6,22886.0,4,5,5,455,Champions,Cluster_4,3814.33
C1762,46.8,5,12942.0,4,5,4,454,Champions,Cluster_4,2588.4
C1763,228.9,4,8680.0,1,4,3,143,Loyal Customers,Cluster_3,2170.0
C1764,73.7,3,6260.0,3,3,2,332,Potential Loyalists,Cluster_3,2086.67
C1765,137.6,5,14077.0,2,5,4,254,Loyal Customers,Cluster_4,2815.4
C1766,18.6,3,14079.0,5,3,4,534,Loyal Customers,Cluster_1,4693.0
C1767,259.6,1,2096.0,1,1,1,111,Lost,Cluster_2,2096.0
C1768,17.7,3,11784.0,5,3,4,534,Loyal Customers,Cluster_1,3928.0
C1769,102.5,4,13766.0,2,4,4,244,Loyal Customers,Cluster_4,3441.5
C1770,104.2,4,11672.0,2,4,4,244,Loyal Customers,Cluster_4,2918.0
C1771,127.1,5,10112.0,2,5,3,253,Loyal Customers,Cluster_4,2022.4
C1772,100.0,3,8866.0,2,3,3,233,Loyal Customers,Cluster_3,2955.33
C1773,220.4,4,13633.0,1,4,4,144,Loyal Customers,Cluster_4,3408.25
C1774,29.5,7,19096.0,4,5,5,455,Champions,Cluster_4,2728.0
C1775,35.0,4,5296.0,4,4,2,442,Potential Loyalists,Cluster_4,1324.0
C1776,319.3,1,3025.0,1,1,1,111,Lost,Cluster_2,3025.0
C1777,3.3,4,7700.0,5,4,3,543,Loyal Customers,Cluster_1,1925.0
C1778,44.3,5,17685.0,4,5,5,455,Champions,Cluster_4,3537.0
C1779,62.4,1,8062.0,3,1,3,313,Potential Loyalists,Cluster_3,8062.0
C1780,190.7,3,7542.0,1,3,3,133,Loyal Customers,Cluster_3,2514.0
C1781,186.9,2,16990.0,1,2,5,125,Potential Loyalists,Cluster_3,8495.0
C1782,55.0,4,14507.0,3,4,4,344,Loyal Customers,Cluster_4,3626.75
C1783,132.7,4,13453.0,2,4,4,244,Loyal Customers,Cluster_4,3363.25
C1784,275.5,5,9644.0,1,5,3,153,Loyal Customers,Cluster_4,1928.8
C1785,70.6,5,6457.0,3,5,2,352,Potential Loyalists,Cluster_4,1291.4
C1786,257.8,1,1748.0,1,1,1,111,Lost,Cluster_2,1748.0
C1787,82.9,3,7499.0,3,3,3,333,Loyal Customers,Cluster_3,2499.67
C1788,99.1,6,26549.0,2,5,5,255,Loyal Customers,Cluster_4,4424.83
C1789,232.2,4,9571.0,1,4,3,143,Loyal Customers,Cluster_3,2392.75
C1790,150.9,1,718.0,2,1,1,211,Lost,Cluster_2,718.0
C1791,209.7,4,14912.0,1,4,4,144,Loyal Customers,Cluster_4,3728.0
C1792,43.6,4,14149.0,4,4,4,444,Champions,Cluster_4,3537.25
C1793,41.7,2,6539.0,4,2,2,422,New Customers,Cluster_3,3269.5
C1795,10.1,4,9976.0,5,4,3,543,Loyal Customers,Cluster_1,2494.0
C1796,72.2,4,24150.0,3,4,5,345,Loyal Customers,Cluster_4,6037.5
C1797,182.2,3,5621.0,1,3,2,132,At Risk,Cluster_3,1873.67
C1798,70.2,1,1898.0,3,1,1,311,Potential Loyalists,Cluster_2,1898.0
C1799,22.2,3,6849.0,5,3,2,532,Potential Loyalists,Cluster_1,2283.0
C1800,4.7,7,21428.0,5,5,5,555,Champions,Cluster_1,3061.14
C1801,74.7,3,10625.0,3,3,3,333,Loyal Customers,Cluster_3,3541.67
C1802,10.0,3,10535.0,5,3,3,533,Loyal Customers,Cluster_1,3511.67
C1803,180.9,4,8128.0,1,4,3,143,Loyal Customers,Cluster_3,2032.0
C1804,92.7,2,12268.0,3,2,4,324,Potential Loyalists,Cluster_3,6134.0
C1805,63.4,2,8558.0,3,2,3,323,Potential Loyalists,Cluster_3,4279.0
C1806,8.5,3,6573.0,5,3,2,532,Potential Loyalists,Cluster_1,2191.0
C1807,242.5,1,548.0,1,1,1,111,Lost,Cluster_2,548.0
C1808,9.1,6,31092.0,5,5,5,555,Champions,Cluster_1,5182.0
C1809,20.7,2,6671.0,5,2,2,522,New Customers,Cluster_3,3335.5
C1811,39.2,2,5670.0,4,2,2,422,New Customers,Cluster_3,2835.0
C1812,89.9,6,12529.0,3,5,4,354,Loyal Customers,Cluster_4,2088.17
C1813,16.3,4,6488.0,5,4,2,542,Potential Loyalists,Cluster_1,1622.0
C1814,91.5,3,9635.0,3,3,3,333,Loyal Customers,Cluster_3,3211.67
C1815,134.3,4,12147.0,2,4,4,244,Loyal Customers,Cluster_4,3036.75
C1816,43.4,4,7242.0,4,4,2,442,Potential Loyalists,Cluster_4,1810.5
C1817,24.0,3,2297.0,5,3,1,531,Potential Loyalists,Cluster_3,765.67
C1818,257.3,3,5894.0,1,3,2,132,At Risk,Cluster_3,1964.67
C1819,118.9,4,9805.0,2,4,3,243,Loyal Customers,Cluster_4,2451.25
C1820,45.0,4,21081.0,4,4,5,445,Champions,Cluster_4,5270.25
C1821,134.7,2,2565.0,2,2,1,221,Lost,Cluster_2,1282.5
C1822,229.1,4,6738.0,1,4,2,142,At Risk,Cluster_3,1684.5
C1823,59.9,3,4990.0,3,3,2,332,Potential Loyalists,Cluster_3,1663.33
C1824,62.4,3,10695.0,3,3,3,333,Loyal Customers,Cluster_3,3565.0
C1825,331.7,1,1345.0,1,1,1,111,Lost,Cluster_2,1345.0
C1826,18.9,2,347.0,5,2,1,521,New Customers,Cluster_2,173.5
C1827,15.8,2,4613.0,5,2,2,522,New Customers,Cluster_3,2306.5
C1828,40.2,3,7236.0,4,3,2,432,Potential Loyalists,Cluster_3,2412.0
C1829,142.1,5,31039.0,2,5,5,255,Loyal Customers,Cluster_4,6207.8
C1830,86.0,6,18403.0,3,5,5,355,Loyal Customers,Cluster_4,3067.17
C1831,68.9,7,26445.0,3,5,5,355,Loyal Customers,Cluster_4,3777.86
C1832,101.8,2,5350.0,2,2,2,222,Lost,Cluster_3,2675.0
C1833,2.1,3,3976.0,5,3,1,531,Potential Loyalists,Cluster_1,1325.33
C1834,19.2,11,46543.0,5,5,5,555,Champions,Cluster_4,4231.18
C1835,133.0,4,15224.0,2,4,4,244,Loyal Customers,Cluster_4,3806.0
C1836,12.0,5,12864.0,5,5,4,554,Champions,Cluster_1,2572.8
C1837,80.3,8,28678.0,3,5,5,355,Loyal Customers,Cluster_4,3584.75
C1838,173.7,3,14544.0,1,3,4,134,Loyal Customers,Cluster_3,4848.0
C1839,33.7,1,1348.0,4,1,1,411,New Customers,Cluster_2,1348.0
C1840,134.2,3,8792.0,2,3,3,233,Loyal Customers,Cluster_3,2930.67
C1841,93.1,6,10883.0,3,5,3,353,Loyal Customers,Cluster_4,1813.83
C1843,0.9,3,19286.0,5,3,5,535,Loyal Customers,Cluster_1,6428.67
C1844,66.0,3,4945.0,3,3,2,332,Potential Loyalists,Cluster_3,1648.33
C1845,162.8,1,1597.0,2,1,1,211,Lost,Cluster_2,1597.0
C1846,139.0,4,7025.0,2,4,2,242,At Risk,Cluster_3,1756.25
C1847,25.9,2,4693.0,4,2,2,422,New Customers,Cluster_3,2346.5
C1848,97.8,3,8819.0,3,3,3,333,Loyal Customers,Cluster_3,2939.67
C1849,97.2,1,1948.0,3,1,1,311,Potential Loyalists,Cluster_2,1948.0
C1850,3.0,5,13413.0,5,5,4,554,Champions,Cluster_1,2682.6
C1851,250.2,2,2853.0,1,2,1,121,Lost,Cluster_2,1426.5
C1852,62.1,6,15000.0,3,5,4,354,Loyal Customers,Cluster_4,2500.0
C1853,1.3,9,25751.0,5,5,5,555,Champions,Cluster_1,2861.22
C1856,11.0,6,14961.0,5,5,4,554,Champions,Cluster_1,2493.5
C1857,66.9,5,24829.0,3,5,5,355,Loyal Customers,Cluster_4,4965.8
C1858,128.5,4,16822.0,2,4,5,245,Loyal Customers,Cluster_4,4205.5
C1859,25.4,8,28401.0,4,5,5,455,Champions,Cluster_4,3550.12
C1860,45.7,3,19048.0,4,3,5,435,Loyal Customers,Cluster_4,6349.33
C1861,31.6,4,15586.0,4,4,4,444,Champions,Cluster_4,3896.5
C1862,240.4,4,16101.0,1,4,4,144,Loyal Customers,Cluster_4,4025.25
C1863,24.6,3,19120.0,5,3,5,535,Loyal Customers,Cluster_1,6373.33
C1864,45.2,3,14964.0,4,3,4,434,Loyal Customers,Cluster_4,4988.0
C1865,57.3,5,17727.0,3,5,5,355,Loyal Customers,Cluster_4,3545.4
C1866,23.9,3,7857.0,5,3,3,533,Loyal Customers,Cluster_1,2619.0
C1867,33.4,3,7236.0,4,3,2,432,Potential Loyalists,Cluster_3,2412.0
C1868,109.7,6,36405.0,2,5,5,255,Loyal Customers,Cluster_4,6067.5
C1869,93.3,5,16998.0,3,5,5,355,Loyal Customers,Cluster_4,3399.6
C1870,104.6,3,5071.0,2,3,2,232,At Risk,Cluster_3,1690.33
C1871,33.4,4,17227.0,4,4,5,445,Champions,Cluster_4,4306.75
C1872,20.6,5,16483.0,5,5,5,555,Champions,Cluster_1,3296.6
C1873,172.9,2,4074.0,1,2,1,121,Lost,Cluster_3,2037.0
C1874,229.5,2,4189.0,1,2,2,122,Lost,Cluster_3,2094.5
C1875,139.1,2,2066.0,2,2,1,221,Lost,Cluster_2,1033.0
C1876,149.3,1,8613.0,2,1,3,213,Potential Loyalists,Cluster_3,8613.0
C1877,3.0,5,20309.0,5,5,5,555,Champions,Cluster_1,4061.8
C1878,151.6,3,8038.0,2,3,3,233,Loyal Customers,Cluster_3,2679.33
C1879,233.4,2,7345.0,1,2,2,122,Lost,Cluster_3,3672.5
C1880,25.4,6,22261.0,4,5,5,455,Champions,Cluster_4,3710.17
C1881,268.4,3,5844.0,1,3,2,132,At Risk,Cluster_3,1948.0
C1883,51.1,5,13020.0,4,5,4,454,Champions,Cluster_4,2604.0
C1884,58.9,5,26137.0,3,5,5,355,Loyal Customers,Cluster_4,5227.4
C1885,32.9,2,1296.0,4,2,1,421,New Customers,Cluster_2,648.0
C1886,28.0,5,11312.0,4,5,4,454,Champions,Cluster_4,2262.4
C1887,51.9,2,659.0,4,2,1,421,New Customers,Cluster_2,329.5
C1888,84.8,6,25434.0,3,5,5,355,Loyal Customers,Cluster_4,4239.0
C1889,109.2,4,12998.0,2,4,4,244,Loyal Customers,Cluster_4,3249.5
C1890,52.0,4,6177.0,4,4,2,442,Potential Loyalists,Cluster_4,1544.25
C1891,249.2,1,8224.0,1,1,3,113,Potential Loyalists,Cluster_3,8224.0
C1892,90.5,4,24392.0,3,4,5,345,Loyal Customers,Cluster_4,6098.0
C1893,311.5,2,16018.0,1,2,4,124,Potential Loyalists,Cluster_3,8009.0
C1894,24.9,5,14216.0,4,5,4,454,Champions,Cluster_4,2843.2
C1895,14.6,1,3894.0,5,1,1,511,New Customers,Cluster_3,3894.0
C1896,71.4,2,5494.0,3,2,2,322,Potential Loyalists,Cluster_3,2747.0
C1897,81.3,6,11127.0,3,5,4,354,Loyal Customers,Cluster_4,1854.5
C1898,84.3,2,3158.0,3,2,1,321,Potential Loyalists,Cluster_3,1579.0
C1899,292.3,2,5811.0,1,2,2,122,Lost,Cluster_3,2905.5
C1900,29.2,2,2574.0,4,2,1,421,New Customers,Cluster_3,1287.0
C1901,7.9,5,9843.0,5,5,3,553,Loyal Customers,Cluster_1,1968.6
C1902,104.5,3,21748.0,2,3,5,235,Loyal Customers,Cluster_4,7249.33
C1903,107.4,7,24599.0,2,5,5,255,Loyal Customers,Cluster_4,3514.14
C1904,13.3,1,1155.0,5,1,1,511,New Customers,Cluster_2,1155.0
C1905,154.8,4,10466.0,2,4,3,243,Loyal Customers,Cluster_4,2616.5
C1906,122.6,2,7639.0,2,2,3,223,Potential Loyalists,Cluster_3,3819.5
C1907,86.6,3,5262.0,3,3,2,332,Potential Loyalists,Cluster_3,1754.0
C1908,188.7,2,2274.0,1,2,1,121,Lost,Cluster_2,1137.0
C1909,175.7,2,1748.0,1,2,1,121,Lost,Cluster_2,874.0
C1910,275.2,1,399.0,1,1,1,111,Lost,Cluster_2,399.0
C1911,113.5,6,9607.0,2,5,3,253,Loyal Customers,Cluster_4,1601.17
C1912,121.4,5,15076.0,2,5,4,254,Loyal Customers,Cluster_4,3015.2
C1913,307.6,2,7392.0,1,2,2,122,Lost,Cluster_3,3696.0
C1914,23.0,5,12061.0,5,5,4,554,Champions,Cluster_1,2412.2
C1915,3.5,5,16261.0,5,5,5,555,Champions,Cluster_1,3252.2
C1916,122.7,3,12533.0,2,3,4,234,Loyal Customers,Cluster_3,4177.67
C1917,51.7,2,6455.0,4,2,2,422,New Customers,Cluster_3,3227.5
C1918,78.9,4,9950.0,3,4,3,343,Loyal Customers,Cluster_4,2487.5
C1919,29.1,4,10818.0,4,4,3,443,Loyal Customers,Cluster_4,2704.5
C1920,54.8,3,7575.0,3,3,3,333,Loyal Customers,Cluster_3,2525.0
C1921,20.8,4,14411.0,5,4,4,544,Champions,Cluster_1,3602.75
C1922,135.8,5,9834.0,2,5,3,253,Loyal Customers,Cluster_4,1966.8
C1923,77.2,3,10488.0,3,3,3,333,Loyal Customers,Cluster_3,3496.0
C1924,63.8,6,27232.0,3,5,5,355,Loyal Customers,Cluster_4,4538.67
C1925,22.1,2,685.0,5,2,1,521,New Customers,Cluster_2,342.5
C1927,30.3,6,9248.0,4,5,3,453,Loyal Customers,Cluster_4,1541.33
C1928,24.3,4,16003.0,5,4,4,544,Champions,Cluster_1,4000.75
C1930,145.9,2,9239.0,2,2,3,223,Potential Loyalists,Cluster_3,4619.5
C1931,20.5,1,446.0,5,1,1,511,New Customers,Cluster_2,446.0
C1932,183.6,2,4496.0,1,2,2,122,Lost,Cluster_3,2248.0
C1933,2.1,4,7985.0,5,4,3,543,Loyal Customers,Cluster_1,1996.25
C1934,206.8,1,1997.0,1,1,1,111,Lost,Cluster_2,1997.0
C1935,360.0,1,2475.0,1,1,1,111,Lost,Cluster_2,2475.0
C1936,7.6,4,13980.0,5,4,4,544,Champions,Cluster_1,3495.0
C1937,74.1,2,5273.0,3,2,2,322,Potential Loyalists,Cluster_3,2636.5
C1938,144.5,1,2167.0,2,1,1,211,Lost,Cluster_2,2167.0
C1939,12.3,5,18376.0,5,5,5,555,Champions,Cluster_1,3675.2
C1940,13.5,2,9370.0,5,2,3,523,New Customers,Cluster_1,4685.0
C1941,119.8,6,16588.0,2,5,5,255,Loyal Customers,Cluster_4,2764.67
C1942,141.0,2,13703.0,2,2,4,224,Potential Loyalists,Cluster_3,6851.5
C1943,9.2,5,28965.0,5,5,5,555,Champions,Cluster_1,5793.0
C1944,7.4,2,4544.0,5,2,2,522,New Customers,Cluster_1,2272.0
C1945,107.5,4,15180.0,2,4,4,244,Loyal Customers,Cluster_4,3795.0
C1946,42.7,2,1245.0,4,2,1,421,New Customers,Cluster_2,622.5
C1947,52.0,2,2843.0,4,2,1,421,New Customers,Cluster_3,1421.5
C1948,29.1,3,27561.0,4,3,5,435,Loyal Customers,Cluster_4,9187.0
C1949,38.5,7,26399.0,4,5,5,455,Champions,Cluster_4,3771.29
C1950,27.6,3,10518.0,4,3,3,433,Loyal Customers,Cluster_1,3506.0
C1951,252.1,2,12990.0,1,2,4,124,Potential Loyalists,Cluster_3,6495.0
C1952,43.5,5,9823.0,4,5,3,453,Loyal Customers,Cluster_4,1964.6
C1953,16.4,2,7613.0,5,2,3,523,New Customers,Cluster_1,3806.5
C1954,177.2,3,2424.0,1,3,1,131,At Risk,Cluster_3,808.0
C1955,181.4,4,9510.0,1,4,3,143,Loyal Customers,Cluster_4,2377.5
C1956,91.7,3,6720.0,3,3,2,332,Potential Loyalists,Cluster_3,2240.0
C1957,18.7,4,12185.0,5,4,4,544,Champions,Cluster_1,3046.25
C1958,38.3,8,42389.0,4,5,5,455,Champions,Cluster_4,5298.62
C1959,44.7,5,15413.0,4,5,4,454,Champions,Cluster_4,3082.6
C1960,85.1,2,5744.0,3,2,2,322,Potential Loyalists,Cluster_3,2872.0
C1961,40.2,3,11934.0,4,3,4,434,Loyal Customers,Cluster_4,3978.0
C1962,90.5,4,11818.0,3,4,4,344,Loyal Customers,Cluster_4,2954.5
C1963,23.6,2,7960.0,5,2,3,523,New Customers,Cluster_3,3980.0
C1964,135.2,5,19648.0,2,5,5,255,Loyal Customers,Cluster_4,3929.6
C1965,208.0,1,1843.0,1,1,1,111,Lost,Cluster_2,1843.0
C1966,75.0,4,8338.0,3,4,3,343,Loyal Customers,Cluster_4,2084.5
C1967,30.6,1,129.0,4,1,1,411,New Customers,Cluster_2,129.0
C1968,19.0,6,14597.0,5,5,4,554,Champions,Cluster_1,2432.83
C1969,128.6,5,13365.0,2,5,4,254,Loyal Customers,Cluster_4,2673.0
C1970,89.9,3,11478.0,3,3,4,334,Loyal Customers,Cluster_3,3826.0
C1971,36.1,3,11227.0,4,3,4,434,Loyal Customers,Cluster_4,3742.33
C1972,4.8,2,2174.0,5,2,1,521,New Customers,Cluster_1,1087.0
C1973,69.4,2,2004.0,3,2,1,321,Potential Loyalists,Cluster_2,1002.0
C1974,236.7,2,3782.0,1,2,1,121,Lost,Cluster_3,1891.0
C1975,21.3,5,32829.0,5,5,5,555,Champions,Cluster_4,6565.8
C1976,148.3,5,13534.0,2,5,4,254,Loyal Customers,Cluster_4,2706.8
C1977,5.7,5,10328.0,5,5,3,553,Loyal Customers,Cluster_1,2065.6
C1978,119.5,2,6452.0,2,2,2,222,Lost,Cluster_3,3226.0
C1979,93.2,4,9068.0,3,4,3,343,Loyal Customers,Cluster_4,2267.0
C1980,162.4,2,3646.0,2,2,1,221,Lost,Cluster_3,1823.0
C1981,61.2,1,3325.0,3,1,1,311,Potential Loyalists,Cluster_2,3325.0
C1982,32.8,3,7738.0,4,3,3,433,Loyal Customers,Cluster_3,2579.33
C1983,248.4,2,2004.0,1,2,1,121,Lost,Cluster_2,1002.0
C1984,183.0,1,6095.0,1,1,2,112,Lost,Cluster_3,6095.0
C1985,167.7,5,8818.0,1,5,3,153,Loyal Customers,Cluster_4,1763.6
C1986,43.4,6,13025.0,4,5,4,454,Champions,Cluster_4,2170.83
C1987,9.4,4,13862.0,5,4,4,544,Champions,Cluster_1,3465.5
C1988,47.6,7,27549.0,4,5,5,455,Champions,Cluster_4,3935.57
C1989,179.6,5,14562.0,1,5,4,154,Loyal Customers,Cluster_4,2912.4
C1990,173.8,2,4424.0,1,2,2,122,Lost,Cluster_3,2212.0
C1991,21.9,5,12853.0,5,5,4,554,Champions,Cluster_1,2570.6
C1992,42.4,4,12800.0,4,4,4,444,Champions,Cluster_4,3200.0
C1993,296.6,1,1166.0,1,1,1,111,Lost,Cluster_2,1166.0
C1994,85.6,2,18019.0,3,2,5,325,Potential Loyalists,Cluster_3,9009.5
C1995,61.5,2,6333.0,3,2,2,322,Potential Loyalists,Cluster_3,3166.5
C1996,82.1,2,9142.0,3,2,3,323,Potential Loyalists,Cluster_3,4571.0
C1997,30.9,3,7414.0,4,3,2,432,Potential Loyalists,Cluster_3,2471.33
C1998,78.3,2,7402.0,3,2,2,322,Potential Loyalists,Cluster_3,3701.0
C1999,278.8,1,349.0,1,1,1,111,Lost,Cluster_2,349.0
C2000,120.7,2,8912.0,2,2,3,223,Potential Loyalists,Cluster_3,4456.0
C2001,111.2,4,7085.0,2,4,2,242,At Risk,Cluster_3,1771.25
C2002,92.6,3,7506.0,3,3,3,333,Loyal Customers,Cluster_3,2502.0
C2003,162.4,1,5224.0,2,1,2,212,Lost,Cluster_3,5224.0
C2004,43.9,3,14512.0,4,3,4,434,Loyal Customers,Cluster_4,4837.33
C2005,165.2,4,12827.0,1,4,4,144,Loyal Customers,Cluster_4,3206.75
C2006,167.6,1,4644.0,1,1,2,112,Lost,Cluster_2,4644.0
C2007,183.3,3,7879.0,1,3,3,133,Loyal Customers,Cluster_3,2626.33
C2008,25.8,6,16268.0,4,5,5,455,Champions,Cluster_4,2711.33
C2009,75.1,2,4346.0,3,2,2,322,Potential Loyalists,Cluster_3,2173.0
C2010,122.1,2,12136.0,2,2,4,224,Potential Loyalists,Cluster_3,6068.0
C2011,4.8,2,3995.0,5,2,1,521,New Customers,Cluster_1,1997.5
C2013,63.7,4,6928.0,3,4,2,342,Potential Loyalists,Cluster_4,1732.0
C2014,76.6,5,18133.0,3,5,5,355,Loyal Customers,Cluster_4,3626.6
C2015,133.1,5,13711.0,2,5,4,254,Loyal Customers,Cluster_4,2742.2
C2017,133.5,2,8099.0,2,2,3,223,Potential Loyalists,Cluster_3,4049.5
C2018,12.3,1,2596.0,5,1,1,511,New Customers,Cluster_2,2596.0
C2019,129.1,5,11302.0,2,5,4,254,Loyal Customers,Cluster_4,2260.4
C2020,11.2,7,28448.0,5,5,5,555,Champions,Cluster_1,4064.0
C2021,265.8,2,9091.0,1,2,3,123,Potential Loyalists,Cluster_3,4545.5
C2022,121.8,1,2615.0,2,1,1,211,Lost,Cluster_2,2615.0
C2023,252.0,2,6480.0,1,2,2,122,Lost,Cluster_3,3240.0
C2024,74.1,2,7960.0,3,2,3,323,Potential Loyalists,Cluster_3,3980.0
C2025,20.1,2,7891.0,5,2,3,523,New Customers,Cluster_3,3945.5
C2026,31.2,6,12727.0,4,5,4,454,Champions,Cluster_4,2121.17
C2027,133.8,4,12205.0,2,4,4,244,Loyal Customers,Cluster_4,3051.25
C2028,224.5,3,12731.0,1,3,4,134,Loyal Customers,Cluster_3,4243.67
C2029,13.3,5,12794.0,5,5,4,554,Champions,Cluster_1,2558.8
C2030,2.1,6,30052.0,5,5,5,555,Champions,Cluster_1,5008.67
C2031,29.2,3,11313.0,4,3,4,434,Loyal Customers,Cluster_1,3771.0
C2032,171.0,3,3847.0,1,3,1,131,At Risk,Cluster_3,1282.33
C2033,100.2,4,8234.0,2,4,3,243,Loyal Customers,Cluster_4,2058.5
C2034,112.0,2,4760.0,2,2,2,222,Lost,Cluster_3,2380.0
C2035,2.1,4,16552.0,5,4,5,545,Champions,Cluster_1,4138.0
C2036,154.5,2,10193.0,2,2,3,223,Potential Loyalists,Cluster_3,5096.5
C2037,218.7,1,699.0,1,1,1,111,Lost,Cluster_2,699.0
C2038,75.7,5,13297.0,3,5,4,354,Loyal Customers,Cluster_4,2659.4
C2039,107.1,2,865.0,2,2,1,221,Lost,Cluster_2,432.5
C2040,31.6,6,14952.0,4,5,4,454,Champions,Cluster_4,2492.0
C2041,50.3,4,16029.0,4,4,4,444,Champions,Cluster_4,4007.25
C2042,18.0,3,8126.0,5,3,3,533,Loyal Customers,Cluster_1,2708.67
C2043,7.6,3,6709.0,5,3,2,532,Potential Loyalists,Cluster_1,2236.33
C2044,57.5,5,16359.0,3,5,5,355,Loyal Customers,Cluster_4,3271.8
C2045,29.1,7,36602.0,4,5,5,455,Champions,Cluster_4,5228.86
C2046,358.6,2,1965.0,1,2,1,121,Lost,Cluster_2,982.5
C2047,166.0,1,468.0,1,1,1,111,Lost,Cluster_2,468.0
C2048,112.7,1,2747.0,2,1,1,211,Lost,Cluster_2,2747.0
C2049,1.3,4,6803.0,5,4,2,542,Potential Loyalists,Cluster_1,1700.75
C2050,15.9,4,10321.0,5,4,3,543,Loyal Customers,Cluster_1,2580.25
C2051,167.3,1,848.0,1,1,1,111,Lost,Cluster_2,848.0
C2052,2.0,2,9715.0,5,2,3,523,New Customers,Cluster_1,4857.5
C2053,79.0,3,6140.0,3,3,2,332,Potential Loyalists,Cluster_3,2046.67
C2054,85.0,3,10491.0,3,3,3,333,Loyal Customers,Cluster_3,3497.0
C2055,107.9,3,12661.0,2,3,4,234,Loyal Customers,Cluster_3,4220.33
C2056,202.5,3,6491.0,1,3,2,132,At Risk,Cluster_3,2163.67
C2057,27.1,4,13721.0,4,4,4,444,Champions,Cluster_4,3430.25
C2058,177.6,4,11196.0,1,4,4,144,Loyal Customers,Cluster_4,2799.0
C2059,36.8,2,2421.0,4,2,1,421,New Customers,Cluster_3,1210.5
C2060,49.6,8,34253.0,4,5,5,455,Champions,Cluster_4,4281.62
C2061,186.9,3,8939.0,1,3,3,133,Loyal Customers,Cluster_3,2979.67
C2062,30.3,7,28273.0,4,5,5,455,Champions,Cluster_4,4039.0
C2063,141.8,4,11380.0,2,4,4,244,Loyal Customers,Cluster_4,2845.0
C2064,276.4,2,4269.0,1,2,2,122,Lost,Cluster_3,2134.5
C2065,0.4,4,11671.0,5,4,4,544,Champions,Cluster_1,2917.75
C2066,11.0,1,1757.0,5,1,1,511,New Customers,Cluster_2,1757.0
C2067,148.2,4,9138.0,2,4,3,243,Loyal Customers,Cluster_4,2284.5
C2068,51.1,5,13966.0,4,5,4,454,Champions,Cluster_4,2793.2
C2069,154.3,3,5551.0,2,3,2,232,At Risk,Cluster_3,1850.33
C2070,46.6,4,14865.0,4,4,4,444,Champions,Cluster_4,3716.25
C2071,5.4,3,11821.0,5,3,4,534,Loyal Customers,Cluster_1,3940.33
C2072,60.2,6,7307.0,3,5,2,352,Potential Loyalists,Cluster_4,1217.83
C2073,97.8,3,9317.0,3,3,3,333,Loyal Customers,Cluster_3,3105.67
C2074,51.9,1,258.0,4,1,1,411,New Customers,Cluster_2,258.0
C2075,21.5,8,13710.0,5,5,4,554,Champions,Cluster_4,1713.75
C2076,70.8,2,1467.0,3,2,1,321,Potential Loyalists,Cluster_2,733.5
C2077,134.5,3,12230.0,2,3,4,234,Loyal Customers,Cluster_3,4076.67
C2078,88.5,2,3701.0,3,2,1,321,Potential Loyalists,Cluster_3,1850.5
C2079,191.7,2,10291.0,1,2,3,123,Potential Loyalists,Cluster_3,5145.5
C2080,40.6,8,14502.0,4,5,4,454,Champions,Cluster_4,1812.75
C2081,65.6,1,2894.0,3,1,1,311,Potential Loyalists,Cluster_2,2894.0
C2082,39.7,5,12151.0,4,5,4,454,Champions,Cluster_4,2430.2
C2083,179.9,1,2646.0,1,1,1,111,Lost,Cluster_2,2646.0
C2084,8.2,2,4141.0,5,2,1,521,New Customers,Cluster_1,2070.5
C2085,16.5,3,12461.0,5,3,4,534,Loyal Customers,Cluster_1,4153.67
C2086,89.8,2,3395.0,3,2,1,321,Potential Loyalists,Cluster_3,1697.5
C2088,59.9,5,6689.0,3,5,2,352,Potential Loyalists,Cluster_4,1337.8
C2089,106.2,6,17638.0,2,5,5,255,Loyal Customers,Cluster_4,2939.67
C2090,289.7,1,1975.0,1,1,1,111,Lost,Cluster_2,1975.0
C2091,53.8,7,19680.0,3,5,5,355,Loyal Customers,Cluster_4,2811.43
C2093,56.0,1,3148.0,3,1,1,311,Potential Loyalists,Cluster_2,3148.0
C2094,321.6,1,99.0,1,1,1,111,Lost,Cluster_2,99.0
C2095,106.2,5,23681.0,2,5,5,255,Loyal Customers,Cluster_4,4736.2
C2096,71.4,4,5465.0,3,4,2,342,Potential Loyalists,Cluster_3,1366.25
C2097,83.5,3,6626.0,3,3,2,332,Potential Loyalists,Cluster_3,2208.67
C2098,236.8,1,9338.0,1,1,3,113,Potential Loyalists,Cluster_3,9338.0
C2099,11.1,6,13091.0,5,5,4,554,Champions,Cluster_1,2181.83
C2100,45.3,6,13053.0,4,5,4,454,Champions,Cluster_4,2175.5
C2101,105.8,1,2632.0,2,1,1,211,Lost,Cluster_2,2632.0
C2102,37.3,5,24790.0,4,5,5,455,Champions,Cluster_4,4958.0
C2103,34.8,5,18434.0,4,5,5,455,Champions,Cluster_4,3686.8
C2104,78.4,2,1697.0,3,2,1,321,Potential Loyalists,Cluster_2,848.5
C2106,48.7,4,14308.0,4,4,4,444,Champions,Cluster_4,3577.0
C2107,102.9,5,7343.0,2,5,2,252,At Risk,Cluster_4,1468.6
C2108,36.1,4,25846.0,4,4,5,445,Champions,Cluster_4,6461.5
C2109,324.2,1,8671.0,1,1,3,113,Potential Loyalists,Cluster_3,8671.0
C2110,128.1,2,7192.0,2,2,2,222,Lost,Cluster_3,3596.0
C2111,191.4,6,25646.0,1,5,5,155,Loyal Customers,Cluster_4,4274.33
C2112,47.0,2,9889.0,4,2,3,423,New Customers,Cluster_3,4944.5
C2113,29.6,6,15306.0,4,5,4,454,Champions,Cluster_4,2551.0
C2114,99.5,3,4843.0,2,3,2,232,At Risk,Cluster_3,1614.33
C2115,5.7,4,11834.0,5,4,4,544,Champions,Cluster_1,2958.5
C2116,249.8,4,10990.0,1,4,3,143,Loyal Customers,Cluster_4,2747.5
C2117,155.5,2,12786.0,2,2,4,224,Potential Loyalists,Cluster_3,6393.0
C2118,77.0,4,12335.0,3,4,4,344,Loyal Customers,Cluster_4,3083.75
C2119,59.7,3,3184.0,3,3,1,331,Potential Loyalists,Cluster_3,1061.33
C2120,61.4,5,12323.0,3,5,4,354,Loyal Customers,Cluster_4,2464.6
C2121,277.2,2,23593.0,1,2,5,125,Potential Loyalists,Cluster_3,11796.5
C2122,229.3,4,19594.0,1,4,5,145,Loyal Customers,Cluster_4,4898.5
C2123,248.1,1,2626.0,1,1,1,111,Lost,Cluster_2,2626.0
C2124,0.5,3,5708.0,5,3,2,532,Potential Loyalists,Cluster_1,1902.67
C2125,149.5,3,11548.0,2,3,4,234,Loyal Customers,Cluster_3,3849.33
C2126,103.6,3,8701.0,2,3,3,233,Loyal Customers,Cluster_3,2900.33
C2127,97.0,3,7542.0,3,3,3,333,Loyal Customers,Cluster_3,2514.0
C2128,83.0,7,28025.0,3,5,5,355,Loyal Customers,Cluster_4,4003.57
C2129,87.3,8,25933.0,3,5,5,355,Loyal Customers,Cluster_4,3241.62
C2130,187.9,2,9318.0,1,2,3,123,Potential Loyalists,Cluster_3,4659.0
C2131,61.2,3,6203.0,3,3,2,332,Potential Loyalists,Cluster_3,2067.67
C2132,73.7,5,14640.0,3,5,4,354,Loyal Customers,Cluster_4,2928.0
C2133,224.5,3,7774.0,1,3,3,133,Loyal Customers,Cluster_3,2591.33
C2134,75.7,4,18089.0,3,4,5,345,Loyal Customers,Cluster_4,4522.25
C2135,3.4,2,5794.0,5,2,2,522,New Customers,Cluster_1,2897.0
C2136,43.5,4,24434.0,4,4,5,445,Champions,Cluster_4,6108.5
C2137,136.5,1,1348.0,2,1,1,211,Lost,Cluster_2,1348.0
C2138,116.5,2,2011.0,2,2,1,221,Lost,Cluster_2,1005.5
C2139,169.2,2,7800.0,1,2,3,123,Potential Loyalists,Cluster_3,3900.0
C2140,194.2,2,7805.0,1,2,3,123,Potential Loyalists,Cluster_3,3902.5
C2141,125.4,3,12518.0,2,3,4,234,Loyal Customers,Cluster_3,4172.67
C2142,117.9,3,6952.0,2,3,2,232,At Risk,Cluster_3,2317.33
C2143,250.8,1,258.0,1,1,1,111,Lost,Cluster_2,258.0
C2144,32.1,3,9855.0,4,3,3,433,Loyal Customers,Cluster_3,3285.0
C2145,130.3,1,3997.0,2,1,1,211,Lost,Cluster_2,3997.0
C2147,86.4,3,5625.0,3,3,2,332,Potential Loyalists,Cluster_3,1875.0
C2148,128.3,3,4341.0,2,3,2,232,At Risk,Cluster_3,1447.0
C2149,107.3,5,25240.0,2,5,5,255,Loyal Customers,Cluster_4,5048.0
C2150,70.8,2,5090.0,3,2,2,322,Potential Loyalists,Cluster_3,2545.0
C2151,62.8,6,11333.0,3,5,4,354,Loyal Customers,Cluster_4,1888.83
C2153,161.6,3,13839.0,2,3,4,234,Loyal Customers,Cluster_3,4613.0
C2154,124.6,2,8728.0,2,2,3,223,Potential Loyalists,Cluster_3,4364.0
C2155,165.5,1,4045.0,1,1,1,111,Lost,Cluster_2,4045.0
C2156,145.5,3,4972.0,2,3,2,232,At Risk,Cluster_3,1657.33
C2157,107.6,3,5312.0,2,3,2,232,At Risk,Cluster_3,1770.67
C2158,35.3,3,13549.0,4,3,4,434,Loyal Customers,Cluster_4,4516.33
C2159,17.7,3,8955.0,5,3,3,533,Loyal Customers,Cluster_1,2985.0
C2160,52.9,3,15705.0,4,3,4,434,Loyal Customers,Cluster_4,5235.0
C2161,210.7,1,99.0,1,1,1,111,Lost,Cluster_2,99.0
C2162,49.4,3,13313.0,4,3,4,434,Loyal Customers,Cluster_4,4437.67
C2163,68.2,3,5451.0,3,3,2,332,Potential Loyalists,Cluster_3,1817.0
C2164,32.1,3,10765.0,4,3,3,433,Loyal Customers,Cluster_4,3588.33
C2165,8.1,7,17970.0,5,5,5,555,Champions,Cluster_1,2567.14
C2166,352.9,1,5194.0,1,1,2,112,Lost,Cluster_2,5194.0
C2167,55.3,7,17652.0,3,5,5,355,Loyal Customers,Cluster_4,2521.71
C2168,53.7,2,465.0,3,2,1,321,Potential Loyalists,Cluster_2,232.5
C2169,63.7,7,17270.0,3,5,5,355,Loyal Customers,Cluster_4,2467.14
C2170,7.1,2,6195.0,5,2,2,522,New Customers,Cluster_1,3097.5
C2171,56.3,2,5553.0,3,2,2,322,Potential Loyalists,Cluster_3,2776.5
C2172,52.6,1,198.0,4,1,1,411,New Customers,Cluster_2,198.0
C2173,172.4,4,16259.0,1,4,5,145,Loyal Customers,Cluster_4,4064.75
C2174,94.1,5,23278.0,3,5,5,355,Loyal Customers,Cluster_4,4655.6
C2175,53.3,1,917.0,4,1,1,411,New Customers,Cluster_2,917.0
C2176,31.8,3,8019.0,4,3,3,433,Loyal Customers,Cluster_3,2673.0
C2177,64.9,4,9031.0,3,4,3,343,Loyal Customers,Cluster_4,2257.75
C2178,16.5,4,19993.0,5,4,5,545,Champions,Cluster_1,4998.25
C2179,90.9,5,10196.0,3,5,3,353,Loyal Customers,Cluster_4,2039.2
C2180,119.1,1,349.0,2,1,1,211,Lost,Cluster_2,349.0
C2181,16.1,3,8348.0,5,3,3,533,Loyal Customers,Cluster_1,2782.67
C2182,61.7,5,13011.0,3,5,4,354,Loyal Customers,Cluster_4,2602.2
C2184,6.1,5,25429.0,5,5,5,555,Champions,Cluster_1,5085.8
C2185,55.9,4,10292.0,3,4,3,343,Loyal Customers,Cluster_4,2573.0
C2186,220.6,3,6798.0,1,3,2,132,At Risk,Cluster_3,2266.0
C2187,182.5,2,6843.0,1,2,2,122,Lost,Cluster_3,3421.5
C2188,20.8,4,11105.0,5,4,4,544,Champions,Cluster_1,2776.25
C2189,104.2,2,5443.0,2,2,2,222,Lost,Cluster_3,2721.5
C2190,153.7,2,12178.0,2,2,4,224,Potential Loyalists,Cluster_3,6089.0
C2191,256.7,1,5034.0,1,1,2,112,Lost,Cluster_2,5034.0
C2192,15.5,5,22644.0,5,5,5,555,Champions,Cluster_1,4528.8
C2193,78.9,5,15211.0,3,5,4,354,Loyal Customers,Cluster_4,3042.2
C2194,117.2,3,15069.0,2,3,4,234,Loyal Customers,Cluster_3,5023.0
C2195,30.7,3,7368.0,4,3,2,432,Potential Loyalists,Cluster_3,2456.0
C2196,78.0,3,11392.0,3,3,4,334,Loyal Customers,Cluster_3,3797.33
C2197,212.8,2,4057.0,1,2,1,121,Lost,Cluster_3,2028.5
C2198,279.6,1,2897.0,1,1,1,111,Lost,Cluster_2,2897.0
C2199,45.9,6,18322.0,4,5,5,455,Champions,Cluster_4,3053.67
C2200,34.5,3,7291.0,4,3,2,432,Potential Loyalists,Cluster_3,2430.33
C2201,131.5,1,1726.0,2,1,1,211,Lost,Cluster_2,1726.0
C2202,306.2,1,1199.0,1,1,1,111,Lost,Cluster_2,1199.0
C2203,30.7,7,19826.0,4,5,5,455,Champions,Cluster_4,2832.29
C2204,37.3,5,17147.0,4,5,5,455,Champions,Cluster_4,3429.4
C2205,228.8,2,6341.0,1,2,2,122,Lost,Cluster_3,3170.5
C2206,156.6,3,13488.0,2,3,4,234,Loyal Customers,Cluster_3,4496.0
C2207,54.2,5,6695.0,3,5,2,352,Potential Loyalists,Cluster_4,1339.0
C2208,7.2,5,8041.0,5,5,3,553,Loyal Customers,Cluster_1,1608.2
C2209,7.1,4,19831.0,5,4,5,545,Champions,Cluster_1,4957.75
C2210,96.6,4,15487.0,3,4,4,344,Loyal Customers,Cluster_4,3871.75
C2211,28.0,5,14064.0,4,5,4,454,Champions,Cluster_4,2812.8
C2212,45.3,3,22735.0,4,3,5,435,Loyal Customers,Cluster_4,7578.33
C2213,177.9,4,13984.0,1,4,4,144,Loyal Customers,Cluster_4,3496.0
C2214,0.4,3,20089.0,5,3,5,535,Loyal Customers,Cluster_1,6696.33
C2215,9.8,7,15117.0,5,5,4,554,Champions,Cluster_1,2159.57
C2216,29.2,7,21785.0,4,5,5,455,Champions,Cluster_4,3112.14
C2217,79.5,5,26549.0,3,5,5,355,Loyal Customers,Cluster_4,5309.8
C2218,15.0,4,9044.0,5,4,3,543,Loyal Customers,Cluster_1,2261.0
C2219,198.7,3,9267.0,1,3,3,133,Loyal Customers,Cluster_3,3089.0
C2220,339.0,1,3042.0,1,1,1,111,Lost,Cluster_2,3042.0
C2221,4.1,3,14365.0,5,3,4,534,Loyal Customers,Cluster_1,4788.33
C2222,13.5,3,10190.0,5,3,3,533,Loyal Customers,Cluster_1,3396.67
C2223,254.9,1,3397.0,1,1,1,111,Lost,Cluster_2,3397.0
C2224,29.5,3,5861.0,4,3,2,432,Potential Loyalists,Cluster_3,1953.67
C2225,61.9,3,1763.0,3,3,1,331,Potential Loyalists,Cluster_3,587.67
C2226,47.5,5,8962.0,4,5,3,453,Loyal Customers,Cluster_4,1792.4
C2228,14.7,3,7088.0,5,3,2,532,Potential Loyalists,Cluster_1,2362.67
C2229,228.5,2,7722.0,1,2,3,123,Potential Loyalists,Cluster_3,3861.0
C2230,26.7,5,18323.0,4,5,5,455,Champions,Cluster_4,3664.6
C2231,200.4,3,6113.0,1,3,2,132,At Risk,Cluster_3,2037.67
C2232,61.8,2,3796.0,3,2,1,321,Potential Loyalists,Cluster_3,1898.0
C2233,102.7,4,9519.0,2,4,3,243,Loyal Customers,Cluster_4,2379.75
C2234,110.5,3,10068.0,2,3,3,233,Loyal Customers,Cluster_3,3356.0
C2235,9.3,6,7484.0,5,5,2,552,Potential Loyalists,Cluster_1,1247.33
C2236,242.7,3,3203.0,1,3,1,131,At Risk,Cluster_3,1067.67
C2237,144.1,2,6689.0,2,2,2,222,Lost,Cluster_3,3344.5
C2238,78.0,3,9079.0,3,3,3,333,Loyal Customers,Cluster_3,3026.33
C2239,49.4,2,5932.0,4,2,2,422,New Customers,Cluster_3,2966.0
C2240,58.5,4,13977.0,3,4,4,344,Loyal Customers,Cluster_4,3494.25
C2241,12.3,5,9551.0,5,5,3,553,Loyal Customers,Cluster_1,1910.2
C2242,16.0,2,5096.0,5,2,2,522,New Customers,Cluster_1,2548.0
C2243,26.2,8,16138.0,4,5,4,454,Champions,Cluster_4,2017.25
C2244,4.7,2,5464.0,5,2,2,522,New Customers,Cluster_1,2732.0
C2245,145.0,3,11032.0,2,3,3,233,Loyal Customers,Cluster_3,3677.33
C2246,4.3,6,22588.0,5,5,5,555,Champions,Cluster_1,3764.67
C2247,17.2,2,6072.0,5,2,2,522,New Customers,Cluster_3,3036.0
C2248,270.4,3,5094.0,1,3,2,132,At Risk,Cluster_3,1698.0
C2249,241.7,2,5019.0,1,2,2,122,Lost,Cluster_3,2509.5
C2250,42.0,4,13589.0,4,4,4,444,Champions,Cluster_4,3397.25
C2251,131.9,5,23283.0,2,5,5,255,Loyal Customers,Cluster_4,4656.6
C2252,191.3,6,19193.0,1,5,5,155,Loyal Customers,Cluster_4,3198.83
C2253,0.5,3,11267.0,5,3,4,534,Loyal Customers,Cluster_1,3755.67
C2254,89.0,5,11264.0,3,5,4,354,Loyal Customers,Cluster_4,2252.8
C2255,14.1,4,14910.0,5,4,4,544,Champions,Cluster_1,3727.5
C2256,209.6,2,8141.0,1,2,3,123,Potential Loyalists,Cluster_3,4070.5
C2257,32.3,2,3952.0,4,2,1,421,New Customers,Cluster_3,1976.0
C2258,217.9,1,1084.0,1,1,1,111,Lost,Cluster_2,1084.0
C2259,55.7,3,9044.0,3,3,3,333,Loyal Customers,Cluster_3,3014.67
C2260,64.7,4,10074.0,3,4,3,343,Loyal Customers,Cluster_4,2518.5
C2261,31.2,2,7523.0,4,2,3,423,New Customers,Cluster_3,3761.5
C2262,192.2,5,17628.0,1,5,5,155,Loyal Customers,Cluster_4,3525.6
C2263,83.8,3,6151.0,3,3,2,332,Potential Loyalists,Cluster_3,2050.33
C2264,100.3,4,5514.0,2,4,2,242,At Risk,Cluster_3,1378.5
C2265,26.4,4,21471.0,4,4,5,445,Champions,Cluster_4,5367.75
C2266,7.8,4,19962.0,5,4,5,545,Champions,Cluster_1,4990.5
C2267,194.6,7,25581.0,1,5,5,155,Loyal Customers,Cluster_4,3654.43
C2268,70.9,2,10043.0,3,2,3,323,Potential Loyalists,Cluster_3,5021.5
C2270,202.2,4,18503.0,1,4,5,145,Loyal Customers,Cluster_4,4625.75
C2271,8.0,4,8149.0,5,4,3,543,Loyal Customers,Cluster_1,2037.25
C2272,359.8,1,9188.0,1,1,3,113,Potential Loyalists,Cluster_3,9188.0
C2273,80.1,9,19479.0,3,5,5,355,Loyal Customers,Cluster_4,2164.33
C2274,80.4,5,7250.0,3,5,2,352,Potential Loyalists,Cluster_4,1450.0
C2275,16.1,5,19993.0,5,5,5,555,Champions,Cluster_1,3998.6
C2276,8.8,6,15359.0,5,5,4,554,Champions,Cluster_1,2559.83
C2277,118.4,2,3944.0,2,2,1,221,Lost,Cluster_3,1972.0
C2278,151.8,4,25600.0,2,4,5,245,Loyal Customers,Cluster_4,6400.0
C2279,65.7,4,6342.0,3,4,2,342,Potential Loyalists,Cluster_4,1585.5
C2280,89.3,2,4369.0,3,2,2,322,Potential Loyalists,Cluster_3,2184.5
C2281,28.0,5,16761.0,4,5,5,455,Champions,Cluster_4,3352.2
C2282,78.9,3,7902.0,3,3,3,333,Loyal Customers,Cluster_3,2634.0
C2283,49.4,3,18492.0,4,3,5,435,Loyal Customers,Cluster_4,6164.0
C2284,15.5,4,11195.0,5,4,4,544,Champions,Cluster_1,2798.75
C2285,38.0,2,10315.0,4,2,3,423,New Customers,Cluster_3,5157.5
C2286,20.0,5,9147.0,5,5,3,553,Loyal Customers,Cluster_1,1829.4
C2287,174.7,3,3032.0,1,3,1,131,At Risk,Cluster_3,1010.67
C2288,314.8,1,2816.0,1,1,1,111,Lost,Cluster_2,2816.0
C2289,140.7,3,4462.0,2,3,2,232,At Risk,Cluster_3,1487.33
C2290,185.3,2,4944.0,1,2,2,122,Lost,Cluster_3,2472.0
C2291,51.6,5,15022.0,4,5,4,454,Champions,Cluster_4,3004.4
C2292,29.1,3,7164.0,4,3,2,432,Potential Loyalists,Cluster_3,2388.0
C2293,61.7,2,12738.0,3,2,4,324,Potential Loyalists,Cluster_3,6369.0
C2294,24.2,9,31075.0,5,5,5,555,Champions,Cluster_4,3452.78
C2295,22.3,2,4926.0,5,2,2,522,New Customers,Cluster_3,2463.0
C2296,29.1,5,23975.0,4,5,5,455,Champions,Cluster_4,4795.0
C2297,58.6,3,5290.0,3,3,2,332,Potential Loyalists,Cluster_3,1763.33
C2298,24.5,4,11791.0,5,4,4,544,Champions,Cluster_1,2947.75
C2299,27.2,5,21146.0,4,5,5,455,Champions,Cluster_4,4229.2
C2300,341.6,1,699.0,1,1,1,111,Lost,Cluster_2,699.0
C2301,153.4,3,7241.0,2,3,2,232,At Risk,Cluster_3,2413.67
C2302,146.4,5,15996.0,2,5,4,254,Loyal Customers,Cluster_4,3199.2
C2303,27.1,3,15646.0,4,3,4,434,Loyal Customers,Cluster_1,5215.33
C2304,50.2,2,4894.0,4,2,2,422,New Customers,Cluster_3,2447.0
C2305,6.3,7,22760.0,5,5,5,555,Champions,Cluster_1,3251.43
C2306,115.5,3,10121.0,2,3,3,233,Loyal Customers,Cluster_3,3373.67
C2307,131.2,3,4041.0,2,3,1,231,At Risk,Cluster_3,1347.0
C2308,194.3,1,3670.0,1,1,1,111,Lost,Cluster_2,3670.0
C2309,31.3,3,3924.0,4,3,1,431,Potential Loyalists,Cluster_3,1308.0
C2310,143.8,3,7723.0,2,3,3,233,Loyal Customers,Cluster_3,2574.33
C2311,48.9,2,9485.0,4,2,3,423,New Customers,Cluster_3,4742.5
C2312,146.6,3,2410.0,2,3,1,231,At Risk,Cluster_3,803.33
C2313,263.0,2,756.0,1,2,1,121,Lost,Cluster_2,378.0
C2314,227.3,3,5539.0,1,3,2,132,At Risk,Cluster_3,1846.33
C2315,2.9,4,12746.0,5,4,4,544,Champions,Cluster_1,3186.5
C2316,0.1,4,20806.0,5,4,5,545,Champions,Cluster_1,5201.5
C2317,13.5,3,6112.0,5,3,2,532,Potential Loyalists,Cluster_1,2037.33
C2318,32.5,8,19285.0,4,5,5,455,Champions,Cluster_4,2410.62
C2319,69.7,5,11275.0,3,5,4,354,Loyal Customers,Cluster_4,2255.0
C2320,62.1,5,13339.0,3,5,4,354,Loyal Customers,Cluster_4,2667.8
C2321,122.2,2,5908.0,2,2,2,222,Lost,Cluster_3,2954.0
C2322,11.4,3,9175.0,5,3,3,533,Loyal Customers,Cluster_1,3058.33
C2324,4.0,3,7171.0,5,3,2,532,Potential Loyalists,Cluster_1,2390.33
C2325,11.7,1,129.0,5,1,1,511,New Customers,Cluster_2,129.0
C2328,23.9,3,5294.0,5,3,2,532,Potential Loyalists,Cluster_1,1764.67
C2329,150.6,3,14179.0,2,3,4,234,Loyal Customers,Cluster_3,4726.33
C2330,41.2,4,17373.0,4,4,5,445,Champions,Cluster_4,4343.25
C2331,37.4,4,11166.0,4,4,4,444,Champions,Cluster_4,2791.5
C2332,5.9,4,8176.0,5,4,3,543,Loyal Customers,Cluster_1,2044.0
C2334,276.4,1,8359.0,1,1,3,113,Potential Loyalists,Cluster_3,8359.0
C2335,52.4,2,1544.0,4,2,1,421,New Customers,Cluster_2,772.0
C2336,168.9,6,17072.0,1,5,5,155,Loyal Customers,Cluster_4,2845.33
C2337,76.7,4,11034.0,3,4,3,343,Loyal Customers,Cluster_4,2758.5
C2338,142.2,2,8989.0,2,2,3,223,Potential Loyalists,Cluster_3,4494.5
C2339,1.0,5,8170.0,5,5,3,553,Loyal Customers,Cluster_1,1634.0
C2340,45.1,2,1396.0,4,2,1,421,New Customers,Cluster_2,698.0
C2341,48.8,3,10434.0,4,3,3,433,Loyal Customers,Cluster_3,3478.0
C2342,114.2,3,2640.0,2,3,1,231,At Risk,Cluster_3,880.0
C2343,3.5,5,19503.0,5,5,5,555,Champions,Cluster_1,3900.6
C2344,79.5,1,8159.0,3,1,3,313,Potential Loyalists,Cluster_3,8159.0
C2345,3.7,2,2065.0,5,2,1,521,New Customers,Cluster_1,1032.5
C2346,65.0,4,7959.0,3,4,3,343,Loyal Customers,Cluster_4,1989.75
C2347,135.1,4,14260.0,2,4,4,244,Loyal Customers,Cluster_4,3565.0
C2348,178.4,1,13341.0,1,1,4,114,Potential Loyalists,Cluster_3,13341.0
C2349,186.9,6,23788.0,1,5,5,155,Loyal Customers,Cluster_4,3964.67
C2350,365.9,1,649.0,1,1,1,111,Lost,Cluster_2,649.0
C2351,107.7,5,16260.0,2,5,5,255,Loyal Customers,Cluster_4,3252.0
C2352,34.9,3,5919.0,4,3,2,432,Potential Loyalists,Cluster_3,1973.0
C2353,90.3,2,5978.0,3,2,2,322,Potential Loyalists,Cluster_3,2989.0
C2354,185.1,2,2721.0,1,2,1,121,Lost,Cluster_2,1360.5
C2355,116.9,4,13102.0,2,4,4,244,Loyal Customers,Cluster_4,3275.5
C2356,139.4,9,39277.0,2,5,5,255,Loyal Customers,Cluster_4,4364.11
C2358,187.7,1,6692.0,1,1,2,112,Lost,Cluster_3,6692.0
C2359,4.3,4,13070.0,5,4,4,544,Champions,Cluster_1,3267.5
C2360,43.7,5,10652.0,4,5,3,453,Loyal Customers,Cluster_4,2130.4
C2361,17.0,4,8535.0,5,4,3,543,Loyal Customers,Cluster_1,2133.75
C2362,47.5,5,4392.0,4,5,2,452,Potential Loyalists,Cluster_4,878.4
C2363,52.8,3,6177.0,4,3,2,432,Potential Loyalists,Cluster_3,2059.0
C2364,2.7,3,11378.0,5,3,4,534,Loyal Customers,Cluster_1,3792.67
C2365,54.1,6,17067.0,3,5,5,355,Loyal Customers,Cluster_4,2844.5
C2366,149.2,3,4642.0,2,3,2,232,At Risk,Cluster_3,1547.33
C2367,87.4,1,2066.0,3,1,1,311,Potential Loyalists,Cluster_2,2066.0
C2368,26.7,2,6735.0,4,2,2,422,New Customers,Cluster_3,3367.5
C2369,203.0,1,4961.0,1,1,2,112,Lost,Cluster_2,4961.0
C2370,5.0,5,12276.0,5,5,4,554,Champions,Cluster_1,2455.2
C2371,10.7,3,8217.0,5,3,3,533,Loyal Customers,Cluster_1,2739.0
C2372,237.9,1,1748.0,1,1,1,111,Lost,Cluster_2,1748.0
C2373,32.5,3,8910.0,4,3,3,433,Loyal Customers,Cluster_3,2970.0
C2374,156.7,5,16055.0,2,5,4,254,Loyal Customers,Cluster_4,3211.0
C2375,136.6,1,6655.0,2,1,2,212,Lost,Cluster_3,6655.0
C2376,13.7,2,5862.0,5,2,2,522,New Customers,Cluster_1,2931.0
C2377,206.8,2,3616.0,1,2,1,121,Lost,Cluster_3,1808.0
C2378,33.6,7,20747.0,4,5,5,455,Champions,Cluster_4,2963.86
C2379,101.6,2,3495.0,2,2,1,221,Lost,Cluster_3,1747.5
C2380,65.2,3,4295.0,3,3,2,332,Potential Loyalists,Cluster_3,1431.67
C2381,100.1,5,17223.0,2,5,5,255,Loyal Customers,Cluster_4,3444.6
C2382,71.9,3,18100.0,3,3,5,335,Loyal Customers,Cluster_4,6033.33
C2383,34.6,2,647.0,4,2,1,421,New Customers,Cluster_2,323.5
C2384,51.8,4,17655.0,4,4,5,445,Champions,Cluster_4,4413.75
C2385,356.6,2,4213.0,1,2,2,122,Lost,Cluster_3,2106.5
C2386,77.3,3,12627.0,3,3,4,334,Loyal Customers,Cluster_3,4209.0
C2387,8.9,5,18197.0,5,5,5,555,Champions,Cluster_1,3639.4
C2388,100.7,2,6244.0,2,2,2,222,Lost,Cluster_3,3122.0
C2389,34.6,3,13287.0,4,3,4,434,Loyal Customers,Cluster_4,4429.0
C2390,222.6,1,1399.0,1,1,1,111,Lost,Cluster_2,1399.0
C2391,28.8,4,9006.0,4,4,3,443,Loyal Customers,Cluster_4,2251.5
C2392,32.5,4,17646.0,4,4,5,445,Champions,Cluster_4,4411.5
C2393,39.6,2,2352.0,4,2,1,421,New Customers,Cluster_2,1176.0
C2394,157.0,3,12966.0,2,3,4,234,Loyal Customers,Cluster_3,4322.0
C2395,7.4,4,16678.0,5,4,5,545,Champions,Cluster_1,4169.5
C2396,21.4,2,3543.0,5,2,1,521,New Customers,Cluster_3,1771.5
C2397,8.1,5,15020.0,5,5,4,554,Champions,Cluster_1,3004.0
C2398,31.7,4,11936.0,4,4,4,444,Champions,Cluster_4,2984.0
C2399,170.6,1,627.0,1,1,1,111,Lost,Cluster_2,627.0
C2400,219.0,2,4392.0,1,2,2,122,Lost,Cluster_3,2196.0
C2401,103.1,3,4036.0,2,3,1,231,At Risk,Cluster_3,1345.33
C2402,30.1,5,9653.0,4,5,3,453,Loyal Customers,Cluster_4,1930.6
C2403,130.6,2,4692.0,2,2,2,222,Lost,Cluster_3,2346.0
C2404,305.9,2,4923.0,1,2,2,122,Lost,Cluster_3,2461.5
C2405,39.3,4,9761.0,4,4,3,443,Loyal Customers,Cluster_4,2440.25
C2406,273.2,1,1548.0,1,1,1,111,Lost,Cluster_2,1548.0
C2407,154.1,4,11582.0,2,4,4,244,Loyal Customers,Cluster_4,2895.5
C2408,67.3,2,4261.0,3,2,2,322,Potential Loyalists,Cluster_3,2130.5
C2409,103.8,4,4882.0,2,4,2,242,At Risk,Cluster_3,1220.5
C2410,14.8,3,15352.0,5,3,4,534,Loyal Customers,Cluster_1,5117.33
C2411,197.1,2,18175.0,1,2,5,125,Potential Loyalists,Cluster_3,9087.5
C2412,11.0,4,13898.0,5,4,4,544,Champions,Cluster_1,3474.5
C2413,124.5,3,2043.0,2,3,1,231,At Risk,Cluster_3,681.0
C2415,191.3,2,6443.0,1,2,2,122,Lost,Cluster_3,3221.5
C2416,59.1,2,4612.0,3,2,2,322,Potential Loyalists,Cluster_3,2306.0
C2417,19.9,3,13050.0,5,3,4,534,Loyal Customers,Cluster_1,4350.0
C2418,105.0,2,5944.0,2,2,2,222,Lost,Cluster_3,2972.0
C2419,54.1,5,22803.0,3,5,5,355,Loyal Customers,Cluster_4,4560.6
C2420,4.7,2,7130.0,5,2,2,522,New Customers,Cluster_1,3565.0
C2421,28.9,5,5904.0,4,5,2,452,Potential Loyalists,Cluster_4,1180.8
C2423,319.5,1,5020.0,1,1,2,112,Lost,Cluster_2,5020.0
C2424,35.0,6,9957.0,4,5,3,453,Loyal Customers,Cluster_4,1659.5
C2425,107.0,4,10722.0,2,4,3,243,Loyal Customers,Cluster_4,2680.5
C2426,78.3,3,13986.0,3,3,4,334,Loyal Customers,Cluster_3,4662.0
C2427,72.7,6,22109.0,3,5,5,355,Loyal Customers,Cluster_4,3684.83
C2428,66.0,6,25225.0,3,5,5,355,Loyal Customers,Cluster_4,4204.17
C2429,0.9,5,13677.0,5,5,4,554,Champions,Cluster_1,2735.4
C2430,57.4,6,18398.0,3,5,5,355,Loyal Customers,Cluster_4,3066.33
C2431,3.4,4,16081.0,5,4,4,544,Champions,Cluster_1,4020.25
C2432,6.4,3,11358.0,5,3,4,534,Loyal Customers,Cluster_1,3786.0
C2433,11.5,5,4122.0,5,5,1,551,Potential Loyalists,Cluster_1,824.4
C2434,73.8,2,5988.0,3,2,2,322,Potential Loyalists,Cluster_3,2994.0
C2435,55.9,2,2163.0,3,2,1,321,Potential Loyalists,Cluster_2,1081.5
C2436,80.3,5,9062.0,3,5,3,353,Loyal Customers,Cluster_4,1812.4
C2437,181.2,2,2994.0,1,2,1,121,Lost,Cluster_3,1497.0
C2438,6.7,3,14482.0,5,3,4,534,Loyal Customers,Cluster_1,4827.33
C2439,230.6,2,7081.0,1,2,2,122,Lost,Cluster_3,3540.5
C2440,155.2,6,13443.0,2,5,4,254,Loyal Customers,Cluster_4,2240.5
C2441,235.2,3,3043.0,1,3,1,131,At Risk,Cluster_3,1014.33
C2442,80.9,5,17440.0,3,5,5,355,Loyal Customers,Cluster_4,3488.0
C2443,236.6,2,10339.0,1,2,3,123,Potential Loyalists,Cluster_3,5169.5
C2444,49.1,4,7394.0,4,4,2,442,Potential Loyalists,Cluster_4,1848.5
C2445,11.1,5,17875.0,5,5,5,555,Champions,Cluster_1,3575.0
C2446,3.4,7,28448.0,5,5,5,555,Champions,Cluster_1,4064.0
C2447,103.2,6,8713.0,2,5,3,253,Loyal Customers,Cluster_4,1452.17
C2448,73.6,4,14032.0,3,4,4,344,Loyal Customers,Cluster_4,3508.0
C2449,53.4,2,5745.0,3,2,2,322,Potential Loyalists,Cluster_3,2872.5
C2450,97.1,3,6908.0,3,3,2,332,Potential Loyalists,Cluster_3,2302.67
C2451,19.3,6,19699.0,5,5,5,555,Champions,Cluster_1,3283.17
C2452,312.7,1,6943.0,1,1,2,112,Lost,Cluster_3,6943.0
C2453,6.6,6,29499.0,5,5,5,555,Champions,Cluster_1,4916.5
C2454,28.6,5,9651.0,4,5,3,453,Loyal Customers,Cluster_4,1930.2
C2455,23.9,2,10898.0,5,2,3,523,New Customers,Cluster_3,5449.0
C2456,58.5,3,13125.0,3,3,4,334,Loyal Customers,Cluster_3,4375.0
C2457,114.6,5,10056.0,2,5,3,253,Loyal Customers,Cluster_4,2011.2
C2458,70.1,6,13973.0,3,5,4,354,Loyal Customers,Cluster_4,2328.83
C2459,25.2,3,4713.0,4,3,2,432,Potential Loyalists,Cluster_3,1571.0
C2460,174.1,4,11092.0,1,4,4,144,Loyal Customers,Cluster_4,2773.0
C2461,156.3,5,8486.0,2,5,3,253,Loyal Customers,Cluster_4,1697.2
C2462,58.8,8,23756.0,3,5,5,355,Loyal Customers,Cluster_4,2969.5
C2463,172.1,2,3646.0,1,2,1,121,Lost,Cluster_3,1823.0
C2464,102.5,3,11895.0,2,3,4,234,Loyal Customers,Cluster_3,3965.0
C2465,40.5,5,17828.0,4,5,5,455,Champions,Cluster_4,3565.6
C2466,51.1,5,4838.0,4,5,2,452,Potential Loyalists,Cluster_4,967.6
C2467,64.4,1,3138.0,3,1,1,311,Potential Loyalists,Cluster_2,3138.0
C2468,36.0,4,8843.0,4,4,3,443,Loyal Customers,Cluster_4,2210.75
C2469,24.9,3,8427.0,4,3,3,433,Loyal Customers,Cluster_1,2809.0
C2470,321.0,3,9397.0,1,3,3,133,Loyal Customers,Cluster_3,3132.33
C2471,240.6,2,8787.0,1,2,3,123,Potential Loyalists,Cluster_3,4393.5
C2472,188.6,2,4173.0,1,2,2,122,Lost,Cluster_3,2086.5
C2473,156.9,1,4044.0,2,1,1,211,Lost,Cluster_2,4044.0
C2474,29.3,4,6271.0,4,4,2,442,Potential Loyalists,Cluster_1,1567.75
C2475,96.1,4,18960.0,3,4,5,345,Loyal Customers,Cluster_4,4740.0
C2476,278.7,1,2726.0,1,1,1,111,Lost,Cluster_2,2726.0
C2477,27.7,4,4849.0,4,4,2,442,Potential Loyalists,Cluster_1,1212.25
C2478,94.6,3,4739.0,3,3,2,332,Potential Loyalists,Cluster_3,1579.67
C2479,15.2,4,11640.0,5,4,4,544,Champions,Cluster_1,2910.0
C2480,8.3,3,13747.0,5,3,4,534,Loyal Customers,Cluster_1,4582.33
C2482,106.7,2,5043.0,2,2,2,222,Lost,Cluster_3,2521.5
C2483,114.3,3,10124.0,2,3,3,233,Loyal Customers,Cluster_3,3374.67
C2484,135.4,3,10238.0,2,3,3,233,Loyal Customers,Cluster_3,3412.67
C2485,55.2,4,18451.0,3,4,5,345,Loyal Customers,Cluster_4,4612.75
C2486,59.5,3,6229.0,3,3,2,332,Potential Loyalists,Cluster_3,2076.33
C2487,39.7,2,6620.0,4,2,2,422,New Customers,Cluster_3,3310.0
C2488,52.5,5,16089.0,4,5,4,454,Champions,Cluster_4,3217.8
C2489,248.3,1,106.0,1,1,1,111,Lost,Cluster_2,106.0
C2490,29.1,3,3374.0,4,3,1,431,Potential Loyalists,Cluster_3,1124.67
C2491,26.3,6,21196.0,4,5,5,455,Champions,Cluster_4,3532.67
C2492,113.7,5,15565.0,2,5,4,254,Loyal Customers,Cluster_4,3113.0
C2493,37.4,2,9300.0,4,2,3,423,New Customers,Cluster_3,4650.0
C2494,79.7,1,10393.0,3,1,3,313,Potential Loyalists,Cluster_3,10393.0
C2495,191.8,6,28040.0,1,5,5,155,Loyal Customers,Cluster_4,4673.33
C2496,62.3,2,2196.0,3,2,1,321,Potential Loyalists,Cluster_2,1098.0
C2497,178.4,4,26090.0,1,4,5,145,Loyal Customers,Cluster_4,6522.5
C2498,1.8,4,8588.0,5,4,3,543,Loyal Customers,Cluster_1,2147.0
C2499,115.5,6,23751.0,2,5,5,255,Loyal Customers,Cluster_4,3958.5
C2500,305.7,3,6187.0,1,3,2,132,At Risk,Cluster_3,2062.33
C2501,98.8,4,9265.0,3,4,3,343,Loyal Customers,Cluster_4,2316.25
C2502,219.9,4,14430.0,1,4,4,144,Loyal Customers,Cluster_4,3607.5
C2503,189.5,1,1898.0,1,1,1,111,Lost,Cluster_2,1898.0
C2504,31.2,3,5882.0,4,3,2,432,Potential Loyalists,Cluster_3,1960.67
C2505,55.7,4,10531.0,3,4,3,343,Loyal Customers,Cluster_4,2632.75
C2506,106.4,2,4603.0,2,2,2,222,Lost,Cluster_3,2301.5
C2507,16.0,5,9646.0,5,5,3,553,Loyal Customers,Cluster_1,1929.2
C2508,16.9,5,12528.0,5,5,4,554,Champions,Cluster_1,2505.6
C2509,139.7,1,6198.0,2,1,2,212,Lost,Cluster_3,6198.0
C2510,188.1,3,10567.0,1,3,3,133,Loyal Customers,Cluster_3,3522.33
C2511,4.0,3,8864.0,5,3,3,533,Loyal Customers,Cluster_1,2954.67
C2512,79.0,8,25873.0,3,5,5,355,Loyal Customers,Cluster_4,3234.12
C2513,157.7,1,2396.0,2,1,1,211,Lost,Cluster_2,2396.0
C2514,7.8,3,13447.0,5,3,4,534,Loyal Customers,Cluster_1,4482.33
C2515,5.2,4,19081.0,5,4,5,545,Champions,Cluster_1,4770.25
C2516,164.0,2,828.0,1,2,1,121,Lost,Cluster_2,414.0
C2517,30.0,3,6618.0,4,3,2,432,Potential Loyalists,Cluster_3,2206.0
C2518,265.9,2,5610.0,1,2,2,122,Lost,Cluster_3,2805.0
C2519,70.2,6,11148.0,3,5,4,354,Loyal Customers,Cluster_4,1858.0
C2520,72.4,2,8566.0,3,2,3,323,Potential Loyalists,Cluster_3,4283.0
C2521,134.9,3,5520.0,2,3,2,232,At Risk,Cluster_3,1840.0
C2522,24.6,6,21746.0,5,5,5,555,Champions,Cluster_4,3624.33
C2523,261.6,1,5597.0,1,1,2,112,Lost,Cluster_3,5597.0
C2524,40.2,2,14436.0,4,2,4,424,New Customers,Cluster_3,7218.0
C2525,64.8,1,648.0,3,1,1,311,Potential Loyalists,Cluster_2,648.0
C2526,2.0,2,4611.0,5,2,2,522,New Customers,Cluster_1,2305.5
C2527,51.8,4,6087.0,4,4,2,442,Potential Loyalists,Cluster_4,1521.75
C2528,56.4,1,1048.0,3,1,1,311,Potential Loyalists,Cluster_2,1048.0
C2529,59.4,7,17954.0,3,5,5,355,Loyal Customers,Cluster_4,2564.86
C2530,150.3,5,10704.0,2,5,3,253,Loyal Customers,Cluster_4,2140.8
C2531,162.2,5,7467.0,2,5,2,252,At Risk,Cluster_4,1493.4
C2532,21.6,5,9484.0,5,5,3,553,Loyal Customers,Cluster_1,1896.8
C2533,103.9,6,17399.0,2,5,5,255,Loyal Customers,Cluster_4,2899.83
C2534,111.0,1,3995.0,2,1,1,211,Lost,Cluster_2,3995.0
C2535,27.4,3,7676.0,4,3,3,433,Loyal Customers,Cluster_1,2558.67
C2536,192.5,3,6890.0,1,3,2,132,At Risk,Cluster_3,2296.67
C2537,143.7,3,9339.0,2,3,3,233,Loyal Customers,Cluster_3,3113.0
C2538,137.4,2,12784.0,2,2,4,224,Potential Loyalists,Cluster_3,6392.0
C2539,188.4,3,5956.0,1,3,2,132,At Risk,Cluster_3,1985.33
C2540,23.3,2,7412.0,5,2,2,522,New Customers,Cluster_3,3706.0
C2541,24.6,9,30792.0,5,5,5,555,Champions,Cluster_4,3421.33
C2542,19.9,5,10356.0,5,5,3,553,Loyal Customers,Cluster_1,2071.2
C2543,66.4,2,9665.0,3,2,3,323,Potential Loyalists,Cluster_3,4832.5
C2544,227.8,3,5398.0,1,3,2,132,At Risk,Cluster_3,1799.33
C2546,79.6,1,1166.0,3,1,1,311,Potential Loyalists,Cluster_2,1166.0
C2547,31.0,4,5284.0,4,4,2,442,Potential Loyalists,Cluster_4,1321.0
C2548,75.0,4,16311.0,3,4,5,345,Loyal Customers,Cluster_4,4077.75
C2549,219.4,3,8700.0,1,3,3,133,Loyal Customers,Cluster_3,2900.0
C2550,46.9,2,7498.0,4,2,2,422,New Customers,Cluster_3,3749.0
C2551,59.4,10,35361.0,3,5,5,355,Loyal Customers,Cluster_4,3536.1
C2552,139.2,4,11013.0,2,4,3,243,Loyal Customers,Cluster_4,2753.25
C2553,10.9,3,3645.0,5,3,1,531,Potential Loyalists,Cluster_1,1215.0
C2554,102.1,2,7359.0,2,2,2,222,Lost,Cluster_3,3679.5
C2555,74.1,3,12157.0,3,3,4,334,Loyal Customers,Cluster_3,4052.33
C2556,118.2,5,9451.0,2,5,3,253,Loyal Customers,Cluster_4,1890.2
C2557,22.5,5,15664.0,5,5,4,554,Champions,Cluster_4,3132.8
C2558,13.1,5,13960.0,5,5,4,554,Champions,Cluster_1,2792.0
C2559,76.3,3,5872.0,3,3,2,332,Potential Loyalists,Cluster_3,1957.33
C2560,4.6,4,16840.0,5,4,5,545,Champions,Cluster_1,4210.0
C2561,2.6,2,4992.0,5,2,2,522,New Customers,Cluster_1,2496.0
C2562,63.1,1,516.0,3,1,1,311,Potential Loyalists,Cluster_2,516.0
C2563,55.0,4,10135.0,3,4,3,343,Loyal Customers,Cluster_4,2533.75
C2564,22.9,2,1466.0,5,2,1,521,New Customers,Cluster_2,733.0
C2565,146.5,3,11380.0,2,3,4,234,Loyal Customers,Cluster_3,3793.33
C2566,84.1,3,17401.0,3,3,5,335,Loyal Customers,Cluster_4,5800.33
C2567,103.5,2,6541.0,2,2,2,222,Lost,Cluster_3,3270.5
C2568,5.3,4,19417.0,5,4,5,545,Champions,Cluster_1,4854.25
C2569,89.3,3,4409.0,3,3,2,332,Potential Loyalists,Cluster_3,1469.67
C2570,144.4,1,899.0,2,1,1,211,Lost,Cluster_2,899.0
C2571,58.8,3,10836.0,3,3,3,333,Loyal Customers,Cluster_3,3612.0
C2572,8.5,5,9618.0,5,5,3,553,Loyal Customers,Cluster_1,1923.6
C2573,46.1,7,29099.0,4,5,5,455,Champions,Cluster_4,4157.0
C2574,32.8,2,5595.0,4,2,2,422,New Customers,Cluster_3,2797.5
C2575,265.3,3,9737.0,1,3,3,133,Loyal Customers,Cluster_3,3245.67
C2576,11.7,3,7617.0,5,3,3,533,Loyal Customers,Cluster_1,2539.0
C2577,62.7,6,11913.0,3,5,4,354,Loyal Customers,Cluster_4,1985.5
C2578,6.3,6,17863.0,5,5,5,555,Champions,Cluster_1,2977.17
C2579,26.7,5,18074.0,4,5,5,455,Champions,Cluster_4,3614.8
C2580,38.9,2,6927.0,4,2,2,422,New Customers,Cluster_3,3463.5
C2581,102.6,5,10975.0,2,5,3,253,Loyal Customers,Cluster_4,2195.0
C2583,73.4,6,17953.0,3,5,5,355,Loyal Customers,Cluster_4,2992.17
C2585,164.5,4,10051.0,1,4,3,143,Loyal Customers,Cluster_4,2512.75
C2586,122.6,3,8321.0,2,3,3,233,Loyal Customers,Cluster_3,2773.67
C2587,59.9,4,9766.0,3,4,3,343,Loyal Customers,Cluster_4,2441.5
C2588,160.0,1,2547.0,2,1,1,211,Lost,Cluster_2,2547.0
C2589,57.0,9,32080.0,3,5,5,355,Loyal Customers,Cluster_4,3564.44
C2590,22.9,2,5369.0,5,2,2,522,New Customers,Cluster_3,2684.5
C2591,27.1,4,9286.0,4,4,3,443,Loyal Customers,Cluster_1,2321.5
C2592,25.7,3,18834.0,4,3,5,435,Loyal Customers,Cluster_1,6278.0
C2593,45.7,4,16181.0,4,4,5,445,Champions,Cluster_4,4045.25
C2594,73.0,3,8270.0,3,3,3,333,Loyal Customers,Cluster_3,2756.67
C2595,10.3,4,16899.0,5,4,5,545,Champions,Cluster_1,4224.75
C2596,44.8,5,10793.0,4,5,3,453,Loyal Customers,Cluster_4,2158.6
C2597,80.6,7,10602.0,3,5,3,353,Loyal Customers,Cluster_4,1514.57
C2598,175.0,5,19691.0,1,5,5,155,Loyal Customers,Cluster_4,3938.2
C2599,43.0,1,1345.0,4,1,1,411,New Customers,Cluster_2,1345.0
C2600,151.8,1,627.0,2,1,1,211,Lost,Cluster_2,627.0
