customer_id,total_monetary_spend,transaction_frequency,total_items_purchased,first_purchase,last_purchase,views,carts,purchases,searches,total_sessions,cart_to_view_ratio,avg_order_value
CUST_00001,3879.6,3,33,2024-04-06 10:40:09,2024-11-15 00:16:49,22,7,2,2,7,0.3182,1293.2
CUST_00002,2325.69,3,17,2024-03-02 03:29:29,2024-07-14 03:56:44,21,9,2,6,8,0.4286,775.23
CUST_00003,1316.97,3,9,2024-01-20 09:07:14,2024-11-11 00:57:51,17,3,1,0,5,0.1765,438.99
CUST_00004,0.0,0,0,,,18,4,4,0,5,0.2222,0.0
CUST_00005,2678.23,3,20,2024-01-03 12:42:31,2024-09-12 09:50:20,30,9,3,6,7,0.3,892.74
CUST_00006,1869.73,4,19,2024-01-19 16:46:00,2024-11-30 03:20:51,18,3,1,2,3,0.1667,467.43
CUST_00007,1357.5,3,12,2024-04-30 16:51:21,2024-09-25 21:13:34,18,2,1,4,7,0.1111,452.5
CUST_00008,874.15,2,21,2024-09-09 12:08:15,2024-09-29 15:11:34,13,2,2,1,2,0.1538,437.07
CUST_00009,1478.4,2,16,2024-01-07 07:43:00,2024-02-17 12:10:43,36,13,3,5,8,0.3611,739.2
CUST_00010,0.0,0,0,,,13,1,2,2,2,0.0769,0.0
CUST_00011,367.41,2,8,2024-01-18 02:27:46,2024-02-29 19:36:26,15,3,0,3,4,0.2,183.71
CUST_00012,1402.72,2,11,2024-06-01 11:34:53,2024-09-14 02:37:59,25,4,0,3,8,0.16,701.36
CUST_00013,2681.25,2,22,2024-05-07 01:51:32,2024-06-17 06:35:13,16,7,2,3,8,0.4375,1340.62
CUST_00014,4804.52,3,37,2024-02-13 07:01:24,2024-04-30 20:15:48,11,4,2,3,4,0.3636,1601.51
CUST_00015,0.0,0,0,,,32,12,1,8,8,0.375,0.0
CUST_00016,969.27,3,11,2024-06-15 01:34:35,2024-09-05 01:44:25,18,4,0,0,4,0.2222,323.09
CUST_00017,1752.94,2,12,2024-07-23 06:49:08,2024-08-31 09:08:43,24,5,1,5,5,0.2083,876.47
CUST_00018,2500.01,3,20,2024-07-24 23:21:14,2024-09-23 13:40:09,33,14,2,6,8,0.4242,833.34
CUST_00019,727.71,1,9,2024-07-06 21:57:59,2024-07-06 21:57:59,38,17,3,5,10,0.4474,727.71
CUST_00020,0.0,0,0,,,9,5,0,4,3,0.5556,0.0
CUST_00021,3200.28,5,29,2024-06-07 03:13:07,2024-12-28 18:32:22,24,3,1,2,5,0.125,640.06
CUST_00022,1910.46,3,21,2024-06-24 23:38:15,2024-11-08 09:15:57,16,13,4,5,10,0.8125,636.82
CUST_00023,1025.44,3,10,2024-05-01 02:33:51,2024-10-02 09:44:46,25,17,2,6,10,0.68,341.81
CUST_00024,1202.75,2,13,2024-06-02 09:03:00,2024-10-23 00:25:51,13,6,0,2,6,0.4615,601.38
CUST_00025,1154.98,2,17,2024-01-26 02:16:22,2024-06-28 17:40:53,20,6,0,4,6,0.3,577.49
CUST_00026,4306.12,5,33,2024-01-31 21:32:13,2024-12-08 17:24:10,15,5,0,2,3,0.3333,861.22
CUST_00027,1949.95,4,18,2024-04-19 08:36:28,2024-12-25 17:04:21,28,5,1,1,7,0.1786,487.49
CUST_00028,7892.31,6,57,2024-04-11 06:41:41,2024-08-24 17:49:55,19,5,6,4,7,0.2632,1315.38
CUST_00029,0.0,0,0,,,24,12,2,4,7,0.5,0.0
CUST_00030,5481.71,7,44,2024-01-28 13:42:12,2024-10-04 08:27:15,12,6,4,3,5,0.5,783.1
CUST_00031,1155.46,2,14,2024-05-02 09:35:56,2024-12-03 13:17:25,14,3,3,2,3,0.2143,577.73
CUST_00032,3757.92,3,24,2024-03-27 03:40:11,2024-08-18 12:19:03,23,10,1,3,6,0.4348,1252.64
CUST_00033,4324.56,3,41,2024-03-02 15:39:42,2024-06-17 16:14:06,22,6,3,4,8,0.2727,1441.52
CUST_00034,540.88,1,6,2024-09-27 03:26:05,2024-09-27 03:26:05,12,1,1,2,2,0.0833,540.88
CUST_00035,8002.72,7,55,2024-01-05 03:28:10,2024-11-18 23:54:28,10,4,1,2,3,0.4,1143.25
CUST_00036,0.0,0,0,,,38,13,1,8,10,0.3421,0.0
CUST_00037,3322.2,4,29,2024-02-14 13:17:09,2024-12-07 10:19:07,17,6,0,4,6,0.3529,830.55
CUST_00038,3339.32,4,23,2024-03-25 22:36:54,2024-10-24 10:25:06,36,9,0,3,7,0.25,834.83
CUST_00039,3659.78,5,42,2024-01-24 17:05:15,2024-12-15 02:26:05,24,5,2,2,7,0.2083,731.96
CUST_00040,5926.06,5,44,2024-04-20 18:38:20,2024-09-18 06:04:41,15,7,2,4,5,0.4667,1185.21
CUST_00041,2772.28,4,24,2024-03-30 05:09:45,2024-11-03 17:05:58,18,7,1,1,5,0.3889,693.07
CUST_00042,0.0,0,0,,,21,14,2,4,5,0.6667,0.0
CUST_00043,2026.48,3,23,2024-02-23 21:05:54,2024-11-15 23:36:03,16,8,1,2,5,0.5,675.49
CUST_00044,3196.86,6,32,2024-01-01 00:51:38,2024-10-12 07:21:10,19,16,2,3,7,0.8421,532.81
CUST_00045,603.62,2,9,2024-04-25 19:12:40,2024-10-05 09:05:04,13,2,4,3,4,0.1538,301.81
CUST_00046,2792.4,5,25,2024-01-29 07:16:37,2024-09-20 01:40:06,22,6,2,1,5,0.2727,558.48
CUST_00047,1294.5,1,16,2024-12-10 16:10:25,2024-12-10 16:10:25,16,3,0,4,4,0.1875,1294.5
CUST_00048,1202.8,1,9,2024-12-22 14:16:35,2024-12-22 14:16:35,19,9,3,2,5,0.4737,1202.8
CUST_00049,3767.76,4,29,2024-01-07 11:53:56,2024-10-25 13:45:21,16,6,1,3,4,0.375,941.94
CUST_00050,5282.23,4,40,2024-03-19 22:33:09,2024-11-22 05:09:15,16,5,1,3,3,0.3125,1320.56
CUST_00051,2440.36,4,26,2024-02-15 08:00:30,2024-11-01 11:10:59,23,8,1,0,9,0.3478,610.09
CUST_00052,2513.7,3,25,2024-02-17 08:45:50,2024-09-11 09:33:11,25,8,3,0,7,0.32,837.9
CUST_00053,1347.43,2,15,2024-01-19 08:20:22,2024-09-17 20:04:28,28,7,3,2,7,0.25,673.72
CUST_00054,2872.78,3,21,2024-02-19 13:08:17,2024-12-27 06:11:42,23,4,2,3,6,0.1739,957.59
CUST_00055,1361.06,2,12,2024-03-31 08:02:39,2024-04-21 08:52:53,40,15,4,5,8,0.375,680.53
CUST_00056,6283.55,7,53,2024-01-15 00:14:35,2024-12-27 13:24:45,16,2,1,2,3,0.125,897.65
CUST_00057,2201.92,3,18,2024-04-11 19:44:38,2024-08-27 08:12:27,24,9,1,4,6,0.375,733.97
CUST_00058,5652.61,4,37,2024-04-12 16:55:57,2024-12-12 10:06:07,30,9,0,1,7,0.3,1413.15
CUST_00059,616.95,1,7,2024-10-14 22:37:14,2024-10-14 22:37:14,29,8,1,1,9,0.2759,616.95
CUST_00060,0.0,0,0,,,25,3,0,5,7,0.12,0.0
CUST_00061,2042.96,1,13,2024-01-27 00:26:39,2024-01-27 00:26:39,15,8,1,5,6,0.5333,2042.96
CUST_00062,1062.18,3,11,2024-05-22 15:20:14,2024-12-25 09:40:48,10,1,0,2,3,0.1,354.06
CUST_00063,2272.89,3,21,2024-03-23 06:11:29,2024-10-13 07:28:12,13,4,2,2,6,0.3077,757.63
CUST_00064,2024.46,3,23,2024-01-18 13:36:37,2024-07-24 00:53:32,0,0,0,0,0,0.0,674.82
CUST_00065,6067.4,6,52,2024-02-25 22:08:20,2024-10-04 13:02:47,15,7,4,3,4,0.4667,1011.23
CUST_00066,1598.46,1,9,2024-03-24 17:15:43,2024-03-24 17:15:43,20,7,0,3,6,0.35,1598.46
CUST_00067,954.61,2,10,2024-01-13 01:50:57,2024-01-27 23:21:33,16,7,0,0,4,0.4375,477.31
CUST_00068,803.74,1,5,2024-02-05 06:56:29,2024-02-05 06:56:29,17,3,1,3,4,0.1765,803.74
CUST_00069,2171.17,4,20,2024-05-09 04:39:44,2024-12-13 20:42:04,5,3,1,2,4,0.6,542.79
CUST_00070,4864.76,4,34,2024-02-18 02:58:15,2024-10-26 22:58:38,11,5,0,7,5,0.4545,1216.19
CUST_00071,2436.09,6,39,2024-05-20 17:47:53,2024-12-19 20:37:51,23,7,2,3,6,0.3043,406.02
CUST_00072,2386.78,3,25,2024-03-03 06:59:49,2024-08-08 07:18:32,41,12,1,5,10,0.2927,795.59
CUST_00073,0.0,0,0,,,13,5,2,1,4,0.3846,0.0
CUST_00074,1925.96,3,14,2024-06-07 04:38:58,2024-12-30 14:40:18,46,17,3,4,10,0.3696,641.99
CUST_00075,3783.82,4,37,2024-01-12 15:30:19,2024-12-19 18:23:20,36,6,3,7,7,0.1667,945.96
CUST_00076,2785.14,2,18,2024-04-28 08:19:11,2024-05-26 06:13:42,15,6,1,3,4,0.4,1392.57
CUST_00077,1076.49,2,9,2024-08-28 16:20:42,2024-11-25 22:43:38,15,4,0,2,4,0.2667,538.25
CUST_00078,0.0,0,0,,,26,4,5,6,8,0.1538,0.0
CUST_00079,1607.86,2,15,2024-02-25 06:33:28,2024-06-03 11:36:38,12,5,3,2,5,0.4167,803.93
CUST_00080,4019.6,4,32,2024-05-01 17:39:33,2024-11-13 21:16:52,15,6,1,4,3,0.4,1004.9
CUST_00081,2827.6,5,34,2024-05-07 03:22:18,2024-12-16 16:00:18,21,10,1,4,7,0.4762,565.52
CUST_00082,2789.63,6,29,2024-01-22 11:41:15,2024-10-21 12:59:45,11,4,0,2,4,0.3636,464.94
CUST_00083,794.91,2,6,2024-03-17 05:21:56,2024-10-24 18:22:20,37,9,4,6,9,0.2432,397.45
CUST_00084,0.0,0,0,,,21,4,1,3,4,0.1905,0.0
CUST_00085,1442.69,2,12,2024-04-04 06:16:44,2024-10-20 00:51:40,37,12,4,6,9,0.3243,721.35
CUST_00086,3275.1,3,22,2024-03-03 15:44:11,2024-11-29 00:46:17,22,12,4,4,7,0.5455,1091.7
CUST_00087,2436.67,2,16,2024-11-07 15:01:48,2024-11-16 08:51:26,20,3,1,2,4,0.15,1218.34
CUST_00088,391.98,1,4,2024-04-23 05:08:00,2024-04-23 05:08:00,21,2,0,3,5,0.0952,391.98
CUST_00089,2599.6,5,35,2024-01-16 10:31:09,2024-10-26 15:06:58,21,5,1,2,6,0.2381,519.92
CUST_00090,1994.53,4,14,2024-02-15 05:28:29,2024-12-19 09:54:20,18,6,3,4,6,0.3333,498.63
CUST_00091,1087.58,2,7,2024-03-13 05:03:50,2024-12-04 13:42:22,3,5,2,1,2,1.6667,543.79
CUST_00092,1790.21,3,14,2024-04-04 15:10:18,2024-10-10 21:00:37,14,3,0,0,2,0.2143,596.74
CUST_00093,1271.69,2,9,2024-04-23 20:32:14,2024-10-26 19:54:19,14,1,0,4,4,0.0714,635.85
CUST_00094,4918.58,5,38,2024-04-25 20:56:40,2024-11-02 17:48:51,16,8,0,6,4,0.5,983.72
CUST_00095,2508.39,4,29,2024-02-18 13:27:23,2024-09-26 03:05:45,9,6,2,3,6,0.6667,627.1
CUST_00096,1995.71,4,16,2024-05-12 00:37:29,2024-10-18 19:26:51,21,6,0,2,6,0.2857,498.93
CUST_00097,1401.58,2,11,2024-07-09 03:29:13,2024-07-29 18:46:57,31,8,2,2,10,0.2581,700.79
CUST_00098,6440.45,5,47,2024-03-29 22:31:41,2024-08-28 13:12:02,13,7,2,1,6,0.5385,1288.09
CUST_00099,2755.01,3,22,2024-02-05 21:55:48,2024-08-18 02:47:13,4,2,0,0,2,0.5,918.34
CUST_00100,2868.78,4,23,2024-09-17 16:26:02,2024-12-01 02:40:42,37,13,2,4,7,0.3514,717.2
CUST_00101,318.16,1,3,2024-12-26 05:35:37,2024-12-26 05:35:37,10,3,0,2,4,0.3,318.16
CUST_00102,1487.7,2,20,2024-06-03 07:33:27,2024-08-10 03:22:40,13,3,0,0,6,0.2308,743.85
CUST_00103,2405.71,1,23,2024-06-06 02:47:39,2024-06-06 02:47:39,9,3,0,2,4,0.3333,2405.71
CUST_00104,966.29,2,9,2024-09-25 13:15:22,2024-12-02 08:59:43,25,6,1,3,6,0.24,483.14
CUST_00105,1726.5,1,13,2024-01-19 14:36:39,2024-01-19 14:36:39,11,3,1,3,5,0.2727,1726.5
CUST_00106,4233.35,5,36,2024-02-21 04:29:42,2024-06-18 21:03:34,3,1,1,1,3,0.3333,846.67
CUST_00107,2255.36,4,28,2024-03-26 20:04:12,2024-06-25 08:18:07,5,3,0,1,3,0.6,563.84
CUST_00108,3902.89,4,28,2024-01-18 03:28:27,2024-10-27 10:35:52,12,5,1,7,7,0.4167,975.72
CUST_00109,1132.68,2,11,2024-08-15 19:06:29,2024-10-24 18:48:41,14,7,1,2,6,0.5,566.34
CUST_00110,1149.51,3,10,2024-03-10 13:17:34,2024-11-25 06:55:37,7,2,0,0,2,0.2857,383.17
CUST_00111,752.51,1,5,2024-10-13 23:03:13,2024-10-13 23:03:13,20,6,0,5,6,0.3,752.51
CUST_00112,4427.87,4,34,2024-04-21 09:18:56,2024-10-28 02:21:33,21,11,3,5,9,0.5238,1106.97
CUST_00113,1065.37,3,9,2024-02-24 22:16:15,2024-10-22 22:07:33,34,6,3,1,8,0.1765,355.12
CUST_00114,358.36,1,5,2024-02-10 06:08:48,2024-02-10 06:08:48,15,5,1,2,6,0.3333,358.36
CUST_00115,2359.99,5,20,2024-01-13 16:30:07,2024-12-20 18:01:13,6,2,0,1,2,0.3333,472.0
CUST_00116,3291.34,3,30,2024-06-27 19:04:25,2024-12-29 07:50:52,19,6,2,2,4,0.3158,1097.11
CUST_00117,1473.52,2,17,2024-02-01 13:03:06,2024-03-04 16:49:58,19,4,3,0,5,0.2105,736.76
CUST_00118,1416.62,3,14,2024-01-14 15:40:05,2024-10-16 02:52:19,30,6,4,5,7,0.2,472.21
CUST_00119,2288.1,3,24,2024-02-01 11:33:50,2024-11-30 23:47:20,21,4,1,2,4,0.1905,762.7
CUST_00120,3794.44,3,28,2024-02-05 06:07:28,2024-05-06 12:53:12,25,7,0,3,5,0.28,1264.81
CUST_00121,2963.38,5,20,2024-05-10 02:31:44,2024-12-13 21:07:58,18,1,1,2,6,0.0556,592.68
CUST_00122,2919.42,3,25,2024-03-01 13:05:52,2024-08-15 10:37:12,13,5,0,1,3,0.3846,973.14
CUST_00123,1221.85,2,9,2024-07-16 06:11:13,2024-08-01 07:24:05,34,7,1,6,9,0.2059,610.92
CUST_00124,0.0,0,0,,,11,4,2,1,3,0.3636,0.0
CUST_00125,1329.79,3,15,2024-02-02 11:31:24,2024-12-07 20:54:09,36,7,2,9,12,0.1944,443.26
CUST_00126,4964.78,4,41,2024-02-05 15:14:36,2024-11-12 15:19:21,16,5,0,4,5,0.3125,1241.19
CUST_00127,1474.98,1,11,2024-07-03 01:53:07,2024-07-03 01:53:07,29,10,1,5,10,0.3448,1474.98
CUST_00128,2892.35,3,22,2024-01-24 14:56:01,2024-11-11 14:22:34,25,9,3,4,8,0.36,964.12
CUST_00129,1604.8,3,15,2024-02-15 12:26:58,2024-11-29 20:22:57,24,10,2,6,12,0.4167,534.93
CUST_00130,5083.87,6,43,2024-02-06 07:29:16,2024-12-05 01:20:25,37,13,3,9,11,0.3514,847.31
CUST_00131,965.89,1,5,2024-06-22 09:35:52,2024-06-22 09:35:52,12,3,1,4,4,0.25,965.89
CUST_00132,0.0,0,0,,,47,9,4,7,10,0.1915,0.0
CUST_00133,546.46,2,7,2024-06-23 15:48:33,2024-09-16 00:51:30,23,3,0,2,6,0.1304,273.23
CUST_00134,901.77,2,15,2024-07-14 03:24:30,2024-11-01 07:24:49,21,4,4,3,7,0.1905,450.88
CUST_00135,1383.12,2,12,2024-03-09 16:32:24,2024-09-25 01:52:55,34,10,0,3,10,0.2941,691.56
CUST_00136,3493.25,3,27,2024-01-09 22:52:30,2024-10-24 06:47:08,8,2,0,3,3,0.25,1164.42
CUST_00137,2018.08,2,18,2024-04-24 12:44:51,2024-08-13 02:01:09,17,5,2,1,4,0.2941,1009.04
CUST_00138,470.28,1,4,2024-03-18 08:29:27,2024-03-18 08:29:27,25,2,3,1,5,0.08,470.28
CUST_00139,5310.82,5,43,2024-04-09 18:46:32,2024-08-23 00:33:39,40,14,6,0,8,0.35,1062.16
CUST_00140,1954.12,2,17,2024-11-19 20:07:30,2024-11-20 10:17:50,12,3,3,2,3,0.25,977.06
CUST_00141,1795.87,3,17,2024-08-20 13:58:08,2024-10-17 11:16:05,4,2,1,1,2,0.5,598.62
CUST_00142,666.0,2,5,2024-09-06 22:58:56,2024-12-12 16:27:08,13,4,4,5,6,0.3077,333.0
CUST_00143,4661.6,3,35,2024-02-19 00:32:56,2024-10-07 22:12:41,26,14,2,7,8,0.5385,1553.87
CUST_00144,1376.34,3,10,2024-01-13 03:05:05,2024-03-18 01:46:35,15,7,1,2,4,0.4667,458.78
CUST_00145,3038.46,4,35,2024-05-14 07:30:51,2024-09-19 14:32:31,20,6,1,3,5,0.3,759.62
CUST_00146,1226.14,2,13,2024-08-19 09:03:42,2024-09-03 09:56:31,20,9,0,5,5,0.45,613.07
CUST_00147,934.7,2,11,2024-07-01 02:59:45,2024-09-27 00:28:57,22,5,2,4,4,0.2273,467.35
CUST_00148,606.45,1,4,2024-05-19 17:01:11,2024-05-19 17:01:11,45,7,4,5,13,0.1556,606.45
CUST_00149,204.22,1,5,2024-11-20 17:58:43,2024-11-20 17:58:43,22,7,1,4,6,0.3182,204.22
CUST_00150,830.89,1,10,2024-07-25 07:46:53,2024-07-25 07:46:53,18,4,2,5,4,0.2222,830.89
CUST_00151,2623.65,3,20,2024-04-19 00:50:20,2024-08-02 05:13:43,15,4,1,1,3,0.2667,874.55
CUST_00152,2561.51,2,24,2024-02-13 13:27:30,2024-03-19 10:41:16,22,6,1,1,7,0.2727,1280.76
CUST_00153,1577.52,2,15,2024-04-28 04:53:00,2024-12-20 15:55:04,31,11,4,4,8,0.3548,788.76
CUST_00154,4821.59,5,36,2024-03-07 21:01:04,2024-05-25 17:02:48,18,5,1,1,5,0.2778,964.32
CUST_00155,3010.52,6,28,2024-01-05 04:04:46,2024-12-09 01:37:08,18,3,1,2,4,0.1667,501.75
CUST_00156,1671.6,1,11,2024-02-03 23:45:14,2024-02-03 23:45:14,33,10,2,4,8,0.303,1671.6
CUST_00157,2306.35,3,27,2024-04-21 09:54:35,2024-11-03 00:15:18,16,10,4,2,5,0.625,768.78
CUST_00158,1704.54,4,12,2024-03-12 13:23:08,2024-07-21 04:48:04,21,6,3,2,6,0.2857,426.13
CUST_00159,271.19,1,3,2024-11-13 04:32:01,2024-11-13 04:32:01,10,1,0,0,3,0.1,271.19
CUST_00160,1287.14,3,13,2024-02-23 05:16:17,2024-12-23 21:57:53,34,8,3,4,7,0.2353,429.05
CUST_00161,1353.15,4,10,2024-07-26 07:23:07,2024-10-13 08:02:51,23,7,4,2,6,0.3043,338.29
CUST_00162,3450.15,7,35,2024-02-22 15:52:18,2024-11-26 23:32:00,17,7,0,2,5,0.4118,492.88
CUST_00163,2556.23,2,20,2024-07-21 06:53:12,2024-08-28 13:03:14,20,2,0,0,3,0.1,1278.12
CUST_00164,1366.41,4,17,2024-04-22 17:40:03,2024-12-15 02:35:05,28,12,0,4,7,0.4286,341.6
CUST_00165,3156.06,5,31,2024-02-21 21:59:27,2024-11-07 17:22:29,25,7,3,3,6,0.28,631.21
CUST_00166,1515.91,4,13,2024-02-14 23:36:01,2024-07-15 22:55:18,17,2,1,3,4,0.1176,378.98
CUST_00167,3782.02,4,24,2024-02-01 22:36:23,2024-11-27 21:47:36,18,5,0,2,5,0.2778,945.5
CUST_00168,1527.93,2,15,2024-05-21 23:22:12,2024-05-28 03:51:13,30,4,4,3,6,0.1333,763.97
CUST_00169,5095.08,6,42,2024-05-02 23:10:00,2024-12-07 21:18:36,24,8,1,8,8,0.3333,849.18
CUST_00170,0.0,0,0,,,30,14,0,6,8,0.4667,0.0
CUST_00171,1293.67,1,8,2024-05-30 11:18:53,2024-05-30 11:18:53,16,5,1,3,4,0.3125,1293.67
CUST_00172,5059.17,4,41,2024-01-01 09:19:49,2024-08-24 02:19:04,36,10,1,5,8,0.2778,1264.79
CUST_00173,3105.69,4,31,2024-07-11 14:24:32,2024-11-15 13:02:40,30,8,0,4,8,0.2667,776.42
CUST_00174,2691.71,5,21,2024-03-13 11:08:10,2024-06-18 09:51:40,12,4,2,1,3,0.3333,538.34
CUST_00175,1375.43,3,18,2024-03-30 05:34:44,2024-09-25 07:19:29,5,2,1,4,3,0.4,458.48
CUST_00176,1026.17,2,10,2024-04-27 04:42:42,2024-05-13 09:13:15,2,1,0,0,3,0.5,513.09
CUST_00177,1641.02,2,15,2024-01-21 23:34:25,2024-02-13 00:45:51,22,8,1,2,6,0.3636,820.51
CUST_00178,1121.21,4,15,2024-06-13 01:54:36,2024-10-09 10:23:45,9,0,2,2,3,0.0,280.3
CUST_00179,2068.64,2,18,2024-04-15 20:55:19,2024-12-09 05:38:08,30,12,4,3,9,0.4,1034.32
CUST_00180,2236.51,5,18,2024-01-12 12:41:22,2024-11-20 04:28:00,40,8,2,13,10,0.2,447.3
CUST_00181,2977.24,5,33,2024-01-24 11:49:07,2024-09-23 19:47:30,13,8,3,3,4,0.6154,595.45
CUST_00182,659.64,2,6,2024-03-23 00:49:41,2024-08-06 17:35:36,25,9,3,3,6,0.36,329.82
CUST_00183,3989.35,2,30,2024-04-12 06:05:46,2024-10-02 06:46:18,12,4,0,0,3,0.3333,1994.67
CUST_00184,2447.33,4,19,2024-04-02 01:56:07,2024-12-24 22:17:29,17,5,1,4,4,0.2941,611.83
CUST_00185,184.1,1,1,2024-07-18 09:22:12,2024-07-18 09:22:12,19,6,0,3,4,0.3158,184.1
CUST_00186,1727.86,3,19,2024-02-29 16:51:31,2024-12-09 14:37:49,27,8,3,6,7,0.2963,575.95
CUST_00187,3685.49,6,26,2024-01-03 01:58:04,2024-09-29 04:41:38,22,9,3,7,6,0.4091,614.25
CUST_00188,4533.99,7,39,2024-01-04 18:09:09,2024-11-29 03:14:32,15,7,0,5,4,0.4667,647.71
CUST_00189,1750.86,3,12,2024-01-25 14:20:05,2024-09-20 22:51:46,19,10,2,2,5,0.5263,583.62
CUST_00190,1423.9,1,11,2024-07-20 16:35:33,2024-07-20 16:35:33,35,8,1,5,7,0.2286,1423.9
CUST_00191,1744.34,3,17,2024-03-30 16:33:53,2024-10-10 23:46:01,25,8,1,2,6,0.32,581.45
CUST_00192,0.0,0,0,,,16,5,0,2,7,0.3125,0.0
CUST_00193,1036.68,2,12,2024-04-17 22:31:24,2024-05-23 20:26:20,13,1,1,0,3,0.0769,518.34
CUST_00194,1449.79,3,20,2024-02-16 07:15:54,2024-05-21 01:56:52,41,13,6,9,11,0.3171,483.26
CUST_00195,1321.33,2,14,2024-03-11 14:02:52,2024-11-01 07:37:27,25,11,4,2,7,0.44,660.66
CUST_00196,4469.03,7,36,2024-02-24 16:49:39,2024-12-02 05:49:29,14,8,1,1,7,0.5714,638.43
CUST_00197,2575.47,3,22,2024-03-07 07:28:52,2024-07-26 11:57:49,21,8,6,3,5,0.381,858.49
CUST_00198,507.58,1,4,2024-09-24 20:56:01,2024-09-24 20:56:01,7,1,0,1,5,0.1429,507.58
CUST_00199,404.94,1,3,2024-01-18 20:13:08,2024-01-18 20:13:08,25,4,5,1,5,0.16,404.94
CUST_00200,1332.54,5,14,2024-01-20 15:04:14,2024-11-07 07:03:42,16,4,1,4,4,0.25,266.51
CUST_00201,2219.59,5,20,2024-03-12 18:50:00,2024-12-19 15:33:54,9,4,1,3,4,0.4444,443.92
CUST_00202,3547.21,6,34,2024-01-10 14:54:10,2024-12-15 14:38:29,3,0,0,0,1,0.0,591.2
CUST_00203,3020.33,3,27,2024-09-26 19:16:25,2024-12-27 11:13:18,19,9,2,0,9,0.4737,1006.78
CUST_00204,1696.04,4,17,2024-01-25 14:38:41,2024-09-18 17:50:37,5,3,0,3,2,0.6,424.01
CUST_00205,1363.65,3,10,2024-09-17 01:12:50,2024-12-17 08:03:51,17,11,2,5,7,0.6471,454.55
CUST_00206,1049.67,2,13,2024-02-29 09:58:33,2024-08-14 20:55:47,17,2,0,4,4,0.1176,524.84
CUST_00207,2294.35,2,20,2024-02-11 03:18:37,2024-12-25 20:50:13,9,5,0,1,3,0.5556,1147.17
CUST_00208,1597.16,1,14,2024-01-31 15:46:23,2024-01-31 15:46:23,10,2,2,1,4,0.2,1597.16
CUST_00209,701.02,2,7,2024-02-05 20:17:02,2024-07-19 05:28:20,21,7,0,3,6,0.3333,350.51
CUST_00210,2168.98,2,17,2024-07-11 20:58:45,2024-08-09 11:24:36,21,4,1,2,4,0.1905,1084.49
CUST_00211,1826.24,4,18,2024-04-05 06:58:36,2024-08-14 14:49:52,17,2,2,3,5,0.1176,456.56
CUST_00212,3074.45,6,27,2024-03-20 01:18:01,2024-09-11 21:20:40,31,1,0,3,8,0.0323,512.41
CUST_00213,310.3,2,10,2024-07-14 05:04:16,2024-11-27 14:33:00,19,1,0,1,5,0.0526,155.15
CUST_00214,3826.37,5,38,2024-02-23 04:41:55,2024-12-01 09:52:22,29,13,2,4,8,0.4483,765.27
CUST_00215,467.38,1,5,2024-12-25 04:19:57,2024-12-25 04:19:57,10,4,1,0,5,0.4,467.38
CUST_00216,366.96,3,8,2024-02-08 21:54:45,2024-04-10 20:27:52,0,0,0,0,0,0.0,122.32
CUST_00217,2723.35,5,33,2024-04-01 20:24:35,2024-12-22 16:29:47,22,9,1,3,5,0.4091,544.67
CUST_00218,3695.8,4,37,2024-06-22 00:30:38,2024-12-13 14:32:58,11,2,0,1,2,0.1818,923.95
CUST_00219,536.88,1,5,2024-06-02 23:13:07,2024-06-02 23:13:07,19,5,1,4,9,0.2632,536.88
CUST_00220,1469.76,2,11,2024-02-28 22:11:53,2024-11-16 17:29:49,26,8,2,5,7,0.3077,734.88
CUST_00221,0.0,0,0,,,16,0,1,5,7,0.0,0.0
CUST_00222,4156.47,3,38,2024-09-18 12:12:44,2024-12-04 04:54:08,6,2,0,1,3,0.3333,1385.49
CUST_00223,810.95,1,6,2024-07-31 19:32:20,2024-07-31 19:32:20,27,8,4,2,7,0.2963,810.95
CUST_00224,6192.55,6,46,2024-01-05 12:32:16,2024-11-07 23:39:52,21,9,1,7,6,0.4286,1032.09
CUST_00225,542.41,2,6,2024-06-07 09:08:58,2024-07-18 21:41:30,23,6,2,2,5,0.2609,271.2
CUST_00226,3042.77,2,29,2024-07-23 21:07:24,2024-08-24 04:22:48,26,13,0,9,8,0.5,1521.38
CUST_00227,712.33,2,5,2024-06-07 18:10:41,2024-11-18 21:07:26,18,3,3,2,4,0.1667,356.17
CUST_00228,842.96,1,7,2024-06-25 02:17:43,2024-06-25 02:17:43,19,7,1,3,5,0.3684,842.96
CUST_00229,2997.41,3,21,2024-05-27 04:22:36,2024-08-05 04:39:46,29,7,2,7,7,0.2414,999.14
CUST_00230,3738.21,5,32,2024-03-26 00:21:20,2024-12-24 00:27:54,21,5,3,4,6,0.2381,747.64
CUST_00231,1801.29,2,17,2024-02-07 07:13:47,2024-07-19 02:39:42,17,7,1,3,5,0.4118,900.64
CUST_00232,1528.22,3,15,2024-02-24 10:09:29,2024-09-13 19:12:12,25,7,2,5,5,0.28,509.41
CUST_00233,1481.62,4,15,2024-01-30 18:04:21,2024-07-31 00:32:40,40,16,6,9,10,0.4,370.4
CUST_00234,1501.8,2,14,2024-10-14 19:01:02,2024-11-09 13:28:57,25,1,0,6,6,0.04,750.9
CUST_00235,1273.78,2,8,2024-01-30 03:26:03,2024-05-18 06:25:58,17,2,2,2,6,0.1176,636.89
CUST_00236,3053.84,3,25,2024-05-13 18:21:38,2024-11-27 06:12:49,19,7,0,4,5,0.3684,1017.95
CUST_00237,0.0,0,0,,,19,2,0,1,5,0.1053,0.0
CUST_00238,0.0,0,0,,,8,8,2,3,4,1.0,0.0
CUST_00239,2299.62,2,19,2024-02-12 10:46:14,2024-11-15 20:54:31,18,4,0,3,7,0.2222,1149.81
CUST_00240,814.85,2,6,2024-04-25 17:47:17,2024-08-12 22:21:05,6,9,1,1,3,1.5,407.43
CUST_00241,516.24,2,5,2024-03-04 22:31:45,2024-11-23 21:54:39,26,8,1,2,7,0.3077,258.12
CUST_00242,2827.03,4,21,2024-02-05 12:31:57,2024-11-01 08:51:29,11,5,2,1,4,0.4545,706.76
CUST_00243,2227.82,3,20,2024-06-07 06:42:26,2024-12-18 14:35:08,26,11,1,5,8,0.4231,742.61
CUST_00244,2904.6,3,26,2024-01-05 02:34:20,2024-08-09 09:28:40,17,3,1,2,4,0.1765,968.2
CUST_00245,4154.11,6,29,2024-03-05 10:30:44,2024-10-19 04:36:19,21,2,0,1,4,0.0952,692.35
CUST_00246,3917.37,6,35,2024-01-24 05:08:40,2024-12-08 04:58:47,12,2,2,2,3,0.1667,652.89
CUST_00247,1796.04,3,15,2024-04-10 06:57:29,2024-08-24 18:10:18,10,1,1,2,4,0.1,598.68
CUST_00248,958.57,1,8,2024-11-02 12:42:57,2024-11-02 12:42:57,35,9,2,7,10,0.2571,958.57
CUST_00249,2253.72,3,23,2024-04-14 00:10:35,2024-12-22 00:23:50,12,6,2,2,4,0.5,751.24
CUST_00250,2079.12,3,21,2024-02-04 01:37:26,2024-12-07 11:51:10,15,7,0,0,4,0.4667,693.04
CUST_00251,1886.68,4,13,2024-01-08 00:30:03,2024-09-13 23:07:48,32,11,2,3,7,0.3438,471.67
CUST_00252,4509.58,5,39,2024-01-26 05:25:24,2024-10-30 11:06:41,39,9,1,7,8,0.2308,901.92
CUST_00253,124.44,1,2,2024-09-18 15:07:55,2024-09-18 15:07:55,15,2,1,2,5,0.1333,124.44
CUST_00254,1156.79,3,10,2024-03-29 04:26:18,2024-09-07 18:24:41,23,8,1,4,7,0.3478,385.6
CUST_00255,310.28,1,2,2024-09-25 04:48:37,2024-09-25 04:48:37,26,5,2,6,8,0.1923,310.28
CUST_00256,2209.69,4,18,2024-01-24 03:53:49,2024-10-01 02:18:07,21,3,0,4,5,0.1429,552.42
CUST_00257,2004.88,2,11,2024-05-01 17:40:03,2024-08-12 05:16:21,24,14,1,6,6,0.5833,1002.44
CUST_00258,2758.0,3,21,2024-02-19 01:09:31,2024-07-03 06:49:27,20,4,2,2,6,0.2,919.33
CUST_00259,4107.57,3,33,2024-03-26 15:50:28,2024-11-03 20:51:52,16,7,1,1,5,0.4375,1369.19
CUST_00260,4659.7,5,34,2024-02-04 15:14:06,2024-10-20 14:03:48,14,7,0,2,4,0.5,931.94
CUST_00261,1684.17,3,18,2024-07-03 22:56:02,2024-12-17 21:50:45,23,12,2,3,6,0.5217,561.39
CUST_00262,827.01,1,7,2024-08-25 10:31:59,2024-08-25 10:31:59,29,8,3,5,7,0.2759,827.01
CUST_00263,2390.37,3,21,2024-02-27 15:01:03,2024-07-22 17:46:29,30,7,2,4,10,0.2333,796.79
CUST_00264,1411.87,3,14,2024-06-23 12:44:35,2024-09-03 04:37:56,26,6,3,4,6,0.2308,470.62
CUST_00265,3287.34,3,24,2024-01-24 22:20:09,2024-11-06 14:32:13,2,1,1,0,1,0.5,1095.78
CUST_00266,2068.56,4,16,2024-03-06 00:35:37,2024-12-13 08:50:16,13,4,1,4,5,0.3077,517.14
CUST_00267,706.64,1,11,2024-10-30 22:47:30,2024-10-30 22:47:30,15,2,1,0,4,0.1333,706.64
CUST_00268,5098.7,6,44,2024-02-03 07:14:54,2024-11-15 22:46:51,8,5,1,4,4,0.625,849.78
CUST_00269,2898.55,4,22,2024-02-24 22:53:04,2024-04-30 19:52:38,8,3,0,2,4,0.375,724.64
CUST_00270,920.41,2,8,2024-05-02 23:32:24,2024-08-09 01:20:20,17,5,1,3,4,0.2941,460.2
CUST_00271,2327.96,5,18,2024-03-26 02:06:29,2024-11-10 18:04:39,22,7,3,4,5,0.3182,465.59
CUST_00272,3046.99,4,24,2024-02-13 15:44:33,2024-08-06 03:17:57,33,7,3,8,8,0.2121,761.75
CUST_00273,872.58,1,10,2024-05-14 17:13:31,2024-05-14 17:13:31,16,2,3,0,3,0.125,872.58
CUST_00274,2212.5,2,22,2024-01-18 00:02:01,2024-11-28 01:57:24,13,1,2,0,3,0.0769,1106.25
CUST_00275,3160.8,5,29,2024-01-26 07:28:41,2024-10-16 04:39:10,31,7,4,3,9,0.2258,632.16
CUST_00276,3608.98,5,27,2024-03-16 20:02:04,2024-08-23 15:13:53,26,6,1,2,5,0.2308,721.8
CUST_00277,2127.15,3,13,2024-04-03 21:17:25,2024-12-04 00:57:48,9,2,1,0,3,0.2222,709.05
CUST_00278,0.0,0,0,,,9,0,1,0,4,0.0,0.0
CUST_00279,2555.85,4,24,2024-02-24 08:04:08,2024-12-26 21:39:49,17,5,1,0,4,0.2941,638.96
CUST_00280,1361.75,2,9,2024-05-16 22:42:57,2024-06-14 00:29:22,31,4,1,2,6,0.129,680.88
CUST_00281,1499.4,2,14,2024-04-01 04:13:02,2024-08-19 02:07:45,24,6,5,4,6,0.25,749.7
CUST_00282,3373.72,5,38,2024-02-06 15:04:45,2024-12-22 23:21:16,33,10,0,1,7,0.303,674.74
CUST_00283,2530.23,2,20,2024-12-06 14:09:02,2024-12-28 15:25:08,8,2,0,0,1,0.25,1265.12
CUST_00284,290.08,1,3,2024-07-13 23:39:21,2024-07-13 23:39:21,8,1,0,1,1,0.125,290.08
CUST_00285,4691.77,5,40,2024-02-25 17:43:31,2024-11-23 13:15:56,5,3,0,0,4,0.6,938.35
CUST_00286,3817.86,4,28,2024-02-02 22:11:24,2024-12-15 13:42:48,22,13,2,7,8,0.5909,954.47
CUST_00287,1938.9,2,14,2024-01-03 16:09:25,2024-03-15 17:54:28,19,9,3,3,9,0.4737,969.45
CUST_00288,192.19,1,2,2024-07-28 18:21:52,2024-07-28 18:21:52,12,2,1,2,4,0.1667,192.19
CUST_00289,1747.37,3,13,2024-03-01 16:17:51,2024-08-11 07:02:13,10,3,2,0,2,0.3,582.46
CUST_00290,2045.22,3,18,2024-01-14 19:05:09,2024-07-31 11:51:56,27,6,3,6,8,0.2222,681.74
CUST_00291,2391.42,4,22,2024-07-24 03:59:13,2024-11-03 17:59:30,25,10,0,5,8,0.4,597.86
CUST_00292,863.7,3,11,2024-04-30 22:14:57,2024-09-23 22:53:30,16,4,1,1,5,0.25,287.9
CUST_00293,3528.25,4,30,2024-01-27 00:41:20,2024-06-20 07:25:07,26,11,2,2,5,0.4231,882.06
CUST_00294,2007.66,2,17,2024-03-26 08:13:58,2024-11-19 00:57:30,19,7,1,6,6,0.3684,1003.83
CUST_00295,2315.01,2,22,2024-05-12 07:39:34,2024-07-23 23:52:00,15,6,0,5,4,0.4,1157.51
CUST_00296,780.51,1,10,2024-10-17 01:31:37,2024-10-17 01:31:37,14,2,1,1,4,0.1429,780.51
CUST_00297,502.77,2,4,2024-05-31 06:16:23,2024-07-14 09:52:35,20,4,4,3,5,0.2,251.38
CUST_00298,5364.12,3,34,2024-01-04 14:49:34,2024-08-07 20:58:10,24,12,2,0,7,0.5,1788.04
CUST_00299,2762.31,8,21,2024-01-07 11:33:23,2024-12-14 15:32:10,38,9,4,15,9,0.2368,345.29
CUST_00300,590.21,2,4,2024-04-22 21:04:45,2024-10-24 22:01:57,7,0,0,2,1,0.0,295.11
CUST_00301,811.58,1,10,2024-04-19 16:51:36,2024-04-19 16:51:36,13,2,0,1,2,0.1538,811.58
CUST_00302,1902.36,2,13,2024-02-01 20:38:58,2024-12-15 05:46:25,25,8,2,4,9,0.32,951.18
CUST_00303,1667.9,4,27,2024-01-06 01:33:33,2024-07-14 22:22:15,14,6,1,0,5,0.4286,416.98
CUST_00304,3825.37,7,41,2024-04-03 18:53:38,2024-11-14 10:58:10,14,1,0,1,3,0.0714,546.48
CUST_00305,4014.29,6,33,2024-03-14 17:44:04,2024-12-22 03:00:53,45,13,1,5,10,0.2889,669.05
CUST_00306,769.99,1,5,2024-03-13 14:44:52,2024-03-13 14:44:52,32,5,0,6,7,0.1562,769.99
CUST_00307,3274.06,3,26,2024-08-10 21:35:12,2024-12-10 21:42:48,20,11,5,3,7,0.55,1091.35
CUST_00308,3644.89,4,31,2024-01-09 11:11:32,2024-07-31 10:50:26,20,4,0,4,6,0.2,911.22
CUST_00309,5314.35,8,47,2024-01-04 17:54:00,2024-12-08 23:08:53,7,5,0,1,2,0.7143,664.29
CUST_00310,0.0,0,0,,,12,3,2,2,4,0.25,0.0
CUST_00311,1319.21,2,16,2024-05-19 10:59:19,2024-09-05 01:51:57,9,2,0,2,2,0.2222,659.61
CUST_00312,3679.24,5,34,2024-02-27 04:42:00,2024-11-07 14:49:40,7,0,0,1,2,0.0,735.85
CUST_00313,2551.1,5,25,2024-02-15 06:28:14,2024-11-04 12:36:59,37,7,1,9,10,0.1892,510.22
CUST_00314,1016.75,3,10,2024-05-06 20:01:30,2024-10-20 08:48:32,23,3,2,1,5,0.1304,338.92
CUST_00315,3828.48,4,28,2024-01-30 15:53:36,2024-09-10 00:45:47,19,7,0,3,5,0.3684,957.12
CUST_00316,2720.29,4,30,2024-02-12 11:21:17,2024-09-26 05:05:00,41,12,2,8,10,0.2927,680.07
CUST_00317,0.0,0,0,,,13,4,0,1,5,0.3077,0.0
CUST_00318,1031.09,3,14,2024-05-25 21:38:52,2024-07-28 04:34:32,18,3,0,3,5,0.1667,343.7
CUST_00319,3359.55,3,33,2024-04-02 10:16:58,2024-11-30 19:26:51,22,7,2,5,6,0.3182,1119.85
CUST_00320,4980.23,4,39,2024-05-23 10:04:17,2024-10-14 03:24:01,6,1,2,0,3,0.1667,1245.06
CUST_00321,301.48,2,2,2024-02-19 09:31:08,2024-11-27 09:34:08,26,11,1,3,7,0.4231,150.74
CUST_00322,2251.26,5,21,2024-01-31 00:35:41,2024-09-19 11:01:31,4,2,2,1,2,0.5,450.25
CUST_00323,917.48,2,16,2024-05-11 04:16:12,2024-08-02 21:05:33,17,2,1,3,4,0.1176,458.74
CUST_00324,1295.35,3,12,2024-03-25 06:53:37,2024-07-17 13:42:18,20,6,2,2,4,0.3,431.78
CUST_00325,1883.11,3,17,2024-01-08 09:07:44,2024-11-21 00:02:17,15,2,1,5,5,0.1333,627.7
CUST_00326,2565.16,4,17,2024-01-24 06:31:22,2024-05-30 06:10:41,33,11,0,4,9,0.3333,641.29
CUST_00327,911.16,3,15,2024-04-23 20:07:42,2024-11-11 04:26:48,31,11,4,1,9,0.3548,303.72
CUST_00328,850.96,2,7,2024-02-25 04:21:04,2024-03-22 18:40:06,44,13,2,5,12,0.2955,425.48
CUST_00329,805.9,1,12,2024-11-15 16:45:33,2024-11-15 16:45:33,16,6,1,4,5,0.375,805.9
CUST_00330,1127.6,3,14,2024-07-20 09:06:55,2024-12-10 00:27:42,22,6,1,4,5,0.2727,375.87
CUST_00331,1823.87,3,14,2024-04-22 22:28:16,2024-12-10 16:16:23,22,5,1,4,5,0.2273,607.96
CUST_00332,1443.44,2,13,2024-08-28 23:03:42,2024-10-17 07:29:55,14,7,2,6,7,0.5,721.72
CUST_00333,5508.76,4,42,2024-03-13 01:40:57,2024-11-01 18:12:59,28,11,2,3,8,0.3929,1377.19
CUST_00334,2385.39,4,21,2024-05-15 06:42:28,2024-12-23 18:29:22,14,2,0,3,4,0.1429,596.35
CUST_00335,0.0,0,0,,,23,7,2,6,7,0.3043,0.0
CUST_00336,3969.92,4,32,2024-05-09 17:41:28,2024-11-12 09:18:00,33,9,3,5,9,0.2727,992.48
CUST_00337,784.97,1,5,2024-05-05 18:22:22,2024-05-05 18:22:22,17,12,2,0,8,0.7059,784.97
CUST_00338,1594.39,2,12,2024-07-09 11:28:06,2024-09-05 18:14:24,18,3,3,6,4,0.1667,797.2
CUST_00339,1287.34,2,12,2024-05-14 11:37:39,2024-07-31 23:43:28,21,1,2,3,6,0.0476,643.67
CUST_00340,1155.21,3,11,2024-02-09 02:13:03,2024-11-11 12:17:00,23,6,0,4,5,0.2609,385.07
CUST_00341,1849.53,3,20,2024-02-10 08:40:58,2024-08-04 21:28:32,28,6,1,3,6,0.2143,616.51
CUST_00342,1061.47,2,12,2024-05-18 08:34:30,2024-07-03 20:58:31,16,0,1,3,3,0.0,530.74
CUST_00343,4005.82,4,26,2024-02-07 01:05:24,2024-05-11 16:45:09,4,5,0,0,1,1.25,1001.46
CUST_00344,4109.6,6,34,2024-03-08 00:36:39,2024-12-22 13:35:43,46,9,2,7,13,0.1957,684.93
CUST_00345,2360.79,5,27,2024-04-20 03:01:33,2024-12-28 18:53:48,18,4,1,1,4,0.2222,472.16
CUST_00346,429.52,1,3,2024-09-09 14:28:17,2024-09-09 14:28:17,10,3,1,2,2,0.3,429.52
CUST_00347,1337.5,6,19,2024-01-22 05:46:24,2024-10-15 17:04:42,17,5,2,3,6,0.2941,222.92
CUST_00348,5800.32,7,50,2024-04-30 05:30:44,2024-12-19 13:26:26,24,10,0,2,6,0.4167,828.62
CUST_00349,1181.74,5,13,2024-02-12 11:23:48,2024-12-10 06:41:32,29,16,1,3,9,0.5517,236.35
CUST_00350,2279.49,3,24,2024-02-06 04:58:03,2024-06-16 11:16:45,2,1,0,0,2,0.5,759.83
CUST_00351,65.7,1,2,2024-04-25 11:21:18,2024-04-25 11:21:18,22,5,0,3,6,0.2273,65.7
CUST_00352,1774.73,2,15,2024-02-13 15:22:49,2024-02-15 01:50:40,20,7,1,0,7,0.35,887.37
CUST_00353,5535.38,4,45,2024-02-25 18:48:54,2024-10-08 11:42:35,13,3,1,6,7,0.2308,1383.85
CUST_00354,3078.92,5,31,2024-01-25 15:14:17,2024-09-16 01:25:00,29,5,1,7,10,0.1724,615.78
CUST_00355,2561.09,3,19,2024-04-18 07:47:58,2024-12-06 16:37:25,17,4,0,3,6,0.2353,853.7
CUST_00356,0.0,0,0,,,14,0,0,1,3,0.0,0.0
CUST_00357,3719.96,7,34,2024-01-14 16:00:53,2024-07-16 00:09:14,8,1,1,2,2,0.125,531.42
CUST_00358,2745.76,3,19,2024-07-12 18:11:57,2024-12-10 13:14:44,41,13,2,12,13,0.3171,915.25
CUST_00359,1707.95,1,20,2024-03-24 18:25:28,2024-03-24 18:25:28,29,7,0,3,8,0.2414,1707.95
CUST_00360,649.81,2,7,2024-08-06 10:50:40,2024-08-10 21:22:15,18,8,4,5,7,0.4444,324.9
CUST_00361,1991.51,3,16,2024-02-20 06:09:03,2024-08-31 13:50:59,18,7,4,2,4,0.3889,663.84
CUST_00362,921.12,1,6,2024-05-03 15:41:05,2024-05-03 15:41:05,50,12,1,7,14,0.24,921.12
CUST_00363,1856.84,4,18,2024-05-29 03:22:57,2024-12-02 07:16:20,21,2,1,9,6,0.0952,464.21
CUST_00364,1646.58,2,10,2024-07-19 12:19:22,2024-11-15 02:26:35,34,12,5,7,9,0.3529,823.29
CUST_00365,3782.57,6,33,2024-02-06 13:38:53,2024-06-08 12:23:31,11,4,0,0,4,0.3636,630.43
CUST_00366,1999.84,2,15,2024-02-15 00:34:56,2024-03-16 06:44:21,30,8,1,3,8,0.2667,999.92
CUST_00367,1489.73,3,19,2024-02-10 23:02:55,2024-06-20 14:26:11,31,7,1,5,8,0.2258,496.58
CUST_00368,5229.05,6,35,2024-02-28 03:02:10,2024-10-29 00:58:35,8,5,2,2,4,0.625,871.51
CUST_00369,396.69,1,3,2024-07-08 21:39:47,2024-07-08 21:39:47,33,4,4,2,7,0.1212,396.69
CUST_00370,3230.76,7,34,2024-02-22 21:56:21,2024-10-20 19:00:13,19,4,0,0,5,0.2105,461.54
CUST_00371,4504.69,3,30,2024-04-20 17:02:21,2024-06-03 02:18:20,34,8,4,5,8,0.2353,1501.56
CUST_00372,2846.53,3,33,2024-01-07 04:28:47,2024-11-06 14:35:39,35,9,3,7,7,0.2571,948.84
CUST_00373,4885.52,5,37,2024-09-14 16:23:08,2024-12-15 02:15:21,28,9,3,9,9,0.3214,977.1
CUST_00374,1339.86,1,9,2024-02-14 08:05:39,2024-02-14 08:05:39,16,7,0,6,6,0.4375,1339.86
CUST_00375,1650.86,2,13,2024-08-11 18:52:16,2024-09-23 09:28:02,25,5,2,3,6,0.2,825.43
CUST_00376,3962.93,4,26,2024-01-02 11:48:07,2024-09-01 15:42:06,6,0,0,2,3,0.0,990.73
CUST_00377,4301.01,2,34,2024-08-09 13:19:32,2024-10-05 17:30:45,14,7,1,3,6,0.5,2150.51
CUST_00378,3367.37,3,25,2024-01-25 03:41:13,2024-08-29 03:37:25,4,0,2,1,3,0.0,1122.46
CUST_00379,665.79,1,6,2024-05-24 16:02:16,2024-05-24 16:02:16,12,5,0,3,5,0.4167,665.79
CUST_00380,1850.15,2,16,2024-01-23 21:46:31,2024-04-10 07:46:34,19,9,3,6,8,0.4737,925.08
CUST_00381,2522.29,3,17,2024-03-09 00:01:13,2024-05-11 21:10:37,31,12,3,2,9,0.3871,840.76
CUST_00382,5750.14,8,49,2024-01-18 01:10:48,2024-12-03 16:22:22,11,5,1,4,3,0.4545,718.77
CUST_00383,2026.18,3,26,2024-05-15 12:20:15,2024-12-25 18:21:57,41,11,1,1,8,0.2683,675.39
CUST_00384,1861.69,3,18,2024-01-09 20:53:22,2024-11-17 21:04:30,7,3,0,1,3,0.4286,620.56
CUST_00385,3672.09,2,23,2024-02-08 19:59:50,2024-07-21 09:22:07,30,7,3,5,8,0.2333,1836.05
CUST_00386,2157.72,2,16,2024-05-28 05:53:09,2024-06-25 13:58:57,13,4,0,2,3,0.3077,1078.86
CUST_00387,5569.84,5,51,2024-02-07 15:27:38,2024-12-10 14:51:59,31,6,1,6,7,0.1935,1113.97
CUST_00388,1290.54,4,16,2024-02-18 22:54:51,2024-11-04 11:49:12,35,14,4,7,10,0.4,322.63
CUST_00389,2145.81,4,28,2024-01-04 23:56:47,2024-10-05 13:25:22,18,8,2,4,7,0.4444,536.45
CUST_00390,2492.24,2,20,2024-01-01 10:07:30,2024-11-26 14:11:12,8,1,0,1,3,0.125,1246.12
CUST_00391,3131.82,4,30,2024-02-22 15:46:48,2024-12-13 12:03:30,44,11,1,6,10,0.25,782.96
CUST_00392,5177.56,3,39,2024-04-05 14:41:04,2024-10-12 18:50:13,13,2,2,2,5,0.1538,1725.85
CUST_00393,2091.59,1,18,2024-05-30 12:27:02,2024-05-30 12:27:02,7,2,0,0,2,0.2857,2091.59
CUST_00394,1370.91,3,10,2024-03-06 00:13:57,2024-07-18 14:01:20,21,5,0,1,4,0.2381,456.97
CUST_00395,2783.92,4,25,2024-03-20 01:07:36,2024-11-25 08:53:39,9,0,0,1,3,0.0,695.98
CUST_00396,3909.7,6,42,2024-07-29 10:02:29,2024-11-12 07:38:15,22,8,0,5,5,0.3636,651.62
CUST_00397,3962.33,3,29,2024-01-11 19:47:34,2024-02-03 06:51:00,29,5,0,0,7,0.1724,1320.78
CUST_00398,0.0,0,0,,,15,5,1,2,4,0.3333,0.0
CUST_00399,1938.06,5,22,2024-03-29 21:09:35,2024-12-22 09:41:49,31,6,2,4,6,0.1935,387.61
CUST_00400,0.0,0,0,,,13,1,1,4,4,0.0769,0.0
CUST_00401,264.57,1,3,2024-01-14 13:00:16,2024-01-14 13:00:16,19,8,3,2,5,0.4211,264.57
CUST_00402,2009.35,3,17,2024-06-13 03:51:54,2024-12-12 19:40:36,15,3,1,1,4,0.2,669.78
CUST_00403,2917.39,4,23,2024-04-09 03:58:40,2024-11-15 06:53:10,18,7,0,3,6,0.3889,729.35
CUST_00404,2880.87,5,26,2024-01-24 12:57:03,2024-11-07 18:47:35,10,4,1,2,6,0.4,576.17
CUST_00405,2876.56,4,22,2024-01-13 08:33:26,2024-12-24 22:28:03,18,5,0,0,5,0.2778,719.14
CUST_00406,2218.52,4,27,2024-03-07 23:03:07,2024-11-21 21:41:23,17,4,0,2,3,0.2353,554.63
CUST_00407,2649.19,4,24,2024-02-04 00:40:45,2024-10-23 05:13:30,30,7,6,3,7,0.2333,662.3
CUST_00408,1605.31,3,11,2024-02-27 15:33:35,2024-05-14 21:29:44,32,14,3,4,9,0.4375,535.1
CUST_00409,2820.35,4,19,2024-02-02 08:44:07,2024-11-11 19:22:19,40,16,2,5,9,0.4,705.09
CUST_00410,3234.68,4,31,2024-05-17 17:52:02,2024-10-06 22:29:13,15,3,3,1,5,0.2,808.67
CUST_00411,4390.38,7,43,2024-01-02 04:45:04,2024-12-25 04:57:19,27,4,2,3,7,0.1481,627.2
CUST_00412,2258.93,6,29,2024-02-24 09:01:01,2024-11-25 01:14:33,21,9,3,6,7,0.4286,376.49
CUST_00413,0.0,0,0,,,17,4,2,0,4,0.2353,0.0
CUST_00414,4071.0,6,31,2024-01-11 04:25:47,2024-11-28 06:37:57,5,0,0,3,2,0.0,678.5
CUST_00415,6199.13,8,50,2024-01-09 03:40:33,2024-12-21 00:41:39,13,8,0,4,3,0.6154,774.89
CUST_00416,3614.23,6,33,2024-01-22 19:01:32,2024-09-20 18:23:45,42,4,3,1,9,0.0952,602.37
CUST_00417,1313.07,2,13,2024-10-14 22:38:54,2024-11-18 23:58:41,19,9,1,2,7,0.4737,656.53
CUST_00418,3667.87,4,31,2024-08-17 23:27:37,2024-11-15 20:36:13,32,10,5,5,9,0.3125,916.97
CUST_00419,311.64,1,5,2024-06-08 13:44:46,2024-06-08 13:44:46,17,5,1,3,4,0.2941,311.64
CUST_00420,2687.47,2,18,2024-02-10 01:54:28,2024-03-21 05:26:26,33,6,2,2,6,0.1818,1343.73
CUST_00421,2621.37,4,22,2024-01-12 08:59:08,2024-09-01 19:50:45,27,10,3,4,8,0.3704,655.34
CUST_00422,5046.12,3,37,2024-02-07 02:37:30,2024-12-13 07:11:08,26,9,0,2,6,0.3462,1682.04
CUST_00423,1516.22,3,13,2024-04-04 15:26:30,2024-09-29 07:08:40,7,5,1,2,3,0.7143,505.41
CUST_00424,0.0,0,0,,,39,11,2,3,9,0.2821,0.0
CUST_00425,6258.6,6,59,2024-01-04 02:20:33,2024-12-30 15:27:42,23,8,2,7,7,0.3478,1043.1
CUST_00426,3286.12,5,28,2024-02-04 19:29:10,2024-10-30 06:43:11,20,9,1,2,4,0.45,657.22
CUST_00427,35.31,1,1,2024-01-14 19:49:00,2024-01-14 19:49:00,6,2,0,1,2,0.3333,35.31
CUST_00428,2430.15,3,23,2024-01-21 23:17:36,2024-05-04 20:43:56,24,6,3,1,7,0.25,810.05
CUST_00429,2023.6,3,14,2024-09-01 11:06:18,2024-11-29 02:39:06,37,9,0,8,10,0.2432,674.53
CUST_00430,1926.41,3,18,2024-04-06 05:57:47,2024-07-17 16:18:56,33,15,3,3,7,0.4545,642.14
CUST_00431,1685.94,2,13,2024-10-30 23:36:21,2024-12-01 23:56:35,37,13,2,4,10,0.3514,842.97
CUST_00432,2578.67,4,36,2024-04-07 00:06:25,2024-06-21 22:26:57,14,3,0,1,4,0.2143,644.67
CUST_00433,693.32,2,4,2024-09-14 23:06:53,2024-10-24 14:16:44,11,5,1,5,4,0.4545,346.66
CUST_00434,3361.84,4,31,2024-04-04 11:52:26,2024-10-30 13:31:42,11,3,1,1,3,0.2727,840.46
CUST_00435,2708.03,3,24,2024-08-02 21:25:48,2024-11-21 01:11:34,39,10,4,11,12,0.2564,902.68
CUST_00436,7809.02,9,59,2024-01-18 18:40:58,2024-12-20 10:08:04,32,20,5,5,9,0.625,867.67
CUST_00437,1688.37,4,14,2024-01-10 19:33:12,2024-11-16 00:52:47,15,5,3,1,4,0.3333,422.09
CUST_00438,1428.52,2,10,2024-01-29 21:42:32,2024-02-21 02:05:47,27,9,1,4,9,0.3333,714.26
CUST_00439,7591.53,9,58,2024-01-03 00:02:33,2024-05-12 23:18:32,30,3,1,3,5,0.1,843.5
CUST_00440,1812.61,3,21,2024-02-18 20:47:48,2024-06-29 04:27:18,8,3,0,1,3,0.375,604.2
CUST_00441,1060.02,2,9,2024-06-16 08:32:16,2024-08-23 20:24:20,21,3,1,3,5,0.1429,530.01
CUST_00442,7164.83,5,60,2024-01-08 06:27:03,2024-11-03 20:37:13,41,14,1,5,11,0.3415,1432.97
CUST_00443,2132.8,3,24,2024-05-28 13:32:50,2024-09-10 19:41:30,21,15,3,5,11,0.7143,710.93
CUST_00444,2038.16,4,29,2024-03-12 19:54:06,2024-12-22 07:21:00,28,5,0,3,9,0.1786,509.54
CUST_00445,1918.61,3,14,2024-02-25 20:59:23,2024-10-22 12:56:03,12,5,0,0,3,0.4167,639.54
CUST_00446,4691.83,3,35,2024-06-19 07:47:16,2024-10-23 06:18:07,11,6,1,1,4,0.5455,1563.94
CUST_00447,3024.79,5,26,2024-02-03 07:55:26,2024-09-06 15:30:11,23,7,2,5,5,0.3043,604.96
CUST_00448,3510.69,3,25,2024-08-27 02:31:33,2024-12-03 05:43:13,18,7,4,4,9,0.3889,1170.23
CUST_00449,2411.31,3,21,2024-06-10 18:26:12,2024-11-01 11:14:26,19,7,0,3,5,0.3684,803.77
CUST_00450,593.85,1,3,2024-11-30 11:24:42,2024-11-30 11:24:42,18,7,2,5,4,0.3889,593.85
CUST_00451,1660.85,3,17,2024-03-15 02:14:19,2024-12-08 19:39:27,52,18,6,9,15,0.3462,553.62
CUST_00452,2422.67,3,20,2024-03-28 04:42:03,2024-08-26 04:24:26,9,2,0,0,2,0.2222,807.56
CUST_00453,1205.58,3,12,2024-01-18 03:15:42,2024-11-20 08:55:40,11,4,1,0,4,0.3636,401.86
CUST_00454,2588.89,2,20,2024-02-20 03:39:01,2024-03-02 07:00:42,39,10,4,8,10,0.2564,1294.44
CUST_00455,2647.9,3,22,2024-05-11 09:57:38,2024-11-24 17:46:25,38,3,0,7,7,0.0789,882.63
CUST_00456,1069.01,2,8,2024-04-28 11:54:22,2024-11-08 02:54:19,26,2,3,0,5,0.0769,534.5
CUST_00457,2465.86,3,24,2024-02-24 08:22:11,2024-10-06 14:42:48,32,11,3,6,10,0.3438,821.95
CUST_00458,970.94,1,9,2024-01-31 04:32:43,2024-01-31 04:32:43,38,13,2,1,9,0.3421,970.94
CUST_00459,2434.37,4,23,2024-02-02 10:17:01,2024-11-12 21:22:30,8,3,0,1,3,0.375,608.59
CUST_00460,2414.98,3,25,2024-01-24 23:37:36,2024-07-14 09:32:18,33,14,5,9,10,0.4242,804.99
CUST_00461,981.79,5,15,2024-05-17 17:12:18,2024-12-08 02:32:17,31,9,0,9,8,0.2903,196.36
CUST_00462,3470.96,4,26,2024-03-26 00:01:34,2024-11-05 08:58:15,35,12,2,1,8,0.3429,867.74
CUST_00463,2490.19,4,25,2024-01-13 12:17:13,2024-12-10 16:58:30,12,4,1,0,5,0.3333,622.55
CUST_00464,2119.48,3,20,2024-03-10 19:35:26,2024-12-20 21:58:57,28,17,2,5,10,0.6071,706.49
CUST_00465,2173.14,3,15,2024-01-09 22:26:42,2024-06-28 05:00:21,53,12,4,4,12,0.2264,724.38
CUST_00466,726.42,1,5,2024-01-16 04:05:01,2024-01-16 04:05:01,24,5,2,6,7,0.2083,726.42
CUST_00467,1006.12,2,6,2024-06-11 01:56:56,2024-08-25 02:42:09,28,2,4,2,8,0.0714,503.06
CUST_00468,1743.18,2,14,2024-01-09 06:26:02,2024-02-01 01:22:12,21,2,1,1,4,0.0952,871.59
CUST_00469,1844.34,2,12,2024-08-07 00:34:38,2024-11-27 04:36:15,36,14,4,4,8,0.3889,922.17
CUST_00470,855.89,3,11,2024-02-08 13:51:23,2024-10-29 01:32:44,9,12,1,3,4,1.3333,285.3
CUST_00471,916.52,2,9,2024-03-20 05:47:31,2024-12-14 23:18:05,35,9,1,6,8,0.2571,458.26
CUST_00472,3341.72,5,23,2024-01-09 18:30:30,2024-12-01 14:37:06,28,6,3,5,6,0.2143,668.34
CUST_00473,2768.1,4,24,2024-03-02 17:16:38,2024-12-06 14:35:25,27,9,1,1,9,0.3333,692.02
CUST_00474,1848.48,3,18,2024-04-29 18:03:43,2024-06-09 13:20:59,18,6,0,6,6,0.3333,616.16
CUST_00475,1767.44,4,26,2024-01-02 14:18:24,2024-11-06 10:07:43,11,0,1,3,4,0.0,441.86
CUST_00476,836.83,3,8,2024-01-21 09:33:06,2024-02-09 10:24:00,12,7,0,2,4,0.5833,278.94
CUST_00477,2785.15,5,30,2024-04-10 03:03:15,2024-12-22 12:29:00,8,5,1,3,4,0.625,557.03
CUST_00478,2932.93,6,33,2024-01-20 15:25:01,2024-10-16 20:25:12,2,2,1,0,2,1.0,488.82
CUST_00479,1601.6,1,12,2024-11-19 18:44:34,2024-11-19 18:44:34,8,8,2,3,3,1.0,1601.6
CUST_00480,913.12,2,8,2024-01-28 16:53:54,2024-11-07 19:57:50,9,2,3,3,5,0.2222,456.56
CUST_00481,4223.28,5,37,2024-03-11 03:54:43,2024-10-28 05:24:39,15,2,0,1,4,0.1333,844.66
CUST_00482,2147.41,2,16,2024-02-04 08:30:13,2024-12-14 23:01:03,32,13,1,4,8,0.4062,1073.7
CUST_00483,5331.0,5,42,2024-02-25 07:47:19,2024-06-27 20:49:46,14,5,1,2,3,0.3571,1066.2
CUST_00484,622.14,2,6,2024-12-04 05:05:30,2024-12-14 10:00:48,10,5,0,0,3,0.5,311.07
CUST_00485,1603.25,2,11,2024-09-13 17:59:18,2024-11-20 13:14:06,18,3,1,0,6,0.1667,801.62
CUST_00486,4366.96,5,29,2024-01-28 17:01:04,2024-04-21 18:53:33,14,7,4,2,5,0.5,873.39
CUST_00487,5292.98,4,39,2024-02-06 07:34:40,2024-08-21 15:19:13,25,9,3,1,4,0.36,1323.24
CUST_00488,2769.97,6,25,2024-05-10 19:16:50,2024-12-18 20:06:24,14,7,0,2,6,0.5,461.66
CUST_00489,0.0,0,0,,,21,13,5,5,7,0.619,0.0
CUST_00490,2104.83,3,20,2024-01-22 18:24:18,2024-09-09 10:24:28,15,5,0,1,3,0.3333,701.61
CUST_00491,0.0,0,0,,,40,9,3,3,8,0.225,0.0
CUST_00492,3857.43,4,36,2024-02-03 13:10:45,2024-09-17 14:23:41,8,2,2,0,3,0.25,964.36
CUST_00493,3888.87,6,32,2024-01-31 20:04:09,2024-11-11 23:54:37,5,5,2,3,3,1.0,648.14
CUST_00494,2343.77,3,16,2024-04-24 19:22:26,2024-11-30 02:57:09,25,8,1,1,9,0.32,781.26
CUST_00495,1531.91,3,16,2024-03-31 06:12:03,2024-10-23 21:34:29,16,3,0,3,5,0.1875,510.64
CUST_00496,2895.55,3,32,2024-01-21 03:32:20,2024-11-05 05:22:31,27,10,4,4,8,0.3704,965.18
CUST_00497,0.0,0,0,,,19,6,2,1,6,0.3158,0.0
CUST_00498,1809.14,2,12,2024-02-17 07:49:21,2024-11-23 10:02:04,22,4,3,3,5,0.1818,904.57
CUST_00499,1172.36,2,13,2024-03-15 21:26:53,2024-04-26 11:29:31,27,3,1,1,6,0.1111,586.18
CUST_00500,1818.83,4,17,2024-06-02 01:55:43,2024-08-20 16:09:51,12,3,0,2,3,0.25,454.71
CUST_00501,755.89,1,5,2024-06-02 07:03:25,2024-06-02 07:03:25,11,5,0,3,5,0.4545,755.89
CUST_00502,1852.76,2,17,2024-07-21 15:11:24,2024-12-02 00:43:36,20,4,0,2,6,0.2,926.38
CUST_00503,798.44,1,8,2024-01-16 00:59:36,2024-01-16 00:59:36,12,6,0,3,5,0.5,798.44
CUST_00504,2060.56,4,21,2024-01-17 14:08:47,2024-09-17 07:54:19,29,9,2,4,10,0.3103,515.14
CUST_00505,923.13,4,12,2024-05-20 12:25:51,2024-12-04 04:49:55,10,4,0,1,5,0.4,230.78
CUST_00506,3208.07,3,24,2024-02-07 15:55:02,2024-09-17 21:09:20,17,3,1,2,5,0.1765,1069.36
CUST_00507,2697.69,3,30,2024-03-11 22:07:55,2024-11-11 17:40:13,24,5,0,1,4,0.2083,899.23
CUST_00508,1283.0,2,12,2024-08-08 20:58:47,2024-09-29 23:12:19,39,13,2,8,10,0.3333,641.5
CUST_00509,2115.71,3,24,2024-01-21 17:43:38,2024-10-19 15:12:20,32,4,0,2,7,0.125,705.24
CUST_00510,0.0,0,0,,,13,3,0,3,4,0.2308,0.0
CUST_00511,3105.82,7,28,2024-01-07 13:08:52,2024-10-06 12:35:45,25,6,0,0,6,0.24,443.69
CUST_00512,737.51,1,9,2024-03-06 05:07:28,2024-03-06 05:07:28,24,6,3,4,6,0.25,737.51
CUST_00513,4943.09,3,41,2024-02-22 11:21:11,2024-10-15 14:31:04,25,5,1,3,8,0.2,1647.7
CUST_00514,3696.41,4,31,2024-03-22 11:51:35,2024-12-25 12:18:26,24,12,1,4,8,0.5,924.1
CUST_00515,2460.85,4,19,2024-01-15 11:35:23,2024-09-03 08:02:23,37,7,1,2,11,0.1892,615.21
CUST_00516,1459.0,1,11,2024-02-08 20:08:42,2024-02-08 20:08:42,21,8,1,4,5,0.381,1459.0
CUST_00517,2356.54,3,19,2024-01-17 13:46:05,2024-07-21 03:07:45,7,6,0,1,3,0.8571,785.51
CUST_00518,5928.76,7,56,2024-04-03 09:27:47,2024-09-04 17:22:33,14,3,0,7,3,0.2143,846.97
CUST_00519,3222.05,4,25,2024-03-06 18:38:20,2024-11-05 11:30:06,6,2,0,0,3,0.3333,805.51
CUST_00520,238.64,1,3,2024-12-15 20:21:10,2024-12-15 20:21:10,18,7,0,4,5,0.3889,238.64
CUST_00521,0.0,0,0,,,11,4,0,2,3,0.3636,0.0
CUST_00522,3904.47,5,31,2024-01-13 11:08:35,2024-08-29 03:06:42,8,2,1,2,5,0.25,780.89
CUST_00523,788.77,1,5,2024-03-11 15:10:22,2024-03-11 15:10:22,16,2,0,3,8,0.125,788.77
CUST_00524,611.06,2,8,2024-09-22 18:16:05,2024-10-06 06:50:16,22,6,4,9,6,0.2727,305.53
CUST_00525,565.9,2,6,2024-05-23 12:37:08,2024-07-20 09:54:27,19,13,1,5,7,0.6842,282.95
CUST_00526,1954.43,2,12,2024-02-10 05:11:34,2024-10-16 16:58:35,7,5,0,0,3,0.7143,977.22
CUST_00527,1262.76,2,8,2024-02-26 21:43:21,2024-10-10 03:44:44,22,3,2,1,5,0.1364,631.38
CUST_00528,1220.47,2,9,2024-02-05 17:18:10,2024-02-07 12:34:36,38,9,2,6,7,0.2368,610.24
CUST_00529,4891.77,4,37,2024-04-22 11:47:34,2024-06-29 01:57:22,18,7,1,7,6,0.3889,1222.94
CUST_00530,1143.48,3,11,2024-03-25 13:13:06,2024-08-22 22:38:49,10,1,1,1,4,0.1,381.16
CUST_00531,2200.76,3,22,2024-04-15 01:19:15,2024-09-29 21:14:10,25,8,1,5,9,0.32,733.59
CUST_00532,4329.62,4,46,2024-03-10 09:02:03,2024-12-27 14:18:46,39,8,3,3,10,0.2051,1082.4
CUST_00533,9338.93,10,76,2024-01-12 06:13:53,2024-11-24 22:14:36,19,4,1,1,5,0.2105,933.89
CUST_00534,415.47,1,3,2024-05-08 15:07:01,2024-05-08 15:07:01,11,2,2,2,4,0.1818,415.47
CUST_00535,4717.67,6,45,2024-01-06 13:53:36,2024-10-23 04:08:09,15,5,2,7,6,0.3333,786.28
CUST_00536,4702.01,5,42,2024-02-27 23:00:49,2024-11-04 16:59:14,37,13,4,3,8,0.3514,940.4
CUST_00537,1749.88,2,14,2024-09-17 20:36:23,2024-12-26 06:32:12,20,7,3,1,7,0.35,874.94
CUST_00538,4365.1,5,55,2024-03-23 00:26:08,2024-09-06 13:56:12,18,0,1,3,6,0.0,873.02
CUST_00539,567.15,1,5,2024-02-05 00:06:14,2024-02-05 00:06:14,16,8,1,2,5,0.5,567.15
CUST_00540,3540.73,6,38,2024-01-19 02:57:55,2024-12-25 01:28:29,12,2,0,1,3,0.1667,590.12
CUST_00541,1990.87,4,23,2024-05-30 05:35:37,2024-12-08 14:12:47,2,3,1,0,1,1.5,497.72
CUST_00542,537.09,1,4,2024-07-04 12:29:20,2024-07-04 12:29:20,33,6,2,2,8,0.1818,537.09
CUST_00543,878.56,1,6,2024-05-14 11:10:56,2024-05-14 11:10:56,23,4,1,8,7,0.1739,878.56
CUST_00544,2789.08,3,22,2024-04-06 23:09:38,2024-12-27 17:09:09,9,6,2,2,5,0.6667,929.69
CUST_00545,4273.63,4,33,2024-03-16 12:48:37,2024-12-23 18:44:59,8,8,2,3,3,1.0,1068.41
CUST_00546,971.31,2,7,2024-09-06 03:55:23,2024-09-22 10:55:12,25,10,3,5,7,0.4,485.65
CUST_00547,4740.97,6,38,2024-01-07 15:48:36,2024-09-04 11:16:50,27,3,1,3,6,0.1111,790.16
CUST_00548,2512.4,2,18,2024-09-08 01:17:17,2024-12-23 15:26:54,24,7,2,7,6,0.2917,1256.2
CUST_00549,3315.9,3,29,2024-05-13 02:30:05,2024-10-06 16:25:41,11,3,1,2,4,0.2727,1105.3
CUST_00550,4279.48,4,49,2024-04-18 00:19:34,2024-11-26 12:27:06,18,12,1,3,9,0.6667,1069.87
CUST_00551,2191.08,4,28,2024-01-13 05:30:59,2024-09-20 22:08:46,28,5,0,3,9,0.1786,547.77
CUST_00552,1280.48,2,12,2024-01-12 13:02:35,2024-10-11 20:11:07,34,14,3,9,9,0.4118,640.24
CUST_00553,1675.2,1,12,2024-10-07 13:05:03,2024-10-07 13:05:03,24,5,1,2,5,0.2083,1675.2
CUST_00554,2363.13,2,16,2024-01-21 12:25:37,2024-03-11 18:36:29,10,4,0,1,2,0.4,1181.57
CUST_00555,4455.68,3,31,2024-03-04 18:48:39,2024-10-24 10:01:52,7,3,2,2,3,0.4286,1485.23
CUST_00556,771.22,2,7,2024-01-14 00:06:25,2024-05-27 03:41:36,29,12,0,2,9,0.4138,385.61
CUST_00557,3594.25,3,31,2024-02-02 21:07:13,2024-12-24 08:31:28,34,5,1,2,9,0.1471,1198.08
CUST_00558,2608.25,4,26,2024-01-02 04:40:06,2024-10-29 21:32:22,11,6,2,3,3,0.5455,652.06
CUST_00559,5678.18,4,49,2024-01-12 07:37:18,2024-07-05 06:43:02,14,5,0,3,4,0.3571,1419.55
CUST_00560,1984.85,4,24,2024-04-22 11:13:25,2024-12-01 13:18:53,29,19,2,3,9,0.6552,496.21
CUST_00561,4977.17,6,38,2024-03-18 09:12:54,2024-12-29 04:27:11,22,10,4,1,6,0.4545,829.53
CUST_00562,1713.7,3,15,2024-04-21 15:24:47,2024-11-22 18:39:09,11,1,0,1,3,0.0909,571.23
CUST_00563,5218.24,6,44,2024-03-18 18:53:58,2024-12-06 20:10:30,19,10,2,4,6,0.5263,869.71
CUST_00564,2884.24,4,30,2024-01-03 00:17:40,2024-04-08 13:31:23,24,12,3,3,7,0.5,721.06
CUST_00565,1644.28,3,17,2024-06-18 05:24:50,2024-08-14 14:10:40,15,2,0,2,4,0.1333,548.09
CUST_00566,1997.18,3,13,2024-07-08 15:04:42,2024-11-07 09:01:32,27,6,5,1,7,0.2222,665.73
CUST_00567,2039.3,3,23,2024-02-28 13:50:37,2024-11-07 12:29:43,30,9,5,0,7,0.3,679.77
CUST_00568,371.41,1,3,2024-01-26 05:18:29,2024-01-26 05:18:29,8,3,3,2,3,0.375,371.41
CUST_00569,3681.27,4,31,2024-01-10 23:21:32,2024-05-07 03:31:10,49,9,4,3,9,0.1837,920.32
CUST_00570,1611.71,3,15,2024-02-29 16:30:22,2024-12-10 13:52:36,18,2,4,2,4,0.1111,537.24
CUST_00571,1747.25,3,15,2024-03-20 07:35:32,2024-11-07 13:27:35,21,7,2,3,7,0.3333,582.42
CUST_00572,2926.25,5,35,2024-01-11 05:11:54,2024-11-20 11:31:54,16,3,1,1,6,0.1875,585.25
CUST_00573,2663.09,3,27,2024-02-17 04:01:35,2024-09-09 01:46:59,38,11,1,3,8,0.2895,887.7
CUST_00574,4302.43,5,37,2024-02-27 11:41:00,2024-11-02 23:58:34,27,7,1,4,7,0.2593,860.49
CUST_00575,644.43,1,7,2024-04-03 05:10:48,2024-04-03 05:10:48,23,6,0,3,7,0.2609,644.43
CUST_00576,1610.07,3,19,2024-04-01 16:03:46,2024-12-12 22:04:32,0,0,0,0,0,0.0,536.69
CUST_00577,5777.21,3,53,2024-08-09 00:13:05,2024-11-05 16:45:40,36,14,6,1,8,0.3889,1925.74
CUST_00578,0.0,0,0,,,24,6,0,5,5,0.25,0.0
CUST_00579,2736.46,3,28,2024-01-31 16:16:15,2024-09-26 22:31:57,8,7,0,2,5,0.875,912.15
CUST_00580,2649.39,3,18,2024-06-26 16:53:26,2024-11-07 06:25:29,21,4,1,3,7,0.1905,883.13
CUST_00581,5139.38,6,38,2024-03-03 16:13:29,2024-12-17 11:36:36,23,8,0,6,7,0.3478,856.56
CUST_00582,2249.94,3,17,2024-01-14 22:18:39,2024-10-28 07:57:55,37,18,6,9,11,0.4865,749.98
CUST_00583,0.0,0,0,,,36,10,2,6,9,0.2778,0.0
CUST_00584,3613.21,4,30,2024-04-22 20:21:59,2024-09-24 05:03:51,15,6,1,5,5,0.4,903.3
CUST_00585,5903.33,3,44,2024-03-28 14:17:43,2024-08-29 05:48:17,9,8,1,3,5,0.8889,1967.78
CUST_00586,176.79,2,2,2024-01-27 13:38:32,2024-11-22 04:12:45,15,10,1,2,6,0.6667,88.39
CUST_00587,5908.63,9,55,2024-01-17 06:51:25,2024-12-07 05:44:32,21,6,1,3,5,0.2857,656.51
CUST_00588,588.49,1,6,2024-07-31 11:33:33,2024-07-31 11:33:33,7,2,1,2,3,0.2857,588.49
CUST_00589,3480.01,4,28,2024-01-20 12:49:20,2024-11-10 10:46:18,17,4,1,6,4,0.2353,870.0
CUST_00590,235.14,1,2,2024-08-28 02:27:22,2024-08-28 02:27:22,5,4,0,2,3,0.8,235.14
CUST_00591,3503.81,5,36,2024-02-11 11:34:43,2024-08-06 06:40:43,29,7,4,8,8,0.2414,700.76
CUST_00592,154.42,2,2,2024-09-30 04:41:19,2024-12-21 16:16:55,29,4,4,5,6,0.1379,77.21
CUST_00593,5741.97,5,40,2024-01-23 06:14:21,2024-05-28 23:16:50,5,7,1,2,3,1.4,1148.39
CUST_00594,2662.03,3,22,2024-03-24 22:48:19,2024-12-03 04:44:52,30,15,1,3,10,0.5,887.34
CUST_00595,2538.4,4,18,2024-03-22 11:39:57,2024-09-11 20:31:23,16,6,2,1,4,0.375,634.6
CUST_00596,3348.87,4,27,2024-01-05 19:44:50,2024-07-02 04:16:13,11,2,3,2,3,0.1818,837.22
CUST_00597,2627.42,3,26,2024-05-04 13:14:43,2024-10-27 04:07:06,22,3,3,1,5,0.1364,875.81
CUST_00598,2735.0,6,27,2024-01-07 07:10:49,2024-11-24 23:16:05,16,5,1,5,4,0.3125,455.83
CUST_00599,1344.28,3,12,2024-01-22 18:18:54,2024-10-12 19:16:11,5,0,0,1,1,0.0,448.09
CUST_00600,386.38,1,3,2024-04-08 22:12:56,2024-04-08 22:12:56,18,7,3,3,4,0.3889,386.38
CUST_00601,1466.12,2,8,2024-02-25 15:57:48,2024-12-19 02:13:00,24,8,2,5,6,0.3333,733.06
CUST_00602,2470.76,5,20,2024-01-22 17:08:15,2024-12-04 08:32:15,20,7,3,2,6,0.35,494.15
CUST_00603,1419.83,1,9,2024-06-23 17:44:55,2024-06-23 17:44:55,21,7,2,3,6,0.3333,1419.83
CUST_00604,3439.81,4,27,2024-02-16 17:06:29,2024-06-06 18:20:48,49,13,2,8,13,0.2653,859.95
CUST_00605,3552.64,6,24,2024-03-18 19:55:27,2024-09-11 18:54:13,28,10,1,8,9,0.3571,592.11
CUST_00606,6194.3,5,51,2024-01-25 18:26:35,2024-11-19 22:27:04,17,6,1,3,5,0.3529,1238.86
CUST_00607,3216.35,2,24,2024-02-18 00:32:27,2024-02-21 08:05:28,27,2,0,5,4,0.0741,1608.17
CUST_00608,3775.77,3,34,2024-03-21 01:24:10,2024-08-11 16:49:07,15,2,0,0,4,0.1333,1258.59
CUST_00609,2098.88,3,17,2024-01-14 10:57:22,2024-10-29 01:28:21,13,3,2,5,3,0.2308,699.63
CUST_00610,1313.31,2,16,2024-01-31 15:42:45,2024-09-10 13:08:45,18,7,0,5,5,0.3889,656.65
CUST_00611,774.37,2,6,2024-07-30 21:16:12,2024-12-20 20:48:40,12,3,0,0,4,0.25,387.19
CUST_00612,2458.43,4,19,2024-03-02 03:58:09,2024-12-02 02:43:44,7,0,1,0,4,0.0,614.61
CUST_00613,3101.42,5,40,2024-05-06 22:17:29,2024-10-23 20:21:08,31,10,2,7,11,0.3226,620.28
CUST_00614,585.0,1,4,2024-03-04 21:35:50,2024-03-04 21:35:50,49,12,3,2,8,0.2449,585.0
CUST_00615,3418.69,4,31,2024-03-03 23:06:21,2024-12-20 03:16:09,19,6,3,7,6,0.3158,854.67
CUST_00616,1649.2,2,13,2024-01-03 16:50:29,2024-01-10 04:45:47,15,9,1,5,5,0.6,824.6
CUST_00617,3295.94,5,27,2024-01-03 11:26:46,2024-12-05 19:31:37,15,14,0,4,7,0.9333,659.19
CUST_00618,3106.17,1,26,2024-09-29 10:24:33,2024-09-29 10:24:33,16,13,0,3,7,0.8125,3106.17
CUST_00619,2729.03,3,25,2024-03-10 03:42:43,2024-12-16 12:00:48,30,18,5,2,10,0.6,909.68
CUST_00620,968.57,1,10,2024-09-12 23:46:33,2024-09-12 23:46:33,36,12,1,1,9,0.3333,968.57
CUST_00621,3369.55,4,28,2024-06-12 08:59:33,2024-12-23 06:02:04,32,12,4,2,6,0.375,842.39
CUST_00622,1115.49,3,12,2024-06-14 19:06:12,2024-08-06 14:26:59,16,3,0,3,4,0.1875,371.83
CUST_00623,3768.58,4,32,2024-01-20 22:41:21,2024-07-29 00:49:20,19,6,2,3,5,0.3158,942.14
CUST_00624,2592.68,3,16,2024-01-20 06:36:15,2024-09-09 14:34:28,43,12,2,8,10,0.2791,864.23
CUST_00625,1523.1,3,23,2024-03-25 00:07:22,2024-10-13 21:56:22,18,6,2,6,8,0.3333,507.7
CUST_00626,4444.3,4,43,2024-04-17 18:11:12,2024-12-04 01:29:27,13,5,1,1,6,0.3846,1111.08
CUST_00627,2749.37,3,20,2024-04-28 02:38:46,2024-10-22 05:43:12,30,12,1,6,9,0.4,916.46
CUST_00628,1665.57,3,15,2024-03-24 16:22:40,2024-10-01 01:02:15,16,6,0,1,6,0.375,555.19
CUST_00629,2346.22,4,22,2024-03-03 15:00:10,2024-12-28 07:42:06,22,4,0,5,8,0.1818,586.55
CUST_00630,2848.23,3,19,2024-01-28 08:12:03,2024-12-03 18:28:22,18,2,2,1,4,0.1111,949.41
CUST_00631,2611.13,6,23,2024-05-14 09:56:34,2024-11-25 06:08:01,28,1,1,0,6,0.0357,435.19
CUST_00632,5051.56,8,59,2024-02-16 20:05:31,2024-12-28 23:36:49,32,9,1,5,7,0.2812,631.45
CUST_00633,2018.01,3,17,2024-01-30 01:26:59,2024-12-09 20:39:16,13,7,2,3,4,0.5385,672.67
CUST_00634,5296.98,4,43,2024-02-06 14:49:11,2024-12-25 12:44:39,21,6,0,1,6,0.2857,1324.24
CUST_00635,2921.2,4,28,2024-01-16 12:16:23,2024-12-09 14:55:35,19,0,1,3,4,0.0,730.3
CUST_00636,2925.69,4,20,2024-01-15 06:58:44,2024-12-27 10:27:03,13,3,2,1,5,0.2308,731.42
CUST_00637,1947.56,4,17,2024-01-23 23:24:26,2024-09-12 08:55:50,25,7,3,0,8,0.28,486.89
CUST_00638,1954.34,3,19,2024-03-02 03:09:59,2024-12-05 03:00:40,20,7,2,1,6,0.35,651.45
CUST_00639,2929.09,3,21,2024-10-29 12:13:58,2024-11-14 07:15:40,26,8,2,7,6,0.3077,976.36
CUST_00640,611.72,2,6,2024-01-02 16:01:32,2024-01-10 23:02:01,15,1,0,3,5,0.0667,305.86
CUST_00641,506.7,2,13,2024-03-15 12:40:31,2024-07-15 18:38:49,20,10,1,9,6,0.5,253.35
CUST_00642,11.24,1,2,2024-07-15 22:08:36,2024-07-15 22:08:36,31,12,3,7,9,0.3871,11.24
CUST_00643,3112.78,3,24,2024-04-15 13:37:00,2024-08-05 02:30:23,33,20,2,6,9,0.6061,1037.59
CUST_00644,1568.28,6,18,2024-01-21 19:10:32,2024-12-29 07:28:54,14,3,1,1,4,0.2143,261.38
CUST_00645,2192.08,3,28,2024-04-03 17:27:26,2024-12-31 10:22:12,17,5,2,2,5,0.2941,730.69
CUST_00646,3116.74,6,34,2024-02-28 14:34:38,2024-12-31 16:20:57,11,3,0,2,4,0.2727,519.46
CUST_00647,1255.69,2,14,2024-04-21 20:59:51,2024-06-07 00:39:08,26,6,4,8,7,0.2308,627.85
CUST_00648,3739.58,5,43,2024-01-12 17:21:05,2024-11-01 01:18:58,27,11,2,5,7,0.4074,747.92
CUST_00649,3800.71,7,28,2024-02-19 06:33:07,2024-11-18 05:58:09,18,5,0,3,4,0.2778,542.96
CUST_00650,2519.11,3,22,2024-02-17 00:16:50,2024-11-17 11:21:12,24,7,0,2,6,0.2917,839.7
CUST_00651,469.87,1,5,2024-02-05 21:00:50,2024-02-05 21:00:50,25,7,2,1,5,0.28,469.87
CUST_00652,2300.16,5,23,2024-03-30 23:38:26,2024-12-05 14:12:59,13,6,3,5,6,0.4615,460.03
CUST_00653,1435.67,3,11,2024-01-09 09:00:28,2024-04-05 02:17:34,25,11,2,2,7,0.44,478.56
CUST_00654,3391.01,3,31,2024-02-07 18:16:27,2024-11-26 12:48:25,14,2,1,3,5,0.1429,1130.34
CUST_00655,1714.88,3,12,2024-07-08 06:21:28,2024-12-28 12:04:57,29,4,1,8,6,0.1379,571.63
CUST_00656,2228.4,3,18,2024-01-13 02:15:05,2024-05-08 13:02:49,19,7,1,0,7,0.3684,742.8
CUST_00657,5963.76,6,48,2024-01-05 05:17:35,2024-12-21 16:43:15,11,0,0,1,3,0.0,993.96
CUST_00658,1007.65,2,6,2024-04-09 14:15:21,2024-11-28 02:27:52,5,4,2,2,2,0.8,503.82
CUST_00659,1331.98,2,10,2024-09-27 13:37:20,2024-10-21 07:30:44,20,6,0,3,5,0.3,665.99
CUST_00660,0.0,0,0,,,19,11,3,4,5,0.5789,0.0
CUST_00661,792.18,2,13,2024-07-28 10:05:37,2024-09-08 08:53:35,20,6,0,1,3,0.3,396.09
CUST_00662,1742.69,3,22,2024-01-27 11:18:51,2024-10-14 20:46:22,18,5,1,2,7,0.2778,580.9
CUST_00663,395.9,1,2,2024-02-08 22:39:52,2024-02-08 22:39:52,37,12,3,6,8,0.3243,395.9
CUST_00664,2268.64,5,21,2024-01-22 12:42:54,2024-08-29 11:59:27,12,3,0,0,3,0.25,453.73
CUST_00665,1655.73,2,17,2024-01-23 14:17:43,2024-03-11 05:36:23,6,2,1,5,3,0.3333,827.87
CUST_00666,6010.8,6,53,2024-05-13 08:59:11,2024-11-06 15:29:14,18,9,3,2,5,0.5,1001.8
CUST_00667,2524.37,4,25,2024-02-24 17:24:24,2024-09-26 21:01:09,32,11,1,4,9,0.3438,631.09
CUST_00668,5786.7,6,58,2024-02-09 18:36:13,2024-10-20 20:04:56,36,13,0,8,9,0.3611,964.45
CUST_00669,669.87,1,4,2024-04-29 09:02:08,2024-04-29 09:02:08,24,4,1,1,5,0.1667,669.87
CUST_00670,1081.62,2,9,2024-01-09 08:03:32,2024-01-24 07:34:46,21,7,3,4,7,0.3333,540.81
CUST_00671,0.0,0,0,,,18,10,0,1,4,0.5556,0.0
CUST_00672,128.81,1,1,2024-10-05 23:44:15,2024-10-05 23:44:15,13,4,2,2,4,0.3077,128.81
CUST_00673,3766.01,6,28,2024-06-03 05:59:59,2024-10-07 06:29:13,17,6,2,5,7,0.3529,627.67
CUST_00674,858.39,1,7,2024-05-07 20:35:45,2024-05-07 20:35:45,25,4,1,4,5,0.16,858.39
CUST_00675,746.74,1,6,2024-01-21 18:23:16,2024-01-21 18:23:16,14,6,2,2,5,0.4286,746.74
CUST_00676,4836.42,7,37,2024-04-26 20:26:14,2024-12-18 04:52:00,12,6,1,5,5,0.5,690.92
CUST_00677,694.98,1,8,2024-10-24 20:21:08,2024-10-24 20:21:08,20,9,1,4,5,0.45,694.98
CUST_00678,693.6,1,6,2024-01-21 02:41:32,2024-01-21 02:41:32,8,3,1,3,6,0.375,693.6
CUST_00679,1860.41,3,22,2024-10-07 01:54:45,2024-12-25 03:57:49,43,6,2,11,12,0.1395,620.14
CUST_00680,2055.62,3,34,2024-01-05 07:03:03,2024-10-21 01:40:19,14,3,0,3,5,0.2143,685.21
CUST_00681,2502.64,4,19,2024-01-05 00:13:49,2024-09-03 03:09:48,3,0,0,0,2,0.0,625.66
CUST_00682,1326.33,2,13,2024-07-09 00:28:07,2024-08-28 06:03:05,8,1,0,0,3,0.125,663.16
CUST_00683,3324.65,2,24,2024-05-06 06:10:30,2024-08-30 10:34:22,2,3,0,1,1,1.5,1662.33
CUST_00684,3309.21,3,34,2024-01-21 04:46:41,2024-02-13 21:45:48,26,9,0,6,6,0.3462,1103.07
CUST_00685,218.75,2,3,2024-03-23 06:57:33,2024-07-30 03:45:58,29,11,2,1,8,0.3793,109.38
CUST_00686,0.0,0,0,,,12,5,2,2,4,0.4167,0.0
CUST_00687,744.14,1,5,2024-12-22 23:56:53,2024-12-22 23:56:53,13,4,0,1,6,0.3077,744.14
CUST_00688,21.94,1,1,2024-10-08 04:16:34,2024-10-08 04:16:34,34,12,5,6,10,0.3529,21.94
CUST_00689,838.48,2,9,2024-09-27 09:56:49,2024-10-01 06:32:39,19,5,1,7,7,0.2632,419.24
CUST_00690,310.78,1,3,2024-10-18 05:54:58,2024-10-18 05:54:58,14,4,1,2,4,0.2857,310.78
CUST_00691,4356.1,5,34,2024-01-01 16:06:52,2024-12-01 18:15:51,27,13,2,6,9,0.4815,871.22
CUST_00692,2463.1,3,18,2024-01-20 08:00:39,2024-05-23 02:37:46,28,5,5,0,5,0.1786,821.03
CUST_00693,2563.88,2,24,2024-02-28 13:20:12,2024-05-22 07:41:48,17,13,2,2,6,0.7647,1281.94
CUST_00694,0.0,0,0,,,19,6,1,2,7,0.3158,0.0
CUST_00695,0.0,0,0,,,27,9,4,4,6,0.3333,0.0
CUST_00696,1557.66,2,16,2024-09-12 20:56:02,2024-10-08 04:54:31,5,3,0,0,3,0.6,778.83
CUST_00697,2803.8,5,31,2024-08-12 12:28:56,2024-12-14 09:10:09,6,1,0,1,4,0.1667,560.76
CUST_00698,1146.36,2,12,2024-05-13 16:18:09,2024-09-09 15:34:32,33,12,0,7,10,0.3636,573.18
CUST_00699,3398.56,5,27,2024-01-15 06:21:30,2024-10-19 12:49:20,18,7,2,2,4,0.3889,679.71
CUST_00700,3908.51,4,32,2024-08-05 21:16:18,2024-12-20 06:48:43,21,3,2,6,6,0.1429,977.13
CUST_00701,3585.45,5,48,2024-01-27 05:22:48,2024-09-13 07:30:13,23,6,2,3,6,0.2609,717.09
CUST_00702,4196.78,5,35,2024-01-09 14:07:42,2024-05-25 10:55:30,12,10,6,2,7,0.8333,839.36
CUST_00703,0.0,0,0,,,8,2,3,4,4,0.25,0.0
CUST_00704,258.05,3,6,2024-09-11 16:30:29,2024-11-27 00:32:44,14,4,1,1,3,0.2857,86.02
CUST_00705,175.88,1,1,2024-11-24 01:21:34,2024-11-24 01:21:34,18,8,3,4,7,0.4444,175.88
CUST_00706,597.44,1,15,2024-04-16 03:31:36,2024-04-16 03:31:36,12,1,1,1,3,0.0833,597.44
CUST_00707,2662.27,4,24,2024-01-16 04:49:51,2024-11-12 00:35:24,17,10,1,3,6,0.5882,665.57
CUST_00708,1378.52,2,11,2024-02-28 15:46:56,2024-10-23 05:07:15,20,5,0,2,4,0.25,689.26
CUST_00709,3507.83,4,31,2024-03-17 20:20:31,2024-12-19 12:00:24,17,11,0,0,4,0.6471,876.96
CUST_00710,4348.79,5,32,2024-02-14 17:12:55,2024-08-21 11:02:56,17,5,0,3,5,0.2941,869.76
CUST_00711,0.0,0,0,,,22,10,5,3,7,0.4545,0.0
CUST_00712,751.88,2,10,2024-03-09 09:22:27,2024-03-15 20:41:07,18,6,1,1,4,0.3333,375.94
CUST_00713,2487.43,4,23,2024-01-13 01:42:21,2024-08-27 01:00:53,31,11,1,5,8,0.3548,621.86
CUST_00714,5816.92,6,46,2024-01-29 06:06:34,2024-12-29 19:27:17,4,5,1,0,2,1.25,969.49
CUST_00715,5692.94,5,43,2024-02-12 16:35:16,2024-09-11 17:36:37,23,5,4,6,7,0.2174,1138.59
CUST_00716,636.91,1,9,2024-06-26 13:22:33,2024-06-26 13:22:33,28,12,4,4,8,0.4286,636.91
CUST_00717,219.69,1,6,2024-01-06 03:40:35,2024-01-06 03:40:35,31,12,5,5,7,0.3871,219.69
CUST_00718,2887.46,6,26,2024-06-10 04:34:19,2024-11-18 11:44:11,11,7,1,2,3,0.6364,481.24
CUST_00719,4212.21,5,41,2024-02-25 04:30:51,2024-11-21 23:08:17,21,4,1,3,5,0.1905,842.44
CUST_00720,3417.05,4,35,2024-02-16 09:17:22,2024-09-07 16:58:37,28,4,2,7,6,0.1429,854.26
CUST_00721,2923.76,4,23,2024-04-21 22:37:09,2024-12-18 01:02:41,15,6,2,1,5,0.4,730.94
CUST_00722,2786.22,4,25,2024-02-09 00:20:33,2024-10-11 23:28:04,26,6,4,2,6,0.2308,696.55
CUST_00723,493.64,1,3,2024-05-25 12:00:14,2024-05-25 12:00:14,10,4,0,0,4,0.4,493.64
CUST_00724,5867.24,4,39,2024-05-07 15:08:28,2024-10-26 23:52:26,28,8,3,4,7,0.2857,1466.81
CUST_00725,3377.91,3,26,2024-06-28 04:37:03,2024-12-12 04:47:34,45,11,3,5,10,0.2444,1125.97
CUST_00726,3051.84,6,34,2024-01-01 06:03:31,2024-12-26 01:13:41,13,3,0,3,5,0.2308,508.64
CUST_00727,2125.26,4,18,2024-06-25 20:03:22,2024-12-22 19:39:27,31,10,3,3,7,0.3226,531.32
CUST_00728,5656.3,5,40,2024-01-13 16:38:34,2024-08-09 08:56:45,33,7,2,8,8,0.2121,1131.26
CUST_00729,1255.34,2,9,2024-06-03 13:21:38,2024-07-14 16:37:38,22,10,1,5,6,0.4545,627.67
CUST_00730,5765.56,5,55,2024-01-16 01:45:39,2024-11-04 10:37:06,22,6,2,8,5,0.2727,1153.11
CUST_00731,2340.0,2,21,2024-04-12 02:45:22,2024-07-16 13:51:09,17,4,1,3,3,0.2353,1170.0
CUST_00732,2209.78,3,17,2024-07-04 01:49:07,2024-12-01 21:23:23,16,3,2,3,4,0.1875,736.59
CUST_00733,5173.59,7,48,2024-01-26 11:03:30,2024-10-25 17:03:39,31,6,1,6,8,0.1935,739.08
CUST_00734,1916.7,5,21,2024-04-15 01:47:52,2024-12-27 15:02:27,8,4,1,4,3,0.5,383.34
CUST_00735,5624.5,7,40,2024-01-05 23:10:21,2024-12-26 16:43:47,16,6,0,4,5,0.375,803.5
CUST_00736,1786.3,1,12,2024-06-20 12:50:06,2024-06-20 12:50:06,13,3,3,7,8,0.2308,1786.3
CUST_00737,4793.03,6,51,2024-01-08 08:50:47,2024-06-25 11:15:44,11,3,1,3,4,0.2727,798.84
CUST_00738,3092.76,4,31,2024-01-03 01:37:23,2024-12-06 22:31:28,15,8,1,0,3,0.5333,773.19
CUST_00739,5553.22,6,40,2024-02-13 09:59:12,2024-10-29 12:15:28,22,7,5,2,5,0.3182,925.54
CUST_00740,5383.97,6,55,2024-01-23 18:04:49,2024-12-08 02:33:04,29,14,2,2,9,0.4828,897.33
CUST_00741,4332.17,3,39,2024-01-17 06:04:50,2024-11-20 04:21:38,36,15,6,10,12,0.4167,1444.06
CUST_00742,1894.31,2,15,2024-10-22 22:41:44,2024-11-30 03:07:04,20,4,0,0,4,0.2,947.15
CUST_00743,1906.81,2,13,2024-03-14 06:31:20,2024-09-20 09:21:32,40,16,3,12,10,0.4,953.4
CUST_00744,215.33,2,6,2024-03-15 15:21:43,2024-05-21 18:40:49,35,6,3,7,6,0.1714,107.67
CUST_00745,4728.38,5,35,2024-06-03 06:44:25,2024-10-05 22:56:22,26,11,6,4,7,0.4231,945.68
CUST_00746,0.0,0,0,,,17,2,0,4,4,0.1176,0.0
CUST_00747,2593.71,4,27,2024-06-14 21:05:03,2024-11-11 03:42:23,30,9,2,4,10,0.3,648.43
CUST_00748,0.0,0,0,,,21,6,1,2,6,0.2857,0.0
CUST_00749,3877.83,4,32,2024-09-24 20:27:39,2024-11-10 06:05:29,51,8,3,8,13,0.1569,969.46
CUST_00750,7150.99,10,48,2024-02-07 05:30:38,2024-12-18 01:14:40,11,4,1,3,4,0.3636,715.1
CUST_00751,1074.8,2,8,2024-04-12 23:07:36,2024-10-23 23:25:17,1,0,0,0,1,0.0,537.4
CUST_00752,2539.17,2,24,2024-09-28 06:41:50,2024-09-28 16:52:51,31,12,5,3,8,0.3871,1269.59
CUST_00753,1121.43,1,7,2024-09-01 17:28:58,2024-09-01 17:28:58,22,2,0,2,6,0.0909,1121.43
CUST_00754,5613.81,6,47,2024-03-25 06:31:43,2024-11-18 13:16:43,26,11,1,3,8,0.4231,935.64
CUST_00755,1095.09,2,15,2024-03-10 09:01:43,2024-10-26 04:52:43,10,4,1,3,3,0.4,547.54
CUST_00756,1403.64,2,9,2024-03-13 09:15:07,2024-11-12 07:11:20,7,5,0,4,4,0.7143,701.82
CUST_00757,984.65,2,12,2024-04-01 23:05:50,2024-10-10 12:22:31,5,1,1,1,4,0.2,492.32
CUST_00758,1877.84,2,14,2024-01-24 09:05:13,2024-02-05 11:57:08,13,9,2,1,4,0.6923,938.92
CUST_00759,2561.74,2,20,2024-03-15 09:17:28,2024-03-30 07:56:11,9,4,0,1,3,0.4444,1280.87
CUST_00760,955.42,1,9,2024-08-14 01:45:23,2024-08-14 01:45:23,12,4,0,8,5,0.3333,955.42
CUST_00761,2950.51,3,29,2024-04-17 12:27:52,2024-09-20 23:12:54,17,5,2,2,6,0.2941,983.5
CUST_00762,160.73,1,2,2024-03-29 23:15:40,2024-03-29 23:15:40,20,17,1,4,5,0.85,160.73
CUST_00763,2214.77,3,19,2024-06-05 03:32:46,2024-10-20 19:41:31,24,6,2,5,7,0.25,738.26
CUST_00764,1803.22,2,15,2024-04-09 03:25:23,2024-06-29 08:33:01,40,7,4,3,7,0.175,901.61
CUST_00765,3832.57,4,27,2024-01-11 04:22:06,2024-12-11 05:44:22,28,8,2,4,9,0.2857,958.14
CUST_00766,175.88,1,1,2024-05-27 15:09:56,2024-05-27 15:09:56,18,5,1,5,5,0.2778,175.88
CUST_00767,1718.6,3,15,2024-03-22 23:17:59,2024-08-01 00:58:53,5,1,0,2,1,0.2,572.87
CUST_00768,2381.49,3,24,2024-06-16 09:01:12,2024-09-15 00:23:21,25,6,2,7,8,0.24,793.83
CUST_00769,4071.98,4,30,2024-06-12 04:19:30,2024-07-24 04:18:41,17,2,2,0,4,0.1176,1018.0
CUST_00770,2839.4,3,26,2024-01-02 05:09:55,2024-07-08 09:11:10,21,8,0,2,5,0.381,946.47
CUST_00771,5951.99,8,55,2024-02-04 15:17:15,2024-12-24 17:35:36,31,11,0,6,9,0.3548,744.0
CUST_00772,950.01,2,10,2024-04-15 22:40:29,2024-10-05 03:29:07,31,13,2,5,10,0.4194,475.0
CUST_00773,805.12,2,5,2024-09-27 21:09:23,2024-10-05 13:31:54,9,0,0,2,3,0.0,402.56
CUST_00774,875.46,2,11,2024-05-27 16:11:09,2024-11-11 08:18:22,16,3,1,3,3,0.1875,437.73
CUST_00775,0.0,0,0,,,6,0,0,4,3,0.0,0.0
CUST_00776,1289.35,2,11,2024-07-30 18:36:21,2024-09-16 08:54:27,17,5,1,1,4,0.2941,644.67
CUST_00777,1775.32,2,14,2024-01-02 14:57:56,2024-08-30 14:22:39,7,8,1,2,7,1.1429,887.66
CUST_00778,1812.82,3,18,2024-02-17 10:36:39,2024-08-13 23:12:20,23,8,1,7,6,0.3478,604.27
CUST_00779,1819.14,3,13,2024-07-12 19:00:39,2024-12-13 01:09:20,13,7,0,1,5,0.5385,606.38
CUST_00780,2883.1,3,19,2024-03-29 14:09:16,2024-10-14 15:57:57,32,9,1,2,7,0.2812,961.03
CUST_00781,2427.89,5,24,2024-03-15 22:12:52,2024-11-30 17:49:57,16,8,0,1,4,0.5,485.58
CUST_00782,0.0,0,0,,,18,9,2,3,6,0.5,0.0
CUST_00783,4754.98,7,42,2024-02-03 05:58:14,2024-10-17 06:21:05,17,8,1,3,5,0.4706,679.28
CUST_00784,677.81,1,6,2024-05-15 08:22:42,2024-05-15 08:22:42,4,2,0,1,2,0.5,677.81
CUST_00785,1883.64,4,20,2024-04-19 11:05:44,2024-12-02 22:42:35,16,5,4,5,6,0.3125,470.91
CUST_00786,2376.56,1,17,2024-11-16 16:24:36,2024-11-16 16:24:36,16,2,0,0,3,0.125,2376.56
CUST_00787,0.0,0,0,,,5,3,0,0,3,0.6,0.0
CUST_00788,1406.91,3,13,2024-02-03 09:44:55,2024-12-18 22:21:55,6,3,0,0,2,0.5,468.97
CUST_00789,1781.76,4,23,2024-03-07 19:47:31,2024-11-15 13:27:00,14,5,1,4,4,0.3571,445.44
CUST_00790,1152.62,2,10,2024-04-16 15:16:36,2024-10-04 11:06:35,29,7,3,5,7,0.2414,576.31
CUST_00791,5534.05,4,48,2024-01-09 07:01:22,2024-12-05 17:59:53,38,7,1,3,7,0.1842,1383.51
CUST_00792,3577.31,5,25,2024-03-09 03:43:52,2024-11-03 07:16:43,16,4,1,1,5,0.25,715.46
CUST_00793,3286.54,4,30,2024-01-01 14:44:06,2024-04-30 12:35:41,29,9,3,8,10,0.3103,821.63
CUST_00794,1090.81,1,11,2024-06-11 04:12:43,2024-06-11 04:12:43,10,2,0,2,4,0.2,1090.81
CUST_00795,1679.85,3,21,2024-01-17 02:08:40,2024-09-06 15:28:39,17,6,0,4,8,0.3529,559.95
CUST_00796,1985.78,2,18,2024-02-14 12:21:34,2024-09-11 10:01:23,34,9,4,7,10,0.2647,992.89
CUST_00797,4841.74,3,42,2024-06-25 14:39:40,2024-12-16 05:54:19,7,3,0,0,2,0.4286,1613.91
CUST_00798,3417.14,3,23,2024-04-06 14:58:46,2024-08-16 17:17:44,29,5,4,4,6,0.1724,1139.05
CUST_00799,1920.33,4,15,2024-02-16 13:41:22,2024-07-22 07:23:38,33,5,1,8,7,0.1515,480.08
CUST_00800,729.84,1,5,2024-11-12 14:21:47,2024-11-12 14:21:47,35,8,5,6,7,0.2286,729.84
CUST_00801,2545.77,2,22,2024-03-19 14:06:03,2024-04-06 05:46:43,9,0,1,1,6,0.0,1272.88
CUST_00802,2839.32,3,24,2024-03-20 20:54:20,2024-11-24 12:22:59,9,2,1,4,3,0.2222,946.44
CUST_00803,1855.92,2,13,2024-03-13 20:01:52,2024-12-04 14:08:37,26,7,2,6,7,0.2692,927.96
CUST_00804,4638.63,5,36,2024-02-24 12:11:44,2024-12-11 17:47:50,15,6,1,4,6,0.4,927.73
CUST_00805,4525.28,7,52,2024-02-06 04:35:24,2024-12-20 01:14:07,27,9,1,3,6,0.3333,646.47
CUST_00806,2294.77,3,17,2024-01-10 15:03:39,2024-06-17 21:54:46,29,7,2,8,10,0.2414,764.92
CUST_00807,112.64,1,1,2024-11-24 08:43:25,2024-11-24 08:43:25,30,10,1,2,7,0.3333,112.64
CUST_00808,4137.7,4,32,2024-01-20 06:51:44,2024-09-03 07:23:04,27,6,3,7,8,0.2222,1034.42
CUST_00809,1540.35,3,20,2024-04-08 12:05:08,2024-10-02 01:15:11,16,4,1,0,3,0.25,513.45
CUST_00810,2435.64,3,19,2024-02-21 12:11:02,2024-12-16 11:52:23,10,4,0,2,3,0.4,811.88
CUST_00811,3604.01,4,28,2024-02-28 12:28:11,2024-07-10 07:11:17,22,5,0,7,7,0.2273,901.0
CUST_00812,1705.19,2,20,2024-04-23 18:34:37,2024-12-15 11:25:09,45,12,0,8,10,0.2667,852.6
CUST_00813,6261.05,5,57,2024-01-30 12:20:18,2024-07-03 01:00:04,20,11,4,5,6,0.55,1252.21
CUST_00814,2194.33,2,19,2024-01-31 05:13:47,2024-04-03 15:10:50,27,5,1,2,9,0.1852,1097.16
CUST_00815,942.97,1,6,2024-09-17 14:38:47,2024-09-17 14:38:47,5,2,0,0,1,0.4,942.97
CUST_00816,5898.15,6,39,2024-01-27 23:42:12,2024-12-15 12:20:00,21,1,1,4,5,0.0476,983.02
CUST_00817,1471.79,3,14,2024-02-05 17:13:15,2024-11-05 17:00:07,34,7,2,5,9,0.2059,490.6
CUST_00818,2404.26,4,29,2024-02-05 07:34:46,2024-11-07 04:16:38,16,4,0,2,4,0.25,601.07
CUST_00819,750.49,2,9,2024-08-08 06:08:48,2024-10-29 03:06:09,17,4,1,3,7,0.2353,375.25
CUST_00820,2743.4,4,29,2024-03-12 18:17:29,2024-11-16 01:30:30,16,4,0,4,4,0.25,685.85
CUST_00821,1469.13,2,10,2024-08-23 17:18:08,2024-10-26 00:14:50,37,9,0,3,9,0.2432,734.57
CUST_00822,0.0,0,0,,,21,8,3,4,7,0.381,0.0
CUST_00823,3307.76,4,26,2024-02-14 13:09:50,2024-11-21 01:11:17,22,7,0,5,6,0.3182,826.94
CUST_00824,651.82,1,6,2024-10-03 21:09:57,2024-10-03 21:09:57,15,5,3,2,5,0.3333,651.82
CUST_00825,888.36,2,7,2024-04-15 13:55:34,2024-10-31 23:11:21,24,9,1,4,8,0.375,444.18
CUST_00826,2069.0,2,16,2024-10-19 21:23:15,2024-11-09 04:36:57,27,9,1,6,10,0.3333,1034.5
CUST_00827,4815.93,3,44,2024-06-19 12:47:14,2024-12-26 17:14:06,6,3,1,0,3,0.5,1605.31
CUST_00828,2546.84,6,31,2024-02-03 14:16:01,2024-12-20 17:04:29,48,14,3,4,9,0.2917,424.47
CUST_00829,3319.52,5,23,2024-02-24 01:43:06,2024-11-30 23:53:59,38,13,3,5,10,0.3421,663.9
CUST_00830,1518.68,2,16,2024-01-31 02:07:47,2024-05-21 04:37:40,5,1,0,2,2,0.2,759.34
CUST_00831,2673.56,2,25,2024-01-02 08:55:44,2024-10-21 06:59:23,21,6,1,5,4,0.2857,1336.78
CUST_00832,1140.15,2,9,2024-10-15 18:42:29,2024-12-30 15:03:05,8,7,1,3,3,0.875,570.08
CUST_00833,961.38,3,7,2024-01-15 05:34:30,2024-05-23 23:13:13,28,10,4,7,8,0.3571,320.46
CUST_00834,1810.4,2,13,2024-05-15 00:10:31,2024-09-23 23:56:15,6,2,2,2,4,0.3333,905.2
CUST_00835,1534.12,2,18,2024-03-24 07:11:35,2024-12-03 03:57:35,11,2,1,1,4,0.1818,767.06
CUST_00836,2756.13,4,21,2024-06-08 08:59:40,2024-10-19 16:00:16,32,7,2,5,7,0.2188,689.03
CUST_00837,17.38,1,1,2024-05-22 09:21:17,2024-05-22 09:21:17,25,10,2,4,7,0.4,17.38
CUST_00838,2626.27,3,24,2024-04-01 18:34:12,2024-11-07 18:45:58,18,6,1,2,5,0.3333,875.42
CUST_00839,2469.84,4,20,2024-02-16 17:30:37,2024-12-21 22:16:04,28,15,2,3,10,0.5357,617.46
CUST_00840,1088.97,1,9,2024-06-30 09:31:40,2024-06-30 09:31:40,24,6,2,5,5,0.25,1088.97
CUST_00841,4161.32,5,36,2024-02-24 06:12:51,2024-12-10 16:50:34,25,12,3,2,6,0.48,832.26
CUST_00842,2313.37,4,26,2024-03-14 18:46:53,2024-10-05 10:09:35,59,19,1,8,12,0.322,578.34
CUST_00843,2556.73,3,31,2024-03-18 17:27:52,2024-04-18 02:21:42,32,11,4,3,8,0.3438,852.24
CUST_00844,2844.82,3,23,2024-04-05 12:57:09,2024-12-15 15:35:49,9,3,0,1,3,0.3333,948.27
CUST_00845,0.0,0,0,,,24,10,1,4,6,0.4167,0.0
CUST_00846,4023.81,4,35,2024-02-20 11:03:23,2024-06-22 15:02:11,9,2,1,2,3,0.2222,1005.95
CUST_00847,3250.01,3,29,2024-07-20 03:02:24,2024-11-11 22:38:52,23,12,2,1,6,0.5217,1083.34
CUST_00848,1805.63,3,12,2024-01-29 12:17:48,2024-09-11 05:16:36,18,8,0,4,4,0.4444,601.88
CUST_00849,3792.22,4,30,2024-03-02 03:07:00,2024-06-23 04:18:20,9,6,0,1,3,0.6667,948.05
CUST_00850,3351.45,4,22,2024-08-05 19:50:37,2024-11-06 12:28:47,4,2,0,1,2,0.5,837.86
CUST_00851,2558.92,2,24,2024-06-24 12:10:20,2024-12-01 20:46:42,36,12,1,9,9,0.3333,1279.46
CUST_00852,2007.04,2,17,2024-01-20 16:37:47,2024-12-31 08:00:09,49,20,5,11,12,0.4082,1003.52
CUST_00853,406.12,2,3,2024-03-04 06:43:02,2024-04-17 08:28:57,27,3,1,5,5,0.1111,203.06
CUST_00854,1772.23,4,15,2024-04-27 23:29:47,2024-08-12 05:44:09,5,1,1,3,3,0.2,443.06
CUST_00855,1506.31,4,11,2024-05-27 17:44:21,2024-11-14 14:12:20,10,1,0,0,3,0.1,376.58
CUST_00856,91.86,1,3,2024-03-19 07:59:36,2024-03-19 07:59:36,13,2,1,2,3,0.1538,91.86
CUST_00857,2299.41,4,32,2024-01-28 00:39:20,2024-10-20 05:27:48,39,13,3,6,11,0.3333,574.85
CUST_00858,219.76,1,2,2024-10-09 10:54:49,2024-10-09 10:54:49,20,7,1,2,5,0.35,219.76
CUST_00859,2342.92,3,18,2024-04-06 21:53:21,2024-12-27 04:23:07,35,8,0,4,7,0.2286,780.97
CUST_00860,3759.02,5,33,2024-03-25 17:10:45,2024-12-13 19:30:01,14,8,1,3,5,0.5714,751.8
CUST_00861,3054.83,3,26,2024-06-02 05:17:35,2024-10-05 13:07:43,35,10,2,3,8,0.2857,1018.28
CUST_00862,291.79,1,2,2024-10-08 12:39:08,2024-10-08 12:39:08,15,1,2,3,4,0.0667,291.79
CUST_00863,2355.86,3,18,2024-06-16 04:54:06,2024-11-25 08:35:05,2,4,1,2,1,2.0,785.29
CUST_00864,1346.01,3,14,2024-02-17 16:05:41,2024-08-12 09:05:21,20,6,1,3,6,0.3,448.67
CUST_00865,370.44,1,5,2024-04-12 18:40:50,2024-04-12 18:40:50,13,7,2,0,5,0.5385,370.44
CUST_00866,1398.81,1,10,2024-02-12 23:10:19,2024-02-12 23:10:19,38,6,1,3,10,0.1579,1398.81
CUST_00867,1571.98,1,20,2024-02-28 08:20:31,2024-02-28 08:20:31,13,2,1,0,4,0.1538,1571.98
CUST_00868,1968.38,2,20,2024-08-19 21:28:32,2024-12-26 18:06:04,32,15,4,5,11,0.4688,984.19
CUST_00869,2097.46,4,21,2024-02-28 11:52:50,2024-11-24 16:28:48,28,6,1,5,7,0.2143,524.37
CUST_00870,490.08,2,7,2024-01-05 09:17:53,2024-10-04 12:52:06,21,6,0,3,6,0.2857,245.04
CUST_00871,2058.94,2,17,2024-03-13 02:16:19,2024-06-25 20:56:14,38,10,1,4,11,0.2632,1029.47
CUST_00872,2123.4,3,25,2024-02-08 19:33:42,2024-08-15 06:04:43,29,6,0,2,6,0.2069,707.8
CUST_00873,62.22,1,1,2024-04-29 10:41:02,2024-04-29 10:41:02,8,2,0,0,2,0.25,62.22
CUST_00874,2447.71,3,20,2024-07-15 11:11:13,2024-12-01 21:55:34,19,11,0,2,6,0.5789,815.9
CUST_00875,186.66,1,3,2024-07-26 10:04:46,2024-07-26 10:04:46,2,0,0,0,1,0.0,186.66
CUST_00876,896.55,2,10,2024-06-01 03:28:51,2024-07-17 12:29:13,17,7,2,2,5,0.4118,448.27
CUST_00877,4296.42,5,35,2024-01-15 09:04:46,2024-10-14 18:34:12,18,8,4,4,6,0.4444,859.28
CUST_00878,4816.03,4,37,2024-01-02 05:48:17,2024-12-10 08:11:49,27,6,1,4,6,0.2222,1204.01
CUST_00879,1226.2,2,10,2024-06-15 09:03:15,2024-11-18 05:19:46,17,5,0,5,7,0.2941,613.1
CUST_00880,0.0,0,0,,,13,3,1,1,3,0.2308,0.0
CUST_00881,0.0,0,0,,,18,5,0,4,4,0.2778,0.0
CUST_00882,3317.48,4,30,2024-02-22 02:54:33,2024-10-22 10:24:55,12,6,4,3,5,0.5,829.37
CUST_00883,2624.23,1,21,2024-10-20 04:34:48,2024-10-20 04:34:48,24,13,2,2,7,0.5417,2624.23
CUST_00884,1244.34,2,15,2024-07-11 05:58:20,2024-11-09 14:13:19,16,2,1,0,4,0.125,622.17
CUST_00885,989.92,1,8,2024-08-17 19:49:07,2024-08-17 19:49:07,18,4,2,3,6,0.2222,989.92
CUST_00886,2340.42,4,21,2024-04-28 02:04:02,2024-07-22 22:17:26,24,4,3,6,6,0.1667,585.11
CUST_00887,261.69,3,4,2024-08-17 17:56:00,2024-11-05 00:40:09,66,15,8,12,12,0.2273,87.23
CUST_00888,1597.97,3,22,2024-01-06 19:11:11,2024-09-25 07:12:15,33,10,0,5,8,0.303,532.66
CUST_00889,2715.59,3,18,2024-07-05 04:16:40,2024-08-20 18:40:22,28,8,3,0,7,0.2857,905.2
CUST_00890,4572.55,5,42,2024-05-12 18:51:31,2024-12-25 13:02:04,28,13,2,4,6,0.4643,914.51
CUST_00891,1852.96,3,20,2024-02-09 23:17:08,2024-10-12 03:51:17,16,8,2,5,5,0.5,617.65
CUST_00892,2326.76,4,25,2024-06-11 09:43:12,2024-10-23 08:16:13,28,10,3,5,9,0.3571,581.69
CUST_00893,3335.05,4,28,2024-03-03 09:38:49,2024-09-14 04:15:59,33,7,1,7,9,0.2121,833.76
CUST_00894,0.0,0,0,,,19,6,2,4,6,0.3158,0.0
CUST_00895,904.25,2,16,2024-10-19 07:15:34,2024-10-22 21:02:46,28,11,2,3,6,0.3929,452.12
CUST_00896,4388.75,4,38,2024-04-08 15:42:08,2024-12-13 07:37:53,48,13,2,6,10,0.2708,1097.19
CUST_00897,1063.31,3,10,2024-04-05 06:50:38,2024-11-02 12:35:35,20,7,1,3,5,0.35,354.44
CUST_00898,2193.04,4,19,2024-02-21 20:57:04,2024-11-27 12:33:58,51,13,6,7,13,0.2549,548.26
CUST_00899,1629.84,2,16,2024-08-11 13:50:21,2024-09-30 01:18:16,28,4,3,4,8,0.1429,814.92
CUST_00900,2011.2,2,18,2024-12-13 12:55:45,2024-12-25 08:48:03,48,13,1,5,9,0.2708,1005.6
CUST_00901,1557.18,3,13,2024-02-22 23:10:02,2024-11-04 14:00:23,24,13,1,1,8,0.5417,519.06
CUST_00902,781.38,2,6,2024-09-12 11:00:18,2024-09-18 12:03:17,10,2,0,0,2,0.2,390.69
CUST_00903,5013.43,6,39,2024-04-18 12:51:20,2024-09-19 21:17:10,17,9,1,4,6,0.5294,835.57
CUST_00904,3630.41,6,35,2024-01-25 12:13:43,2024-09-28 09:03:35,16,7,0,3,3,0.4375,605.07
CUST_00905,3326.67,6,29,2024-02-29 11:54:14,2024-10-13 14:53:12,20,7,1,6,5,0.35,554.45
CUST_00906,1225.82,1,10,2024-04-03 23:49:54,2024-04-03 23:49:54,34,11,4,3,7,0.3235,1225.82
CUST_00907,2630.42,3,24,2024-08-10 08:08:23,2024-12-09 01:51:15,15,13,0,6,7,0.8667,876.81
CUST_00908,1595.59,1,16,2024-01-01 05:04:39,2024-01-01 05:04:39,25,12,2,1,8,0.48,1595.59
CUST_00909,5444.4,7,50,2024-01-01 20:28:37,2024-11-15 01:00:05,1,1,0,0,1,1.0,777.77
CUST_00910,2921.37,4,29,2024-04-13 06:32:14,2024-11-13 04:13:33,17,9,1,3,4,0.5294,730.34
CUST_00911,5714.67,7,50,2024-02-19 23:42:21,2024-12-12 08:23:21,23,4,1,5,5,0.1739,816.38
CUST_00912,2329.05,2,21,2024-08-24 03:33:35,2024-10-09 11:30:05,17,3,3,4,4,0.1765,1164.53
CUST_00913,2722.05,5,31,2024-02-05 18:39:25,2024-11-20 05:06:05,23,13,3,3,6,0.5652,544.41
CUST_00914,1488.97,4,14,2024-01-28 09:20:04,2024-11-23 21:36:32,24,5,2,3,6,0.2083,372.24
CUST_00915,0.0,0,0,,,11,6,0,2,3,0.5455,0.0
CUST_00916,674.47,2,5,2024-08-08 00:50:53,2024-11-23 23:12:01,12,2,0,4,3,0.1667,337.24
CUST_00917,2304.45,3,22,2024-02-25 19:34:59,2024-09-24 14:14:38,12,8,1,2,5,0.6667,768.15
CUST_00918,453.99,1,6,2024-07-16 02:48:34,2024-07-16 02:48:34,19,6,0,1,5,0.3158,453.99
CUST_00919,6672.86,3,46,2024-01-10 07:42:15,2024-11-25 01:10:26,18,3,2,6,4,0.1667,2224.29
CUST_00920,4584.23,4,36,2024-01-09 01:15:38,2024-10-22 23:59:51,14,6,1,0,4,0.4286,1146.06
CUST_00921,1449.01,4,13,2024-04-19 14:13:30,2024-10-17 17:32:13,25,13,2,5,8,0.52,362.25
CUST_00922,1938.21,3,15,2024-04-05 08:26:10,2024-12-31 15:16:52,20,1,4,2,5,0.05,646.07
CUST_00923,1322.58,2,14,2024-09-09 13:34:47,2024-09-20 04:34:39,32,7,1,4,8,0.2188,661.29
CUST_00924,4054.46,6,45,2024-02-28 22:01:21,2024-11-17 13:17:32,10,8,0,0,4,0.8,675.74
CUST_00925,4941.72,6,48,2024-01-16 05:28:27,2024-11-30 01:05:29,13,2,1,0,2,0.1538,823.62
CUST_00926,2797.62,3,22,2024-02-10 11:40:43,2024-08-30 13:26:08,31,9,3,4,10,0.2903,932.54
CUST_00927,2761.35,4,24,2024-04-17 06:32:13,2024-11-23 11:33:18,29,16,4,13,9,0.5517,690.34
CUST_00928,0.0,0,0,,,21,2,1,5,6,0.0952,0.0
CUST_00929,2134.61,2,17,2024-02-16 20:53:38,2024-07-07 01:28:22,18,4,0,2,6,0.2222,1067.31
CUST_00930,702.4,1,6,2024-10-07 21:58:44,2024-10-07 21:58:44,26,9,1,4,9,0.3462,702.4
CUST_00931,1002.55,2,7,2024-06-09 10:02:57,2024-12-16 22:45:21,21,11,1,2,8,0.5238,501.27
CUST_00932,1528.56,2,11,2024-05-20 03:39:19,2024-06-11 01:49:43,17,6,0,0,6,0.3529,764.28
CUST_00933,5896.88,6,59,2024-01-09 07:51:56,2024-06-07 06:54:07,22,6,2,4,6,0.2727,982.81
CUST_00934,2839.39,3,22,2024-05-28 14:19:27,2024-12-08 03:32:38,21,5,1,4,7,0.2381,946.46
CUST_00935,1453.98,2,11,2024-05-01 17:51:52,2024-07-20 22:41:35,26,8,1,5,7,0.3077,726.99
CUST_00936,1426.11,1,11,2024-05-24 09:16:33,2024-05-24 09:16:33,11,6,0,3,4,0.5455,1426.11
CUST_00937,4071.08,4,33,2024-02-04 22:36:16,2024-12-28 06:43:55,31,6,0,7,7,0.1935,1017.77
CUST_00938,3197.07,4,23,2024-04-28 12:33:10,2024-12-25 08:54:30,8,3,1,2,5,0.375,799.27
CUST_00939,3822.86,2,25,2024-05-08 23:45:45,2024-10-07 01:21:50,12,3,0,2,3,0.25,1911.43
CUST_00940,1535.59,4,18,2024-02-16 18:46:46,2024-12-30 10:43:24,10,2,1,5,4,0.2,383.9
CUST_00941,3864.45,5,33,2024-02-03 13:59:57,2024-08-15 17:00:14,16,5,0,0,4,0.3125,772.89
CUST_00942,948.71,2,16,2024-08-08 03:23:35,2024-09-14 05:12:35,58,10,7,6,13,0.1724,474.36
CUST_00943,1310.35,3,23,2024-02-23 14:59:52,2024-07-13 06:46:58,23,6,1,4,8,0.2609,436.78
CUST_00944,1823.97,2,16,2024-06-23 08:41:06,2024-06-30 04:26:15,46,19,6,5,10,0.413,911.99
CUST_00945,2163.29,3,19,2024-01-20 23:49:08,2024-04-28 10:14:21,10,6,2,2,3,0.6,721.1
CUST_00946,990.3,1,6,2024-08-19 14:29:04,2024-08-19 14:29:04,15,8,2,3,4,0.5333,990.3
CUST_00947,2736.83,3,29,2024-02-08 16:08:00,2024-07-25 11:26:24,22,4,3,6,5,0.1818,912.28
CUST_00948,3095.13,3,29,2024-01-27 09:30:25,2024-06-08 12:19:49,15,5,1,3,5,0.3333,1031.71
CUST_00949,4597.67,3,34,2024-08-26 21:59:10,2024-10-04 21:35:22,17,6,1,1,4,0.3529,1532.56
CUST_00950,3605.77,3,37,2024-03-25 01:23:57,2024-12-05 19:57:19,10,1,3,2,5,0.1,1201.92
CUST_00951,1779.66,4,19,2024-01-29 06:03:43,2024-11-21 17:00:51,20,7,3,6,6,0.35,444.92
CUST_00952,0.0,0,0,,,25,6,2,3,6,0.24,0.0
CUST_00953,9490.02,6,79,2024-01-23 21:17:41,2024-08-21 15:54:13,13,2,3,1,4,0.1538,1581.67
CUST_00954,0.0,0,0,,,22,3,2,1,4,0.1364,0.0
CUST_00955,2684.63,4,34,2024-04-09 12:21:56,2024-12-25 03:54:29,18,4,0,3,4,0.2222,671.16
CUST_00956,2007.53,3,17,2024-02-18 10:11:15,2024-04-14 02:00:38,24,11,1,3,6,0.4583,669.18
CUST_00957,32.85,1,1,2024-01-30 00:08:14,2024-01-30 00:08:14,13,7,1,2,3,0.5385,32.85
CUST_00958,2204.02,4,15,2024-01-04 14:51:43,2024-12-20 20:37:42,34,11,4,3,9,0.3235,551.0
CUST_00959,3857.98,1,24,2024-11-19 08:57:23,2024-11-19 08:57:23,19,1,1,2,3,0.0526,3857.98
CUST_00960,997.2,3,12,2024-06-15 16:43:20,2024-10-13 09:45:54,19,11,0,2,4,0.5789,332.4
CUST_00961,258.44,2,4,2024-02-08 20:29:15,2024-06-02 18:03:18,11,7,0,1,4,0.6364,129.22
CUST_00962,4227.14,6,32,2024-01-12 05:57:01,2024-12-25 11:29:20,19,7,0,5,5,0.3684,704.52
CUST_00963,4249.17,4,33,2024-01-31 14:45:15,2024-09-18 06:54:36,26,3,1,4,7,0.1154,1062.29
CUST_00964,3931.0,5,27,2024-06-05 19:27:39,2024-12-14 15:33:11,54,14,1,5,11,0.2593,786.2
CUST_00965,375.57,1,4,2024-04-25 12:10:56,2024-04-25 12:10:56,28,6,2,4,6,0.2143,375.57
CUST_00966,3877.23,4,31,2024-05-04 23:44:49,2024-08-03 16:08:39,21,6,0,3,5,0.2857,969.31
CUST_00967,932.85,1,7,2024-12-29 07:29:34,2024-12-29 07:29:34,23,2,2,6,6,0.087,932.85
CUST_00968,3913.57,5,33,2024-01-03 10:50:26,2024-11-29 02:55:23,16,0,3,5,7,0.0,782.71
CUST_00969,3337.76,4,36,2024-01-06 15:47:30,2024-03-05 14:07:54,13,5,1,3,5,0.3846,834.44
CUST_00970,2112.66,3,15,2024-02-10 22:41:44,2024-10-03 13:31:57,16,5,1,7,6,0.3125,704.22
CUST_00971,2713.95,2,25,2024-10-29 11:39:24,2024-11-11 20:42:34,12,4,1,1,4,0.3333,1356.97
CUST_00972,0.0,0,0,,,44,8,5,7,9,0.1818,0.0
CUST_00973,1486.58,2,11,2024-05-23 04:21:18,2024-06-21 12:13:55,32,8,2,4,8,0.25,743.29
CUST_00974,831.15,1,6,2024-09-22 04:54:49,2024-09-22 04:54:49,23,5,3,4,7,0.2174,831.15
CUST_00975,1157.18,1,14,2024-08-16 16:30:25,2024-08-16 16:30:25,40,9,2,4,10,0.225,1157.18
CUST_00976,4406.21,5,35,2024-02-21 05:08:33,2024-12-24 14:47:49,20,7,2,2,8,0.35,881.24
CUST_00977,0.0,0,0,,,26,10,1,7,7,0.3846,0.0
CUST_00978,5808.7,6,52,2024-01-23 11:43:21,2024-08-29 02:58:22,12,2,2,1,4,0.1667,968.12
CUST_00979,625.81,1,7,2024-05-04 13:05:08,2024-05-04 13:05:08,14,6,2,3,8,0.4286,625.81
CUST_00980,1422.01,1,14,2024-07-05 16:52:45,2024-07-05 16:52:45,11,5,1,3,4,0.4545,1422.01
CUST_00981,2200.58,5,19,2024-03-09 01:05:05,2024-11-13 12:26:57,39,12,6,6,10,0.3077,440.12
CUST_00982,2674.78,3,25,2024-04-08 05:58:17,2024-12-09 21:50:52,13,4,1,2,4,0.3077,891.59
CUST_00983,807.53,1,8,2024-06-18 13:16:39,2024-06-18 13:16:39,11,3,2,1,6,0.2727,807.53
CUST_00984,846.02,1,12,2024-06-24 06:20:44,2024-06-24 06:20:44,9,4,0,3,2,0.4444,846.02
CUST_00985,2425.29,4,19,2024-06-08 07:11:13,2024-12-15 09:41:27,26,5,0,7,6,0.1923,606.32
CUST_00986,3194.5,3,23,2024-03-07 07:44:34,2024-08-16 04:56:00,18,6,3,3,6,0.3333,1064.83
CUST_00987,1953.56,5,17,2024-01-31 02:48:10,2024-07-25 01:05:32,6,2,1,2,3,0.3333,390.71
CUST_00988,2291.73,3,14,2024-01-18 03:41:57,2024-10-11 15:30:19,18,3,0,1,3,0.1667,763.91
CUST_00989,560.57,1,5,2024-12-03 15:02:04,2024-12-03 15:02:04,34,10,4,1,9,0.2941,560.57
CUST_00990,714.15,1,8,2024-07-05 00:26:08,2024-07-05 00:26:08,11,5,0,1,3,0.4545,714.15
CUST_00991,1589.16,4,16,2024-06-18 05:50:34,2024-11-30 15:31:01,13,8,0,4,6,0.6154,397.29
CUST_00992,0.0,0,0,,,21,4,2,2,5,0.1905,0.0
CUST_00993,466.03,1,4,2024-01-13 06:15:30,2024-01-13 06:15:30,21,5,1,4,7,0.2381,466.03
CUST_00994,4566.91,6,39,2024-03-22 20:12:52,2024-11-28 20:10:00,20,7,0,2,4,0.35,761.15
CUST_00995,4814.44,4,45,2024-02-09 13:47:20,2024-08-15 11:54:13,28,15,2,4,8,0.5357,1203.61
CUST_00996,888.91,3,16,2024-01-04 11:13:56,2024-11-16 14:24:08,26,2,1,2,4,0.0769,296.3
CUST_00997,3117.24,4,27,2024-04-28 22:02:49,2024-12-18 02:16:32,10,6,1,4,5,0.6,779.31
CUST_00998,1681.74,2,14,2024-04-08 02:10:02,2024-12-19 03:18:51,24,9,1,4,5,0.375,840.87
CUST_00999,401.67,2,5,2024-01-16 11:40:58,2024-10-18 10:56:45,23,3,0,1,4,0.1304,200.84
CUST_01000,2192.53,4,20,2024-07-19 09:24:42,2024-12-22 19:36:17,3,1,1,1,2,0.3333,548.13
CUST_01001,8821.33,6,69,2024-04-23 13:29:02,2024-08-12 07:28:29,21,3,3,3,5,0.1429,1470.22
CUST_01002,2919.05,4,26,2024-09-24 08:19:20,2024-12-23 16:28:08,18,8,2,4,6,0.4444,729.76
CUST_01003,3808.39,4,28,2024-01-12 01:06:14,2024-10-20 23:34:13,31,8,2,2,8,0.2581,952.1
CUST_01004,2035.6,1,16,2024-03-29 16:16:56,2024-03-29 16:16:56,17,7,0,0,5,0.4118,2035.6
CUST_01005,4787.12,4,35,2024-05-07 07:42:35,2024-10-09 01:43:27,12,4,1,1,4,0.3333,1196.78
CUST_01006,1727.77,2,13,2024-02-28 21:07:08,2024-07-05 08:39:41,16,11,0,5,7,0.6875,863.88
CUST_01007,3175.88,4,32,2024-05-26 18:14:36,2024-09-08 09:04:19,0,2,0,0,1,0.0,793.97
CUST_01008,1738.24,2,13,2024-02-23 03:45:51,2024-05-28 19:32:42,22,9,5,5,9,0.4091,869.12
CUST_01009,817.85,1,6,2024-10-25 08:38:27,2024-10-25 08:38:27,28,14,5,6,8,0.5,817.85
CUST_01010,2321.26,4,21,2024-01-21 22:13:36,2024-08-27 19:22:55,28,7,0,3,7,0.25,580.32
CUST_01011,7263.98,4,53,2024-04-04 02:53:32,2024-10-06 23:16:11,18,3,1,4,4,0.1667,1815.99
CUST_01012,893.75,2,10,2024-11-04 23:07:45,2024-11-17 01:25:01,1,2,0,0,2,2.0,446.88
CUST_01013,2484.71,4,27,2024-01-14 02:50:02,2024-11-22 04:05:22,13,4,0,1,6,0.3077,621.18
CUST_01014,2863.94,4,27,2024-04-25 14:50:54,2024-09-15 18:38:59,34,2,2,4,6,0.0588,715.99
CUST_01015,924.84,1,7,2024-04-17 13:31:32,2024-04-17 13:31:32,24,4,0,5,5,0.1667,924.84
CUST_01016,1563.7,3,21,2024-04-05 00:41:49,2024-05-07 02:37:09,13,5,1,3,4,0.3846,521.23
CUST_01017,4757.37,8,39,2024-02-16 00:02:54,2024-12-02 01:15:01,23,7,0,7,6,0.3043,594.67
CUST_01018,1455.43,3,17,2024-01-31 03:58:31,2024-11-07 06:04:20,20,6,1,8,5,0.3,485.14
CUST_01019,6372.73,10,54,2024-03-09 01:17:45,2024-11-20 00:30:36,19,8,1,0,8,0.4211,637.27
CUST_01020,5067.53,6,44,2024-02-13 03:22:00,2024-09-28 10:02:26,20,2,3,6,4,0.1,844.59
CUST_01021,2324.94,3,22,2024-01-03 05:03:28,2024-12-22 07:26:25,14,1,2,1,6,0.0714,774.98
CUST_01022,772.37,2,9,2024-02-14 00:35:45,2024-09-16 07:30:19,23,3,2,4,7,0.1304,386.19
CUST_01023,2035.92,2,19,2024-09-16 00:16:11,2024-11-20 19:12:16,30,12,1,9,9,0.4,1017.96
CUST_01024,2137.22,3,20,2024-02-06 18:54:12,2024-11-19 00:15:07,12,4,1,3,4,0.3333,712.41
CUST_01025,7950.25,7,58,2024-01-21 06:21:03,2024-11-19 02:48:21,37,16,2,2,9,0.4324,1135.75
CUST_01026,1350.28,2,11,2024-01-11 01:04:41,2024-02-14 10:58:22,41,8,1,5,11,0.1951,675.14
CUST_01027,2084.64,3,19,2024-02-08 03:18:45,2024-09-23 04:05:20,14,4,2,4,6,0.2857,694.88
CUST_01028,1441.27,1,11,2024-07-16 00:56:57,2024-07-16 00:56:57,14,4,1,1,5,0.2857,1441.27
CUST_01029,1453.17,2,18,2024-03-11 21:32:44,2024-06-28 07:47:00,32,12,2,10,8,0.375,726.59
CUST_01030,2943.37,5,26,2024-03-19 20:54:36,2024-12-12 00:40:56,27,10,3,7,11,0.3704,588.67
CUST_01031,3116.43,2,23,2024-04-19 07:17:45,2024-12-31 05:30:40,30,8,3,6,7,0.2667,1558.21
CUST_01032,1197.77,2,11,2024-07-11 19:15:34,2024-09-26 16:41:45,15,4,3,1,6,0.2667,598.88
CUST_01033,3053.33,7,42,2024-02-21 01:55:03,2024-12-14 04:15:19,15,6,1,0,5,0.4,436.19
CUST_01034,3691.62,4,36,2024-01-15 12:08:02,2024-07-09 19:07:14,13,2,1,0,3,0.1538,922.9
CUST_01035,1303.68,2,19,2024-05-19 06:06:27,2024-07-09 17:24:42,29,11,0,6,10,0.3793,651.84
CUST_01036,1220.15,3,10,2024-07-03 05:41:39,2024-09-25 16:23:10,21,8,1,4,5,0.381,406.72
CUST_01037,2853.54,2,21,2024-01-05 17:47:04,2024-09-25 11:22:57,10,6,1,1,3,0.6,1426.77
CUST_01038,2239.62,3,16,2024-05-20 14:21:23,2024-12-09 14:40:33,20,6,2,3,6,0.3,746.54
CUST_01039,327.7,2,3,2024-03-06 12:39:07,2024-06-02 17:48:09,24,13,2,6,6,0.5417,163.85
CUST_01040,4822.52,2,30,2024-07-11 16:40:41,2024-08-12 07:42:19,7,4,1,1,2,0.5714,2411.26
CUST_01041,256.65,2,4,2024-05-19 19:31:22,2024-06-27 11:30:27,11,3,1,3,4,0.2727,128.32
CUST_01042,659.5,2,5,2024-07-04 01:40:09,2024-09-19 17:40:34,13,2,1,2,4,0.1538,329.75
CUST_01043,2403.04,4,21,2024-05-04 17:57:52,2024-11-13 01:53:44,6,1,0,2,1,0.1667,600.76
CUST_01044,1634.03,4,21,2024-04-26 16:53:30,2024-12-28 22:13:13,40,12,3,10,10,0.3,408.51
CUST_01045,242.83,2,3,2024-01-03 04:36:59,2024-05-25 08:44:18,9,5,0,2,3,0.5556,121.42
CUST_01046,2301.55,3,23,2024-08-14 09:00:48,2024-12-28 15:26:26,30,5,1,4,7,0.1667,767.18
CUST_01047,2627.89,3,20,2024-02-13 19:43:20,2024-04-26 20:28:51,18,4,0,3,6,0.2222,875.96
CUST_01048,472.93,1,5,2024-10-26 12:34:04,2024-10-26 12:34:04,29,16,1,7,8,0.5517,472.93
CUST_01049,1073.13,1,10,2024-03-17 14:42:23,2024-03-17 14:42:23,6,1,1,1,2,0.1667,1073.13
CUST_01050,236.53,1,3,2024-05-18 00:29:10,2024-05-18 00:29:10,16,10,2,5,7,0.625,236.53
CUST_01051,3874.74,2,26,2024-09-21 10:30:00,2024-10-17 05:41:58,25,7,0,5,4,0.28,1937.37
CUST_01052,0.0,0,0,,,27,12,4,3,10,0.4444,0.0
CUST_01053,373.06,1,4,2024-02-19 18:53:51,2024-02-19 18:53:51,18,3,3,3,6,0.1667,373.06
CUST_01054,2352.74,3,14,2024-04-18 08:44:04,2024-10-06 01:49:13,58,13,7,6,13,0.2241,784.25
CUST_01055,52.14,1,3,2024-11-01 01:59:33,2024-11-01 01:59:33,27,3,1,4,6,0.1111,52.14
CUST_01056,950.7,2,18,2024-08-16 00:22:10,2024-12-07 05:51:56,23,11,3,5,9,0.4783,475.35
CUST_01057,1220.92,3,19,2024-07-02 19:06:42,2024-12-20 12:29:12,10,5,0,3,4,0.5,406.97
CUST_01058,1722.73,4,17,2024-03-06 15:24:18,2024-12-08 12:19:16,27,10,5,2,9,0.3704,430.68
CUST_01059,1186.46,3,12,2024-04-17 02:31:47,2024-06-02 11:25:26,29,11,2,6,10,0.3793,395.49
CUST_01060,6936.35,6,55,2024-03-27 05:12:00,2024-11-28 19:18:48,14,4,0,1,3,0.2857,1156.06
CUST_01061,1226.08,2,10,2024-02-10 02:42:20,2024-04-09 04:06:25,20,3,2,5,6,0.15,613.04
CUST_01062,4295.73,4,28,2024-01-04 16:31:22,2024-04-09 23:33:43,27,8,1,3,6,0.2963,1073.93
CUST_01063,2035.29,3,18,2024-02-06 22:11:29,2024-12-16 09:47:47,24,6,0,1,5,0.25,678.43
CUST_01064,151.51,1,2,2024-12-28 13:26:29,2024-12-28 13:26:29,23,6,1,1,6,0.2609,151.51
CUST_01065,1863.38,3,21,2024-03-02 03:01:07,2024-05-20 04:24:35,34,9,2,2,9,0.2647,621.13
CUST_01066,834.29,2,8,2024-04-28 02:32:55,2024-11-21 04:33:16,19,4,2,3,5,0.2105,417.14
CUST_01067,1357.05,2,18,2024-03-06 23:16:13,2024-10-17 00:55:42,17,3,1,3,5,0.1765,678.52
CUST_01068,938.62,2,11,2024-06-04 21:34:40,2024-08-04 04:34:54,8,1,0,3,3,0.125,469.31
CUST_01069,2504.94,5,29,2024-01-13 05:07:01,2024-07-15 15:22:47,17,5,1,6,7,0.2941,500.99
CUST_01070,2245.88,2,16,2024-02-10 16:06:29,2024-05-01 18:33:02,20,7,1,2,6,0.35,1122.94
CUST_01071,0.0,0,0,,,11,3,0,1,3,0.2727,0.0
CUST_01072,648.4,1,5,2024-03-28 01:45:28,2024-03-28 01:45:28,9,3,0,0,3,0.3333,648.4
CUST_01073,490.49,3,5,2024-04-01 10:53:06,2024-12-05 16:24:45,42,10,2,9,11,0.2381,163.5
CUST_01074,2009.8,3,14,2024-07-26 10:28:28,2024-10-06 04:02:36,13,5,1,3,7,0.3846,669.93
CUST_01075,0.0,0,0,,,42,10,1,10,11,0.2381,0.0
CUST_01076,720.49,2,5,2024-08-15 09:51:27,2024-11-10 16:01:06,4,1,0,2,3,0.25,360.25
CUST_01077,387.32,1,3,2024-01-18 02:56:15,2024-01-18 02:56:15,38,9,5,5,8,0.2368,387.32
CUST_01078,2943.44,4,27,2024-01-31 18:17:17,2024-10-25 11:58:30,20,7,1,5,4,0.35,735.86
CUST_01079,3615.8,5,25,2024-03-28 20:43:51,2024-08-26 00:56:10,7,1,0,0,1,0.1429,723.16
CUST_01080,1407.04,1,8,2024-01-09 19:54:22,2024-01-09 19:54:22,17,2,4,1,4,0.1176,1407.04
CUST_01081,3551.05,3,23,2024-01-20 10:27:59,2024-10-10 05:12:23,26,4,0,2,8,0.1538,1183.68
CUST_01082,1200.2,1,12,2024-07-15 06:45:13,2024-07-15 06:45:13,12,1,1,1,3,0.0833,1200.2
CUST_01083,4373.35,5,43,2024-03-02 16:11:16,2024-10-25 06:16:02,11,2,1,2,4,0.1818,874.67
CUST_01084,7512.98,6,62,2024-02-14 19:52:23,2024-11-25 04:08:10,21,6,2,2,5,0.2857,1252.16
CUST_01085,2953.44,3,20,2024-03-10 02:25:22,2024-11-28 10:16:28,27,8,5,5,8,0.2963,984.48
CUST_01086,3896.9,6,42,2024-02-05 09:27:26,2024-11-27 01:42:35,3,4,0,0,3,1.3333,649.48
CUST_01087,0.0,0,0,,,16,2,3,5,6,0.125,0.0
CUST_01088,2586.68,3,24,2024-01-15 20:34:58,2024-11-10 20:27:09,36,11,0,4,9,0.3056,862.23
CUST_01089,3332.59,5,36,2024-01-20 19:17:22,2024-12-28 00:03:58,23,9,1,4,5,0.3913,666.52
CUST_01090,861.48,3,14,2024-01-26 23:47:25,2024-11-04 16:07:11,30,16,1,4,8,0.5333,287.16
CUST_01091,1607.33,2,10,2024-04-02 17:28:15,2024-10-28 16:02:19,8,6,2,1,4,0.75,803.66
CUST_01092,2986.0,2,21,2024-07-26 06:20:50,2024-12-21 20:02:55,20,4,4,1,6,0.2,1493.0
CUST_01093,2232.94,4,19,2024-01-08 22:09:46,2024-12-26 08:12:11,45,14,5,6,11,0.3111,558.24
CUST_01094,3467.3,4,40,2024-05-23 14:44:18,2024-10-18 08:13:52,13,7,0,0,6,0.5385,866.83
CUST_01095,758.76,3,6,2024-01-17 18:02:40,2024-11-04 17:20:37,10,3,2,3,3,0.3,252.92
CUST_01096,3288.83,4,27,2024-01-12 05:51:47,2024-08-31 16:35:31,9,3,0,1,3,0.3333,822.21
CUST_01097,2066.55,2,15,2024-01-28 23:16:59,2024-02-21 08:12:15,34,10,2,2,10,0.2941,1033.28
CUST_01098,1008.02,1,7,2024-09-28 07:43:39,2024-09-28 07:43:39,27,10,1,1,8,0.3704,1008.02
CUST_01099,1025.04,2,11,2024-07-11 07:20:03,2024-10-07 07:09:26,16,3,0,1,3,0.1875,512.52
CUST_01100,3667.13,6,30,2024-01-19 07:27:40,2024-08-06 16:04:20,28,7,3,3,7,0.25,611.19
CUST_01101,1922.99,2,14,2024-08-31 19:38:22,2024-10-11 15:27:25,23,2,0,0,4,0.087,961.5
CUST_01102,625.15,1,5,2024-02-05 05:55:16,2024-02-05 05:55:16,2,0,0,0,1,0.0,625.15
CUST_01103,724.93,3,18,2024-05-22 08:54:38,2024-10-14 19:29:59,8,0,0,1,4,0.0,241.64
CUST_01104,9254.23,7,80,2024-07-02 01:15:25,2024-12-08 22:20:50,30,6,4,1,7,0.2,1322.03
CUST_01105,6836.19,6,51,2024-01-24 06:11:13,2024-12-06 14:55:00,7,3,0,2,3,0.4286,1139.37
CUST_01106,1912.69,3,14,2024-04-07 21:28:28,2024-11-30 18:16:13,7,1,0,0,2,0.1429,637.56
CUST_01107,3566.91,4,30,2024-01-09 18:15:52,2024-08-27 04:43:09,16,8,0,0,4,0.5,891.73
CUST_01108,875.6,2,8,2024-09-27 15:10:10,2024-11-03 08:58:21,33,12,0,7,8,0.3636,437.8
CUST_01109,1769.89,2,17,2024-02-25 09:32:26,2024-07-27 04:33:01,28,8,1,7,6,0.2857,884.95
CUST_01110,186.53,1,2,2024-06-29 10:37:05,2024-06-29 10:37:05,3,3,1,2,2,1.0,186.53
CUST_01111,218.65,1,3,2024-07-21 21:52:03,2024-07-21 21:52:03,3,0,1,0,2,0.0,218.65
CUST_01112,5265.12,4,39,2024-01-21 14:47:25,2024-12-05 17:16:30,52,11,3,6,11,0.2115,1316.28
CUST_01113,360.62,2,5,2024-03-20 15:56:19,2024-11-12 20:39:59,35,15,2,1,7,0.4286,180.31
CUST_01114,850.86,2,9,2024-04-20 13:22:50,2024-08-15 15:42:31,20,6,1,5,5,0.3,425.43
CUST_01115,159.49,1,5,2024-07-22 10:40:30,2024-07-22 10:40:30,12,5,1,2,3,0.4167,159.49
CUST_01116,1293.77,3,10,2024-04-19 19:46:40,2024-07-18 07:47:54,8,4,0,3,3,0.5,431.26
CUST_01117,1617.9,3,16,2024-05-10 02:07:21,2024-11-18 12:33:57,23,7,2,2,6,0.3043,539.3
CUST_01118,3077.4,3,25,2024-03-15 21:07:56,2024-08-06 17:50:46,21,11,1,3,6,0.5238,1025.8
CUST_01119,0.0,0,0,,,6,3,2,0,2,0.5,0.0
CUST_01120,2902.2,4,21,2024-02-18 08:11:28,2024-08-11 23:08:50,16,2,1,1,3,0.125,725.55
CUST_01121,282.26,1,2,2024-04-21 18:23:29,2024-04-21 18:23:29,23,5,0,3,6,0.2174,282.26
CUST_01122,3002.42,5,34,2024-01-11 05:41:07,2024-12-08 18:00:59,36,10,2,3,9,0.2778,600.48
CUST_01123,2458.07,3,20,2024-02-06 05:59:30,2024-06-27 05:18:38,8,1,1,3,3,0.125,819.36
CUST_01124,2906.76,6,28,2024-01-18 16:14:13,2024-12-27 05:42:51,34,12,4,5,8,0.3529,484.46
CUST_01125,3081.25,6,38,2024-02-18 14:40:18,2024-09-05 08:17:09,18,3,2,1,6,0.1667,513.54
CUST_01126,3302.31,5,28,2024-07-27 01:26:27,2024-10-17 01:19:51,16,2,2,2,5,0.125,660.46
CUST_01127,3067.34,4,31,2024-06-21 04:53:50,2024-12-21 21:47:55,37,7,3,4,10,0.1892,766.84
CUST_01128,1915.88,4,17,2024-05-31 22:08:52,2024-08-18 20:28:18,21,2,2,1,7,0.0952,478.97
CUST_01129,3452.64,2,25,2024-05-08 18:16:53,2024-08-24 07:54:05,28,6,2,2,7,0.2143,1726.32
CUST_01130,1005.45,2,14,2024-06-02 04:04:08,2024-12-17 08:42:26,35,9,8,6,10,0.2571,502.73
CUST_01131,4238.6,5,42,2024-03-22 13:39:08,2024-12-22 22:44:43,29,5,2,6,8,0.1724,847.72
CUST_01132,2822.88,4,22,2024-02-23 02:13:08,2024-11-25 00:43:02,9,6,2,1,4,0.6667,705.72
CUST_01133,4254.61,5,41,2024-02-13 17:38:03,2024-12-25 20:35:35,23,2,1,5,8,0.087,850.92
CUST_01134,3315.51,3,21,2024-01-18 02:55:06,2024-09-30 16:10:03,3,1,1,2,3,0.3333,1105.17
CUST_01135,4817.54,4,34,2024-04-11 10:03:56,2024-10-12 21:09:34,10,2,1,0,3,0.2,1204.38
CUST_01136,3950.73,3,39,2024-01-22 03:36:14,2024-12-02 17:28:09,16,5,1,2,6,0.3125,1316.91
CUST_01137,2576.09,3,21,2024-02-11 17:36:53,2024-08-13 03:40:27,7,4,2,5,3,0.5714,858.7
CUST_01138,4762.99,4,34,2024-01-01 00:51:57,2024-12-26 02:34:38,9,5,0,0,3,0.5556,1190.75
CUST_01139,1981.14,3,15,2024-01-24 10:07:13,2024-04-07 21:17:07,17,8,3,2,7,0.4706,660.38
CUST_01140,2079.6,3,21,2024-01-20 13:18:09,2024-11-23 05:55:13,29,9,0,3,7,0.3103,693.2
CUST_01141,2767.48,4,21,2024-01-19 23:53:40,2024-10-18 10:56:51,27,9,0,5,9,0.3333,691.87
CUST_01142,1956.56,2,19,2024-08-10 22:59:59,2024-09-11 07:29:32,28,12,3,5,11,0.4286,978.28
CUST_01143,1065.34,2,8,2024-04-08 16:24:28,2024-05-04 01:03:22,25,6,0,5,6,0.24,532.67
CUST_01144,1442.66,1,22,2024-02-01 02:37:38,2024-02-01 02:37:38,8,0,1,1,3,0.0,1442.66
CUST_01145,2876.68,5,30,2024-06-29 13:31:14,2024-12-07 02:09:22,1,1,0,1,1,1.0,575.34
CUST_01146,1244.02,4,12,2024-03-09 15:17:30,2024-12-15 14:33:05,18,5,3,3,7,0.2778,311.0
CUST_01147,2516.63,2,19,2024-01-02 23:08:00,2024-12-01 04:31:39,33,8,2,2,7,0.2424,1258.32
CUST_01148,569.54,2,8,2024-06-03 12:30:20,2024-12-04 23:33:56,21,6,0,1,6,0.2857,284.77
CUST_01149,2183.57,3,21,2024-02-19 02:48:55,2024-11-22 12:15:24,19,3,3,7,6,0.1579,727.86
CUST_01150,1514.26,3,28,2024-05-05 00:25:52,2024-11-29 11:47:28,13,3,1,1,6,0.2308,504.75
CUST_01151,1686.19,5,22,2024-01-23 18:06:35,2024-10-17 10:13:08,17,7,3,4,7,0.4118,337.24
CUST_01152,633.73,2,9,2024-06-01 13:24:10,2024-08-19 19:07:00,9,4,0,1,3,0.4444,316.87
CUST_01153,1904.98,2,13,2024-01-18 15:56:54,2024-04-13 04:00:24,16,6,3,3,5,0.375,952.49
CUST_01154,1436.59,3,17,2024-01-16 11:22:37,2024-06-28 00:12:26,30,8,2,4,10,0.2667,478.86
CUST_01155,2900.61,4,25,2024-03-18 03:40:48,2024-10-29 04:38:30,13,5,0,2,4,0.3846,725.15
CUST_01156,492.76,2,4,2024-04-14 13:04:49,2024-07-07 17:11:19,23,8,3,3,6,0.3478,246.38
CUST_01157,1632.05,4,20,2024-04-06 09:38:18,2024-10-27 09:47:55,14,7,1,1,5,0.5,408.01
CUST_01158,562.46,1,10,2024-08-11 05:40:06,2024-08-11 05:40:06,10,3,0,2,4,0.3,562.46
CUST_01159,4254.96,4,38,2024-01-10 14:16:26,2024-10-08 23:17:08,16,4,2,1,5,0.25,1063.74
CUST_01160,1141.93,4,12,2024-02-25 13:35:50,2024-11-14 09:00:23,4,1,2,0,2,0.25,285.48
CUST_01161,1461.03,3,12,2024-04-07 19:50:30,2024-08-10 22:50:27,20,2,2,3,6,0.1,487.01
CUST_01162,1242.51,2,18,2024-02-03 07:14:02,2024-08-21 17:12:01,26,10,0,6,8,0.3846,621.25
CUST_01163,1352.94,1,12,2024-03-24 00:09:00,2024-03-24 00:09:00,21,2,1,3,7,0.0952,1352.94
CUST_01164,402.16,3,7,2024-03-08 15:09:50,2024-11-24 12:40:25,8,1,0,5,2,0.125,134.05
CUST_01165,4477.51,6,45,2024-01-26 00:20:23,2024-09-21 14:17:28,12,15,1,4,5,1.25,746.25
CUST_01166,2711.45,3,27,2024-05-04 11:06:57,2024-10-09 00:06:11,22,7,1,0,5,0.3182,903.82
CUST_01167,2505.18,2,21,2024-11-17 13:38:46,2024-11-28 05:54:48,24,4,1,4,5,0.1667,1252.59
CUST_01168,3296.82,5,25,2024-01-07 22:14:46,2024-05-22 21:42:21,17,5,0,3,4,0.2941,659.36
CUST_01169,1395.66,3,10,2024-02-25 22:29:47,2024-11-04 17:57:59,24,6,2,2,5,0.25,465.22
CUST_01170,2895.11,2,23,2024-01-13 13:49:52,2024-09-26 12:22:06,24,6,2,3,6,0.25,1447.56
CUST_01171,206.48,1,3,2024-04-01 01:38:18,2024-04-01 01:38:18,46,12,5,3,9,0.2609,206.48
CUST_01172,3190.17,3,29,2024-01-21 10:37:56,2024-06-28 04:04:02,0,1,0,0,1,0.0,1063.39
CUST_01173,304.9,1,6,2024-10-28 06:25:47,2024-10-28 06:25:47,11,4,0,1,5,0.3636,304.9
CUST_01174,4076.73,4,34,2024-06-29 02:28:57,2024-10-03 08:38:49,15,9,3,3,6,0.6,1019.18
CUST_01175,2017.52,2,17,2024-01-20 01:41:02,2024-03-28 17:23:42,45,16,7,8,13,0.3556,1008.76
CUST_01176,4101.42,4,41,2024-01-30 19:11:05,2024-06-07 18:54:57,24,4,3,4,6,0.1667,1025.36
CUST_01177,3681.53,4,35,2024-02-24 15:23:56,2024-06-14 20:25:41,18,5,3,6,6,0.2778,920.38
CUST_01178,3136.98,3,23,2024-03-29 08:19:32,2024-11-29 09:55:52,3,2,0,1,3,0.6667,1045.66
CUST_01179,3966.06,5,29,2024-04-14 14:37:09,2024-09-26 02:37:56,10,4,0,0,3,0.4,793.21
CUST_01180,3061.07,2,19,2024-03-10 00:59:02,2024-10-11 02:40:39,7,8,2,0,4,1.1429,1530.54
CUST_01181,2223.08,2,24,2024-04-02 06:58:02,2024-10-25 22:35:15,11,10,0,3,4,0.9091,1111.54
CUST_01182,1456.55,2,14,2024-10-11 16:26:55,2024-12-30 18:01:26,21,8,1,6,6,0.381,728.27
CUST_01183,2761.73,4,21,2024-03-21 13:32:44,2024-12-26 02:20:25,21,7,3,1,6,0.3333,690.43
CUST_01184,2585.49,3,20,2024-02-24 11:39:30,2024-07-13 17:31:49,19,5,0,1,5,0.2632,861.83
CUST_01185,4067.4,8,38,2024-01-22 01:06:35,2024-10-21 05:54:13,18,3,2,1,6,0.1667,508.43
CUST_01186,1780.36,2,17,2024-11-25 02:23:26,2024-12-06 11:50:19,21,6,1,5,6,0.2857,890.18
CUST_01187,3938.26,5,40,2024-01-16 15:27:24,2024-12-26 07:45:15,13,6,2,1,6,0.4615,787.65
CUST_01188,4212.03,8,43,2024-04-22 09:51:37,2024-12-24 04:12:37,12,9,0,3,5,0.75,526.5
CUST_01189,1203.93,1,9,2024-11-07 04:31:16,2024-11-07 04:31:16,16,4,1,2,5,0.25,1203.93
CUST_01190,1329.67,1,8,2024-01-02 20:10:07,2024-01-02 20:10:07,7,2,1,1,3,0.2857,1329.67
CUST_01191,3079.72,4,30,2024-08-07 14:18:52,2024-12-14 22:11:06,20,10,2,5,8,0.5,769.93
CUST_01192,3229.6,3,28,2024-01-15 09:01:31,2024-10-01 05:00:55,6,3,1,0,3,0.5,1076.53
CUST_01193,2450.38,3,24,2024-01-13 16:13:31,2024-09-13 03:38:13,45,12,4,5,9,0.2667,816.79
CUST_01194,3992.65,6,39,2024-02-11 20:32:06,2024-11-18 20:06:28,13,4,3,4,3,0.3077,665.44
CUST_01195,0.0,0,0,,,14,1,1,0,4,0.0714,0.0
CUST_01196,5029.6,6,45,2024-02-01 19:41:59,2024-09-15 21:41:34,7,4,1,2,3,0.5714,838.27
CUST_01197,940.25,1,7,2024-10-16 10:58:12,2024-10-16 10:58:12,13,3,1,1,3,0.2308,940.25
CUST_01198,1138.28,2,10,2024-03-28 17:01:10,2024-06-24 12:44:37,23,8,0,5,7,0.3478,569.14
CUST_01199,2025.1,2,13,2024-04-18 10:29:05,2024-05-13 16:48:32,6,4,2,2,2,0.6667,1012.55
CUST_01200,1393.86,3,13,2024-07-01 20:19:51,2024-10-28 12:37:33,24,1,3,3,6,0.0417,464.62
CUST_01201,3563.26,2,31,2024-03-29 03:49:28,2024-05-24 08:31:57,20,7,2,0,4,0.35,1781.63
CUST_01202,830.59,1,9,2024-05-18 14:24:45,2024-05-18 14:24:45,28,5,0,5,7,0.1786,830.59
CUST_01203,490.98,2,5,2024-04-12 19:39:22,2024-09-07 12:26:26,21,4,2,2,5,0.1905,245.49
CUST_01204,2073.49,2,27,2024-03-15 10:30:46,2024-08-26 05:29:20,12,6,1,5,6,0.5,1036.74
CUST_01205,4736.67,7,50,2024-01-25 05:42:30,2024-11-02 15:29:29,30,8,0,3,8,0.2667,676.67
CUST_01206,3968.22,4,46,2024-04-27 07:14:05,2024-10-06 14:21:18,11,6,0,0,5,0.5455,992.05
CUST_01207,5128.53,5,48,2024-02-19 10:58:22,2024-11-23 05:37:58,22,7,1,2,6,0.3182,1025.71
CUST_01208,3472.31,4,29,2024-02-29 23:29:49,2024-11-19 07:56:40,12,5,2,3,4,0.4167,868.08
CUST_01209,2821.74,5,29,2024-03-14 18:36:42,2024-12-22 12:20:07,36,21,2,2,12,0.5833,564.35
CUST_01210,4839.71,4,37,2024-01-09 12:29:30,2024-11-05 22:24:48,20,3,2,2,5,0.15,1209.93
CUST_01211,3332.92,7,34,2024-02-26 09:11:07,2024-09-07 22:44:19,16,4,0,2,4,0.25,476.13
CUST_01212,3091.62,2,21,2024-02-13 13:10:25,2024-04-02 20:13:22,23,11,5,7,7,0.4783,1545.81
CUST_01213,1643.53,3,23,2024-04-12 13:49:25,2024-07-17 14:14:14,9,5,1,4,3,0.5556,547.84
CUST_01214,1446.46,2,11,2024-10-03 06:33:18,2024-10-20 21:36:46,45,9,4,8,11,0.2,723.23
CUST_01215,1123.82,1,10,2024-11-18 10:47:27,2024-11-18 10:47:27,14,3,3,2,5,0.2143,1123.82
CUST_01216,1857.75,3,22,2024-02-15 15:57:20,2024-11-21 03:25:29,16,3,1,3,5,0.1875,619.25
CUST_01217,1394.19,1,8,2024-03-04 21:33:40,2024-03-04 21:33:40,15,6,0,4,5,0.4,1394.19
CUST_01218,2225.74,3,21,2024-07-10 13:49:42,2024-12-17 23:30:33,17,10,2,4,7,0.5882,741.91
CUST_01219,1945.43,4,16,2024-02-09 00:07:43,2024-12-22 18:44:32,14,1,2,1,4,0.0714,486.36
CUST_01220,1144.43,3,12,2024-05-01 22:11:31,2024-10-26 11:51:54,28,7,3,2,9,0.25,381.48
CUST_01221,1921.44,2,13,2024-06-06 15:11:21,2024-12-10 07:39:32,43,16,3,2,8,0.3721,960.72
CUST_01222,1891.11,1,16,2024-02-09 04:34:38,2024-02-09 04:34:38,26,4,3,3,6,0.1538,1891.11
CUST_01223,1416.68,3,15,2024-04-02 04:58:03,2024-09-27 11:26:56,29,10,4,3,7,0.3448,472.23
CUST_01224,4297.45,6,44,2024-01-04 22:30:51,2024-11-30 23:56:47,21,4,3,4,5,0.1905,716.24
CUST_01225,588.62,1,7,2024-05-15 21:42:35,2024-05-15 21:42:35,27,12,2,2,6,0.4444,588.62
CUST_01226,3277.37,4,39,2024-02-23 06:08:15,2024-12-21 16:50:41,14,5,0,4,4,0.3571,819.34
CUST_01227,1494.5,3,11,2024-04-19 10:59:17,2024-12-16 20:31:21,14,2,1,4,4,0.1429,498.17
CUST_01228,1141.26,2,14,2024-06-11 14:31:22,2024-11-20 04:24:01,38,6,0,9,9,0.1579,570.63
CUST_01229,3006.17,4,29,2024-01-01 03:17:45,2024-11-26 15:16:10,9,2,0,0,3,0.2222,751.54
CUST_01230,4168.77,5,39,2024-05-13 06:34:20,2024-12-26 05:24:23,3,3,0,1,3,1.0,833.75
CUST_01231,1536.54,3,12,2024-10-15 20:00:24,2024-12-17 08:11:31,20,9,2,1,7,0.45,512.18
CUST_01232,904.43,3,18,2024-03-30 01:46:45,2024-12-10 07:39:59,18,2,1,5,5,0.1111,301.48
CUST_01233,0.0,0,0,,,15,5,0,1,6,0.3333,0.0
CUST_01234,1801.7,4,22,2024-04-14 05:43:57,2024-07-09 12:15:58,13,3,1,1,4,0.2308,450.43
CUST_01235,2956.67,4,25,2024-01-10 09:58:25,2024-10-28 14:53:27,40,6,2,3,8,0.15,739.17
CUST_01236,3898.48,4,32,2024-02-02 17:33:18,2024-11-26 05:18:26,4,1,1,2,1,0.25,974.62
CUST_01237,1440.55,3,11,2024-01-03 13:13:33,2024-06-13 02:15:51,12,5,0,1,4,0.4167,480.18
CUST_01238,3065.01,5,25,2024-03-18 08:50:13,2024-11-23 20:52:56,19,2,4,0,5,0.1053,613.0
CUST_01239,1940.96,3,18,2024-02-13 16:59:28,2024-04-01 17:35:16,47,16,3,5,11,0.3404,646.99
CUST_01240,1480.29,2,11,2024-05-27 20:06:43,2024-08-25 13:14:59,18,3,2,0,5,0.1667,740.14
CUST_01241,3198.17,5,36,2024-02-27 14:50:48,2024-11-16 11:43:09,14,1,0,3,4,0.0714,639.63
CUST_01242,4122.37,5,36,2024-04-20 19:40:54,2024-12-09 14:00:13,8,4,1,2,4,0.5,824.47
CUST_01243,352.71,1,3,2024-05-20 04:11:20,2024-05-20 04:11:20,5,4,2,1,3,0.8,352.71
CUST_01244,1433.88,2,14,2024-03-09 16:36:38,2024-05-24 00:01:25,19,7,0,1,6,0.3684,716.94
CUST_01245,2152.55,3,23,2024-01-31 06:24:37,2024-10-09 03:33:25,12,1,0,0,4,0.0833,717.52
CUST_01246,1546.48,2,17,2024-06-26 16:30:43,2024-09-28 17:59:26,24,8,4,6,8,0.3333,773.24
CUST_01247,638.35,2,11,2024-01-30 03:26:37,2024-02-13 07:31:19,15,9,4,3,5,0.6,319.18
CUST_01248,4604.7,7,41,2024-01-25 10:32:31,2024-12-22 17:03:20,20,3,0,2,3,0.15,657.81
CUST_01249,2332.65,7,27,2024-02-14 10:56:59,2024-12-26 19:55:24,13,2,3,1,5,0.1538,333.24
CUST_01250,2304.8,3,20,2024-01-13 03:47:38,2024-12-11 06:36:49,26,7,1,4,6,0.2692,768.27
CUST_01251,1374.04,1,9,2024-08-25 16:07:46,2024-08-25 16:07:46,16,4,0,3,5,0.25,1374.04
CUST_01252,5087.32,7,51,2024-01-05 14:07:35,2024-10-18 07:13:14,35,14,6,6,7,0.4,726.76
CUST_01253,1182.01,2,9,2024-01-02 23:26:40,2024-09-26 07:29:53,36,11,0,4,7,0.3056,591.0
CUST_01254,666.44,1,4,2024-10-02 11:38:50,2024-10-02 11:38:50,33,10,2,0,10,0.303,666.44
CUST_01255,2917.31,2,23,2024-03-04 04:53:57,2024-10-25 14:40:31,34,8,1,4,9,0.2353,1458.65
CUST_01256,3406.26,6,38,2024-03-07 16:42:21,2024-08-31 22:34:29,24,11,3,7,7,0.4583,567.71
CUST_01257,393.17,1,4,2024-10-05 00:04:53,2024-10-05 00:04:53,19,3,1,3,4,0.1579,393.17
CUST_01258,938.35,3,12,2024-06-12 07:05:18,2024-10-23 03:41:14,22,8,2,2,5,0.3636,312.78
CUST_01259,1061.91,2,9,2024-04-14 13:32:43,2024-07-13 20:55:31,14,1,0,1,3,0.0714,530.96
CUST_01260,2829.3,2,19,2024-04-02 23:51:26,2024-06-07 07:29:29,29,12,2,5,8,0.4138,1414.65
CUST_01261,920.5,2,9,2024-04-26 14:50:58,2024-07-13 01:23:37,15,3,2,5,5,0.2,460.25
CUST_01262,4576.43,4,36,2024-01-03 11:50:29,2024-09-02 06:05:12,15,2,0,3,6,0.1333,1144.11
CUST_01263,2095.63,4,21,2024-06-21 17:14:19,2024-10-07 21:27:32,48,14,1,3,9,0.2917,523.91
CUST_01264,3303.54,3,28,2024-01-18 15:19:13,2024-10-25 06:19:44,26,7,3,3,7,0.2692,1101.18
CUST_01265,280.35,1,5,2024-03-19 20:14:23,2024-03-19 20:14:23,21,5,1,6,5,0.2381,280.35
CUST_01266,851.69,3,9,2024-03-23 21:52:48,2024-12-23 21:21:08,28,7,2,2,7,0.25,283.9
CUST_01267,4105.36,5,30,2024-03-13 08:31:18,2024-09-15 17:57:00,29,5,0,4,9,0.1724,821.07
CUST_01268,2809.14,5,27,2024-07-31 11:40:39,2024-12-09 15:03:34,1,1,0,0,1,1.0,561.83
CUST_01269,2292.23,3,14,2024-03-20 13:35:07,2024-10-29 06:14:01,4,0,1,0,1,0.0,764.08
CUST_01270,1897.61,2,13,2024-01-05 19:12:24,2024-11-20 21:04:04,33,12,1,6,8,0.3636,948.8
CUST_01271,1201.46,2,14,2024-10-16 15:24:17,2024-12-16 23:24:50,24,6,1,7,6,0.25,600.73
CUST_01272,2928.76,5,31,2024-03-28 04:20:29,2024-10-28 04:29:36,6,2,3,2,2,0.3333,585.75
CUST_01273,1844.83,3,27,2024-05-02 05:39:37,2024-11-26 00:22:12,31,10,4,2,11,0.3226,614.94
CUST_01274,1189.55,2,13,2024-09-25 01:58:21,2024-12-02 09:52:24,9,2,1,2,3,0.2222,594.77
CUST_01275,1884.1,3,19,2024-02-11 23:33:12,2024-12-18 09:57:09,21,4,1,4,7,0.1905,628.03
CUST_01276,23.08,1,1,2024-07-03 22:54:39,2024-07-03 22:54:39,25,9,2,3,8,0.36,23.08
CUST_01277,0.0,0,0,,,15,5,1,3,4,0.3333,0.0
CUST_01278,2574.51,2,21,2024-08-11 14:48:52,2024-10-02 03:48:49,9,1,1,2,3,0.1111,1287.26
CUST_01279,3125.18,4,26,2024-02-20 01:43:19,2024-12-29 14:09:30,13,2,2,3,5,0.1538,781.29
CUST_01280,73.09,1,2,2024-08-06 04:07:00,2024-08-06 04:07:00,15,1,1,2,3,0.0667,73.09
CUST_01281,3201.94,7,36,2024-02-09 09:08:45,2024-11-24 06:15:36,14,8,1,2,7,0.5714,457.42
CUST_01282,552.28,1,9,2024-08-08 23:13:54,2024-08-08 23:13:54,5,2,1,0,2,0.4,552.28
CUST_01283,5329.84,5,43,2024-03-14 13:57:20,2024-11-24 11:26:34,38,13,4,5,9,0.3421,1065.97
CUST_01284,3054.47,7,29,2024-01-18 03:37:16,2024-12-27 18:47:35,23,5,3,5,7,0.2174,436.35
CUST_01285,6334.57,5,49,2024-02-10 16:52:40,2024-06-18 11:29:08,29,7,1,4,8,0.2414,1266.91
CUST_01286,5172.41,4,50,2024-10-03 00:43:21,2024-12-25 16:06:21,16,3,1,3,3,0.1875,1293.1
CUST_01287,1523.14,4,16,2024-02-11 20:15:17,2024-08-22 20:52:28,8,2,2,1,3,0.25,380.79
CUST_01288,3494.02,4,29,2024-01-05 19:12:19,2024-02-18 00:10:44,41,17,4,7,11,0.4146,873.5
CUST_01289,3811.75,2,28,2024-07-05 21:29:23,2024-07-08 05:14:03,2,2,0,0,2,1.0,1905.88
CUST_01290,303.95,1,3,2024-04-30 03:09:53,2024-04-30 03:09:53,9,1,1,2,2,0.1111,303.95
CUST_01291,2018.3,4,19,2024-05-15 18:09:05,2024-12-25 15:20:11,1,0,1,0,1,0.0,504.57
CUST_01292,3866.25,6,34,2024-03-29 23:30:29,2024-12-26 13:55:32,10,3,1,1,4,0.3,644.38
CUST_01293,3517.49,3,26,2024-02-16 10:19:51,2024-08-03 14:37:35,34,8,1,2,7,0.2353,1172.5
CUST_01294,271.68,1,6,2024-06-09 04:05:19,2024-06-09 04:05:19,12,3,2,2,4,0.25,271.68
CUST_01295,1043.25,3,9,2024-02-26 04:42:32,2024-08-26 04:07:11,25,11,0,2,7,0.44,347.75
CUST_01296,989.53,3,17,2024-06-15 08:06:51,2024-11-17 02:32:22,17,6,3,5,5,0.3529,329.84
CUST_01297,2027.64,5,18,2024-01-06 12:13:49,2024-12-14 15:30:37,12,4,3,2,4,0.3333,405.53
CUST_01298,407.84,1,17,2024-08-04 20:12:11,2024-08-04 20:12:11,29,13,5,9,10,0.4483,407.84
CUST_01299,1923.76,3,21,2024-04-16 00:43:33,2024-07-05 08:05:31,37,15,3,2,11,0.4054,641.25
CUST_01300,2323.74,5,24,2024-01-27 21:23:15,2024-12-07 13:13:43,23,8,3,5,7,0.3478,464.75
CUST_01301,2024.5,2,13,2024-05-10 03:15:52,2024-11-22 00:55:00,31,4,1,6,8,0.129,1012.25
CUST_01302,2543.59,4,24,2024-02-21 09:38:59,2024-11-11 21:23:09,16,7,2,2,5,0.4375,635.9
CUST_01303,1357.87,3,22,2024-08-20 20:12:11,2024-11-26 17:03:37,16,3,1,4,5,0.1875,452.62
CUST_01304,3910.45,4,32,2024-02-07 17:28:55,2024-12-23 16:41:54,16,10,2,4,5,0.625,977.61
CUST_01305,2797.4,4,20,2024-01-23 16:45:00,2024-10-21 02:32:58,26,4,1,3,9,0.1538,699.35
CUST_01306,1462.75,2,17,2024-11-30 01:30:50,2024-11-30 13:34:03,14,4,2,6,5,0.2857,731.38
CUST_01307,3647.16,5,31,2024-01-27 02:06:36,2024-11-02 19:29:02,19,7,1,4,7,0.3684,729.43
CUST_01308,2957.71,4,29,2024-04-03 21:09:36,2024-10-12 03:14:15,15,8,2,2,4,0.5333,739.43
CUST_01309,2639.16,1,18,2024-03-06 04:49:26,2024-03-06 04:49:26,15,8,1,5,6,0.5333,2639.16
CUST_01310,2888.54,5,28,2024-05-14 12:22:04,2024-12-19 17:18:47,4,3,1,0,2,0.75,577.71
CUST_01311,505.67,2,5,2024-02-25 07:49:42,2024-08-12 23:11:26,14,6,2,3,5,0.4286,252.84
CUST_01312,2309.98,3,19,2024-01-29 08:04:08,2024-08-08 16:04:08,28,11,3,6,9,0.3929,769.99
CUST_01313,3209.24,4,30,2024-02-22 14:43:29,2024-10-30 04:01:03,16,9,1,1,5,0.5625,802.31
CUST_01314,576.16,2,7,2024-04-02 00:06:20,2024-04-13 12:28:23,16,2,1,3,4,0.125,288.08
CUST_01315,3550.03,4,31,2024-03-18 21:18:46,2024-10-03 15:43:39,19,3,3,4,5,0.1579,887.51
CUST_01316,636.45,2,9,2024-01-12 01:26:09,2024-03-20 09:44:49,16,2,0,2,3,0.125,318.23
CUST_01317,1169.43,2,12,2024-01-22 02:19:55,2024-09-24 13:55:23,12,6,1,3,3,0.5,584.72
CUST_01318,3606.91,4,26,2024-02-01 13:50:32,2024-05-30 19:58:33,40,13,3,5,8,0.325,901.73
CUST_01319,3334.3,3,31,2024-06-15 00:34:24,2024-10-30 12:59:40,2,1,1,0,2,0.5,1111.43
CUST_01320,2570.37,2,19,2024-01-07 11:00:20,2024-11-17 18:00:36,27,5,1,4,8,0.1852,1285.18
CUST_01321,2529.82,4,24,2024-03-20 03:12:17,2024-11-08 09:22:02,2,0,0,0,2,0.0,632.46
CUST_01322,2511.49,3,18,2024-06-08 03:39:18,2024-12-29 00:23:17,11,2,1,3,4,0.1818,837.16
CUST_01323,2982.82,2,23,2024-05-24 13:55:36,2024-11-30 12:43:30,11,1,0,0,3,0.0909,1491.41
CUST_01324,4068.97,3,32,2024-04-11 14:20:15,2024-12-01 15:21:52,17,5,1,2,7,0.2941,1356.32
CUST_01325,2591.47,4,20,2024-01-18 14:52:27,2024-10-19 03:37:54,21,5,2,5,6,0.2381,647.87
CUST_01326,2997.97,4,24,2024-01-24 03:06:06,2024-09-30 10:15:24,18,6,2,0,4,0.3333,749.49
CUST_01327,484.21,1,3,2024-10-24 21:15:43,2024-10-24 21:15:43,11,4,2,5,4,0.3636,484.21
CUST_01328,2974.9,4,40,2024-02-10 02:07:36,2024-12-18 07:52:52,19,8,1,3,5,0.4211,743.73
CUST_01329,3879.07,4,32,2024-10-28 16:37:57,2024-12-01 13:23:04,22,13,1,4,6,0.5909,969.77
CUST_01330,1913.12,4,14,2024-01-06 20:26:28,2024-11-24 02:36:36,12,4,0,4,5,0.3333,478.28
CUST_01331,2100.11,2,14,2024-06-25 00:54:15,2024-12-02 14:55:39,15,4,3,2,4,0.2667,1050.06
CUST_01332,0.0,0,0,,,29,8,2,5,6,0.2759,0.0
CUST_01333,4564.41,5,43,2024-02-04 16:28:33,2024-12-01 15:18:40,16,4,0,3,5,0.25,912.88
CUST_01334,2851.04,4,25,2024-05-24 14:41:50,2024-11-28 04:58:27,2,3,2,4,4,1.5,712.76
CUST_01335,3488.32,5,32,2024-03-30 08:20:41,2024-09-17 06:13:07,17,5,0,0,5,0.2941,697.66
CUST_01336,1154.5,2,10,2024-03-29 11:04:57,2024-06-08 06:22:20,34,15,2,4,12,0.4412,577.25
CUST_01337,6502.69,5,56,2024-01-12 12:07:52,2024-09-24 07:15:04,36,11,4,2,8,0.3056,1300.54
CUST_01338,2430.33,5,25,2024-02-22 06:52:55,2024-12-16 13:17:38,18,9,3,2,7,0.5,486.07
CUST_01339,3339.86,5,27,2024-02-23 16:49:11,2024-11-19 00:18:22,28,13,5,4,9,0.4643,667.97
CUST_01340,5551.63,6,49,2024-04-27 12:02:52,2024-11-02 20:36:55,20,7,1,5,5,0.35,925.27
CUST_01341,2992.03,5,23,2024-02-03 13:10:17,2024-08-14 00:13:07,23,4,2,3,7,0.1739,598.41
CUST_01342,6355.44,6,53,2024-01-05 04:22:28,2024-12-28 15:11:42,32,10,2,4,8,0.3125,1059.24
CUST_01343,952.34,2,10,2024-02-27 14:28:40,2024-03-13 11:15:17,24,9,4,3,6,0.375,476.17
CUST_01344,1099.24,3,16,2024-02-03 16:27:16,2024-12-27 16:59:08,21,8,0,4,6,0.381,366.41
CUST_01345,170.25,1,1,2024-10-18 12:13:04,2024-10-18 12:13:04,9,10,1,4,4,1.1111,170.25
CUST_01346,1115.64,2,7,2024-11-11 19:25:53,2024-11-27 00:23:49,20,4,1,1,6,0.2,557.82
CUST_01347,3651.23,4,31,2024-04-04 09:36:27,2024-11-10 21:59:51,28,7,1,2,7,0.25,912.81
CUST_01348,1355.11,2,14,2024-02-08 08:55:18,2024-10-04 14:01:44,48,11,4,3,11,0.2292,677.55
CUST_01349,341.05,1,7,2024-04-07 02:23:21,2024-04-07 02:23:21,19,5,1,1,5,0.2632,341.05
CUST_01350,2970.38,3,26,2024-01-18 00:41:01,2024-10-15 05:45:14,20,3,1,1,6,0.15,990.13
CUST_01351,1471.49,2,9,2024-04-27 06:20:21,2024-12-24 21:55:42,15,12,2,4,7,0.8,735.75
CUST_01352,2526.52,1,15,2024-09-06 08:12:18,2024-09-06 08:12:18,28,8,2,3,8,0.2857,2526.52
CUST_01353,3288.98,5,29,2024-02-08 19:48:00,2024-12-26 01:00:29,17,9,1,6,6,0.5294,657.8
CUST_01354,1350.4,1,9,2024-11-02 07:57:01,2024-11-02 07:57:01,34,9,2,5,10,0.2647,1350.4
CUST_01355,2034.97,4,17,2024-02-08 20:56:22,2024-09-02 06:14:06,6,3,0,0,1,0.5,508.74
CUST_01356,457.06,1,4,2024-01-09 18:06:40,2024-01-09 18:06:40,9,3,0,1,2,0.3333,457.06
CUST_01357,3604.04,4,37,2024-05-13 02:27:37,2024-12-15 21:54:29,15,4,0,1,4,0.2667,901.01
CUST_01358,4949.26,5,39,2024-05-24 08:19:52,2024-12-01 15:59:29,20,5,2,1,6,0.25,989.85
CUST_01359,3212.52,4,33,2024-01-12 01:36:36,2024-05-29 01:42:21,30,11,0,5,7,0.3667,803.13
CUST_01360,1225.94,2,7,2024-05-08 13:45:49,2024-12-03 18:11:40,21,10,2,5,8,0.4762,612.97
CUST_01361,880.77,1,11,2024-10-30 20:22:14,2024-10-30 20:22:14,24,13,2,6,6,0.5417,880.77
CUST_01362,3257.32,4,29,2024-01-10 20:42:19,2024-11-13 11:06:41,25,5,4,3,7,0.2,814.33
CUST_01363,2167.22,2,15,2024-09-02 01:39:06,2024-10-05 14:31:20,27,9,0,3,7,0.3333,1083.61
CUST_01364,3239.57,2,24,2024-04-27 17:55:01,2024-12-04 15:04:31,24,9,3,3,6,0.375,1619.79
CUST_01365,1299.99,3,19,2024-02-29 07:17:16,2024-11-02 05:59:58,36,9,5,7,8,0.25,433.33
CUST_01366,3632.3,4,31,2024-05-12 13:43:14,2024-12-20 06:35:11,24,7,1,4,6,0.2917,908.08
CUST_01367,2178.57,4,29,2024-02-15 23:06:39,2024-10-09 05:25:29,21,6,4,3,4,0.2857,544.64
CUST_01368,0.0,0,0,,,29,7,2,4,6,0.2414,0.0
CUST_01369,945.74,2,9,2024-08-22 10:25:48,2024-10-19 21:59:57,16,0,1,4,6,0.0,472.87
CUST_01370,1226.14,2,8,2024-08-27 13:10:22,2024-11-22 10:05:54,32,12,1,6,10,0.375,613.07
CUST_01371,5744.44,8,41,2024-01-26 14:20:34,2024-12-24 15:55:11,15,3,0,2,4,0.2,718.05
CUST_01372,4027.89,3,31,2024-07-08 23:29:16,2024-11-15 20:08:26,17,10,0,2,5,0.5882,1342.63
CUST_01373,322.57,2,7,2024-02-06 06:25:54,2024-04-20 12:18:24,11,5,1,3,4,0.4545,161.28
CUST_01374,2064.14,3,14,2024-01-26 16:14:37,2024-11-03 08:12:07,8,1,1,1,4,0.125,688.05
CUST_01375,4252.08,6,35,2024-01-11 21:26:03,2024-12-10 05:14:57,13,4,2,4,5,0.3077,708.68
CUST_01376,645.77,1,5,2024-06-22 10:53:33,2024-06-22 10:53:33,14,6,0,2,3,0.4286,645.77
CUST_01377,1558.3,3,13,2024-07-11 21:52:19,2024-12-21 19:56:50,11,6,0,3,4,0.5455,519.43
CUST_01378,0.0,0,0,,,7,1,2,2,2,0.1429,0.0
CUST_01379,430.49,1,4,2024-08-17 16:58:28,2024-08-17 16:58:28,27,5,3,4,6,0.1852,430.49
CUST_01380,923.29,1,10,2024-12-07 22:51:21,2024-12-07 22:51:21,41,16,3,7,12,0.3902,923.29
CUST_01381,2908.21,4,21,2024-08-22 17:09:04,2024-11-29 22:19:31,38,12,4,5,10,0.3158,727.05
CUST_01382,6714.42,9,48,2024-01-02 01:30:48,2024-10-14 16:46:26,17,4,2,4,3,0.2353,746.05
CUST_01383,3530.82,6,33,2024-03-22 23:15:17,2024-09-12 08:38:28,25,4,1,5,8,0.16,588.47
CUST_01384,6031.35,6,46,2024-06-11 10:32:58,2024-11-24 14:33:17,7,3,0,0,1,0.4286,1005.23
CUST_01385,786.63,2,5,2024-02-09 16:39:47,2024-06-12 15:47:08,15,9,1,3,4,0.6,393.31
CUST_01386,908.12,3,11,2024-04-05 14:57:25,2024-09-20 15:47:07,32,6,0,3,9,0.1875,302.71
CUST_01387,2563.38,2,20,2024-10-14 07:07:58,2024-11-27 03:55:42,30,3,3,7,7,0.1,1281.69
CUST_01388,1750.63,2,18,2024-07-28 22:32:37,2024-11-08 07:59:26,22,9,3,0,8,0.4091,875.32
CUST_01389,760.98,3,11,2024-03-13 13:15:45,2024-08-04 15:22:10,37,4,2,3,6,0.1081,253.66
CUST_01390,2386.35,3,17,2024-11-06 22:03:46,2024-12-23 23:11:54,20,4,1,7,6,0.2,795.45
CUST_01391,832.54,1,10,2024-03-05 17:04:41,2024-03-05 17:04:41,27,8,2,3,8,0.2963,832.54
CUST_01392,2582.99,4,24,2024-01-13 10:10:27,2024-12-22 04:37:26,39,9,5,10,12,0.2308,645.75
CUST_01393,922.71,3,13,2024-02-01 05:54:41,2024-07-30 01:30:00,9,4,1,4,4,0.4444,307.57
CUST_01394,1596.39,3,13,2024-07-25 22:18:52,2024-10-14 14:43:02,15,3,1,3,3,0.2,532.13
CUST_01395,595.28,1,11,2024-03-04 14:02:07,2024-03-04 14:02:07,17,5,1,3,4,0.2941,595.28
CUST_01396,7402.33,5,48,2024-02-16 12:10:45,2024-12-24 16:16:11,16,6,0,2,4,0.375,1480.47
CUST_01397,1912.82,2,14,2024-03-02 03:09:38,2024-05-21 02:35:50,9,6,1,1,4,0.6667,956.41
CUST_01398,2789.98,3,25,2024-01-05 21:55:35,2024-12-03 22:28:30,16,3,1,1,3,0.1875,929.99
CUST_01399,3566.44,6,31,2024-01-21 10:48:38,2024-12-05 22:29:59,20,4,2,5,5,0.2,594.41
CUST_01400,2035.38,2,15,2024-03-12 23:43:29,2024-06-29 00:21:53,15,14,1,2,7,0.9333,1017.69
CUST_01401,688.51,1,5,2024-01-30 12:38:23,2024-01-30 12:38:23,35,7,4,5,8,0.2,688.51
CUST_01402,3877.41,4,32,2024-03-07 21:05:13,2024-06-15 20:46:06,22,5,3,1,4,0.2273,969.35
CUST_01403,1121.18,3,11,2024-07-25 21:29:18,2024-08-22 17:07:52,26,9,5,1,6,0.3462,373.73
CUST_01404,2873.27,3,22,2024-08-27 12:58:38,2024-11-27 01:42:15,19,9,1,2,5,0.4737,957.76
CUST_01405,2947.44,5,28,2024-04-24 05:53:46,2024-11-06 18:29:05,27,7,1,5,6,0.2593,589.49
CUST_01406,3258.42,3,27,2024-04-20 21:31:31,2024-05-29 15:02:43,17,12,0,7,5,0.7059,1086.14
CUST_01407,1000.21,1,6,2024-10-04 09:54:12,2024-10-04 09:54:12,31,10,0,6,7,0.3226,1000.21
CUST_01408,2799.97,5,19,2024-03-26 09:11:01,2024-12-31 09:14:56,11,1,2,1,3,0.0909,559.99
CUST_01409,6111.77,4,45,2024-03-13 21:56:26,2024-06-14 05:58:58,32,9,2,4,7,0.2812,1527.94
CUST_01410,2998.03,5,25,2024-01-08 16:52:43,2024-12-31 00:52:27,21,5,1,2,6,0.2381,599.61
CUST_01411,5261.63,5,40,2024-02-04 16:13:08,2024-12-31 16:13:17,26,5,3,9,7,0.1923,1052.33
CUST_01412,1133.25,3,13,2024-02-19 20:09:54,2024-06-07 05:54:57,8,3,1,2,2,0.375,377.75
CUST_01413,930.29,1,5,2024-01-10 12:56:25,2024-01-10 12:56:25,22,3,2,6,4,0.1364,930.29
CUST_01414,3649.77,4,34,2024-01-22 02:21:10,2024-07-08 01:52:43,34,8,1,5,8,0.2353,912.44
CUST_01415,2603.73,5,20,2024-02-07 15:47:11,2024-12-23 18:07:46,21,7,2,2,5,0.3333,520.75
CUST_01416,0.0,0,0,,,12,4,1,0,4,0.3333,0.0
CUST_01417,2413.7,3,19,2024-01-21 20:29:13,2024-09-27 11:14:17,5,0,1,0,1,0.0,804.57
CUST_01418,182.62,1,2,2024-12-31 09:51:41,2024-12-31 09:51:41,17,4,1,3,5,0.2353,182.62
CUST_01419,32.2,1,1,2024-02-24 08:21:51,2024-02-24 08:21:51,15,4,2,1,6,0.2667,32.2
CUST_01420,1204.87,1,7,2024-09-24 07:58:49,2024-09-24 07:58:49,23,6,1,7,6,0.2609,1204.87
CUST_01421,3021.27,5,36,2024-06-07 01:31:49,2024-09-22 18:14:38,31,12,2,6,8,0.3871,604.25
CUST_01422,0.0,0,0,,,41,19,5,7,12,0.4634,0.0
CUST_01423,159.45,1,1,2024-11-08 20:02:26,2024-11-08 20:02:26,10,1,0,0,3,0.1,159.45
CUST_01424,5259.22,5,49,2024-04-29 05:43:50,2024-10-24 23:52:41,27,9,1,9,7,0.3333,1051.84
CUST_01425,1543.19,3,16,2024-02-16 01:44:28,2024-12-29 23:33:35,25,4,0,5,7,0.16,514.4
CUST_01426,1810.23,3,18,2024-03-22 11:08:00,2024-12-07 16:15:37,13,6,0,2,4,0.4615,603.41
CUST_01427,1992.65,4,24,2024-02-18 22:55:54,2024-12-05 23:20:22,25,6,2,0,5,0.24,498.16
CUST_01428,1896.12,2,15,2024-01-27 21:36:50,2024-07-16 21:53:39,12,5,1,2,4,0.4167,948.06
CUST_01429,2268.25,2,16,2024-06-27 06:10:17,2024-12-10 20:42:44,33,6,2,7,8,0.1818,1134.12
CUST_01430,3795.73,4,26,2024-01-15 06:15:54,2024-12-28 23:36:51,23,3,0,3,5,0.1304,948.93
CUST_01431,1736.11,3,13,2024-05-07 08:09:42,2024-12-14 15:16:39,16,1,1,1,4,0.0625,578.7
CUST_01432,917.43,2,9,2024-05-16 08:29:12,2024-09-29 13:28:32,24,5,1,5,6,0.2083,458.71
CUST_01433,1527.47,2,16,2024-04-30 11:34:09,2024-08-05 15:27:03,25,5,3,3,6,0.2,763.74
CUST_01434,222.81,1,4,2024-07-05 10:39:57,2024-07-05 10:39:57,18,9,1,3,5,0.5,222.81
CUST_01435,3434.33,2,25,2024-04-26 04:45:40,2024-12-07 06:17:00,35,11,0,4,8,0.3143,1717.16
CUST_01436,2731.57,3,17,2024-04-09 16:13:31,2024-09-04 03:09:05,32,13,5,3,9,0.4062,910.52
CUST_01437,2991.23,4,27,2024-02-15 17:10:45,2024-11-30 09:33:19,19,7,1,4,7,0.3684,747.81
CUST_01438,448.27,1,3,2024-09-22 23:14:51,2024-09-22 23:14:51,37,9,6,5,10,0.2432,448.27
CUST_01439,850.5,3,6,2024-02-14 00:51:27,2024-12-02 20:27:40,38,12,2,8,9,0.3158,283.5
CUST_01440,1387.08,2,12,2024-01-12 13:39:16,2024-06-22 15:33:01,16,4,2,5,4,0.25,693.54
CUST_01441,6741.42,5,56,2024-02-10 05:37:38,2024-11-15 17:51:01,14,2,0,0,5,0.1429,1348.28
CUST_01442,815.17,3,5,2024-04-13 03:22:23,2024-11-24 08:47:49,11,4,2,1,4,0.3636,271.72
CUST_01443,3632.75,5,28,2024-03-06 17:40:14,2024-11-17 15:15:06,18,4,1,3,5,0.2222,726.55
CUST_01444,1627.52,3,15,2024-02-01 02:13:42,2024-04-06 14:03:43,13,1,1,1,2,0.0769,542.51
CUST_01445,1198.19,2,17,2024-05-04 00:14:19,2024-08-26 18:49:52,7,4,1,0,2,0.5714,599.1
CUST_01446,4053.47,3,33,2024-03-21 19:38:28,2024-05-02 05:32:24,21,3,2,6,5,0.1429,1351.16
CUST_01447,2000.48,1,17,2024-03-09 12:09:12,2024-03-09 12:09:12,7,4,1,2,4,0.5714,2000.48
CUST_01448,3071.81,2,24,2024-05-01 11:55:03,2024-07-28 21:16:42,24,9,2,1,6,0.375,1535.9
CUST_01449,3732.8,2,27,2024-01-26 17:09:00,2024-06-06 07:07:43,13,5,3,4,5,0.3846,1866.4
CUST_01450,2501.6,2,18,2024-11-23 20:52:49,2024-12-26 01:14:54,19,0,1,4,4,0.0,1250.8
CUST_01451,1664.57,1,11,2024-01-28 23:47:32,2024-01-28 23:47:32,15,4,2,3,3,0.2667,1664.57
CUST_01452,200.19,2,5,2024-02-18 02:01:15,2024-06-13 12:02:20,36,9,0,1,6,0.25,100.09
CUST_01453,1014.42,3,10,2024-02-24 02:24:10,2024-12-12 21:37:59,22,11,0,3,7,0.5,338.14
CUST_01454,3012.28,2,18,2024-06-23 08:00:28,2024-11-14 21:09:10,53,17,3,6,14,0.3208,1506.14
CUST_01455,4103.55,3,42,2024-03-05 14:23:13,2024-08-12 17:50:21,17,5,0,2,4,0.2941,1367.85
CUST_01456,3504.62,5,31,2024-01-07 15:34:56,2024-10-25 19:05:04,14,2,0,0,4,0.1429,700.92
CUST_01457,307.36,1,2,2024-03-01 15:01:25,2024-03-01 15:01:25,24,8,3,7,9,0.3333,307.36
CUST_01458,1263.79,1,11,2024-01-21 05:09:37,2024-01-21 05:09:37,9,2,1,4,4,0.2222,1263.79
CUST_01459,1309.97,3,11,2024-01-19 22:03:20,2024-07-21 16:53:31,36,9,0,2,8,0.25,436.66
CUST_01460,1596.87,2,14,2024-07-24 08:26:49,2024-12-23 04:42:54,21,9,6,5,6,0.4286,798.43
CUST_01461,1772.38,2,11,2024-05-05 14:00:23,2024-10-18 22:09:36,16,6,0,1,4,0.375,886.19
CUST_01462,986.06,1,7,2024-03-27 16:43:17,2024-03-27 16:43:17,31,4,3,4,8,0.129,986.06
CUST_01463,3163.72,5,36,2024-02-19 19:03:06,2024-12-14 14:36:46,24,5,2,2,6,0.2083,632.74
CUST_01464,401.62,1,3,2024-09-15 16:06:45,2024-09-15 16:06:45,40,11,2,6,9,0.275,401.62
CUST_01465,2444.04,3,23,2024-05-30 10:51:13,2024-07-03 07:49:49,40,22,3,5,14,0.55,814.68
CUST_01466,4924.09,4,49,2024-01-12 15:47:03,2024-12-26 10:01:55,13,5,0,3,4,0.3846,1231.02
CUST_01467,3115.22,3,28,2024-02-23 08:13:28,2024-09-18 22:43:34,29,15,1,1,7,0.5172,1038.41
CUST_01468,3344.93,4,30,2024-06-21 11:12:11,2024-11-26 03:33:52,25,9,2,6,8,0.36,836.23
CUST_01469,2261.08,4,23,2024-04-14 17:44:06,2024-11-13 19:44:47,13,6,0,2,7,0.4615,565.27
CUST_01470,4200.24,7,39,2024-01-16 16:44:24,2024-12-20 22:54:39,6,2,3,1,3,0.3333,600.03
CUST_01471,305.98,2,3,2024-01-04 17:19:26,2024-05-09 11:53:00,20,8,1,4,5,0.4,152.99
CUST_01472,4015.3,2,39,2024-04-29 18:42:14,2024-11-26 07:06:30,10,5,1,1,4,0.5,2007.65
CUST_01473,2027.64,4,14,2024-04-11 14:46:49,2024-09-29 11:42:19,20,2,1,4,5,0.1,506.91
CUST_01474,0.0,0,0,,,30,5,4,4,7,0.1667,0.0
CUST_01475,890.69,2,9,2024-06-19 01:03:41,2024-06-23 08:50:58,20,2,1,2,3,0.1,445.35
CUST_01476,4336.28,5,28,2024-03-27 22:20:18,2024-12-27 18:01:16,25,5,3,3,8,0.2,867.26
CUST_01477,519.83,2,5,2024-09-30 15:39:51,2024-10-20 10:23:46,26,4,0,1,7,0.1538,259.92
CUST_01478,1083.22,2,9,2024-02-11 09:07:35,2024-09-25 05:26:20,7,3,1,2,3,0.4286,541.61
CUST_01479,753.3,1,5,2024-06-03 09:30:32,2024-06-03 09:30:32,18,4,1,3,5,0.2222,753.3
CUST_01480,4458.16,5,39,2024-05-30 17:17:23,2024-09-30 16:34:05,19,6,2,7,5,0.3158,891.63
CUST_01481,6649.9,8,53,2024-02-07 21:44:17,2024-12-20 11:09:31,20,7,1,5,7,0.35,831.24
CUST_01482,4808.56,6,38,2024-01-02 02:42:50,2024-09-09 12:12:22,46,11,4,7,9,0.2391,801.43
CUST_01483,1431.36,4,20,2024-02-04 05:25:48,2024-07-18 07:43:28,21,9,2,1,5,0.4286,357.84
CUST_01484,3859.81,4,29,2024-08-21 19:14:08,2024-10-08 22:24:51,42,9,3,6,9,0.2143,964.95
CUST_01485,2063.4,3,18,2024-02-07 05:13:55,2024-12-27 13:00:36,45,6,4,4,10,0.1333,687.8
CUST_01486,4680.12,5,32,2024-02-08 14:03:07,2024-07-28 12:06:20,15,6,1,2,4,0.4,936.02
CUST_01487,1694.3,4,19,2024-02-03 03:06:52,2024-12-16 18:02:03,33,11,4,6,7,0.3333,423.57
CUST_01488,194.02,1,2,2024-10-17 10:53:28,2024-10-17 10:53:28,26,10,2,3,7,0.3846,194.02
CUST_01489,4786.07,5,37,2024-05-17 05:37:58,2024-12-15 15:54:38,18,4,1,2,5,0.2222,957.21
CUST_01490,697.75,1,6,2024-04-18 22:58:15,2024-04-18 22:58:15,11,8,1,2,6,0.7273,697.75
CUST_01491,4241.53,5,31,2024-01-07 06:54:48,2024-12-10 20:33:14,7,3,1,1,4,0.4286,848.31
CUST_01492,1544.69,2,9,2024-01-12 21:32:15,2024-07-09 07:24:14,43,13,3,3,10,0.3023,772.35
CUST_01493,0.0,0,0,,,19,6,1,3,5,0.3158,0.0
CUST_01494,692.86,1,5,2024-12-15 03:06:53,2024-12-15 03:06:53,26,8,1,6,8,0.3077,692.86
CUST_01495,273.39,1,5,2024-01-29 04:02:36,2024-01-29 04:02:36,18,9,1,5,9,0.5,273.39
CUST_01496,345.82,1,2,2024-11-26 14:15:05,2024-11-26 14:15:05,17,2,2,1,4,0.1176,345.82
CUST_01497,1666.44,2,14,2024-06-14 15:24:12,2024-08-16 05:33:49,8,2,2,1,2,0.25,833.22
CUST_01498,0.0,0,0,,,18,6,5,1,5,0.3333,0.0
CUST_01499,2484.16,3,25,2024-02-05 01:41:01,2024-11-25 11:05:49,6,3,0,0,2,0.5,828.05
CUST_01500,5543.68,5,50,2024-01-06 18:14:44,2024-09-05 00:26:59,16,5,0,3,5,0.3125,1108.74
CUST_01501,1869.27,3,15,2024-05-15 11:46:02,2024-06-22 21:26:13,20,5,3,2,5,0.25,623.09
CUST_01502,1073.99,3,7,2024-01-19 05:26:05,2024-10-03 04:01:35,13,10,4,4,5,0.7692,358.0
CUST_01503,4750.95,5,34,2024-05-15 22:00:23,2024-10-30 00:04:09,22,4,1,2,5,0.1818,950.19
CUST_01504,2379.27,4,18,2024-01-13 23:53:14,2024-12-11 11:54:33,24,10,3,1,7,0.4167,594.82
CUST_01505,2485.06,4,28,2024-04-20 18:19:17,2024-08-30 12:46:14,15,3,2,7,6,0.2,621.26
CUST_01506,2347.38,3,28,2024-03-11 15:19:50,2024-11-22 23:30:20,7,1,0,0,2,0.1429,782.46
CUST_01507,2671.05,4,21,2024-03-02 02:14:07,2024-11-14 23:40:48,35,12,1,3,11,0.3429,667.76
CUST_01508,1441.77,2,12,2024-05-15 20:02:31,2024-07-16 17:36:33,20,5,0,4,7,0.25,720.88
CUST_01509,2251.71,3,18,2024-08-26 09:39:44,2024-11-15 19:38:05,16,10,2,4,5,0.625,750.57
CUST_01510,1855.94,2,15,2024-09-27 06:32:54,2024-11-22 16:54:42,16,8,1,5,8,0.5,927.97
CUST_01511,952.71,4,13,2024-03-06 03:54:29,2024-12-21 15:56:27,18,5,2,1,5,0.2778,238.18
CUST_01512,2294.03,5,18,2024-05-06 01:08:09,2024-07-02 19:06:26,25,10,2,4,7,0.4,458.81
CUST_01513,602.79,2,6,2024-08-14 05:22:57,2024-09-22 18:34:06,10,7,3,1,4,0.7,301.39
CUST_01514,2855.34,3,28,2024-01-12 04:46:48,2024-04-17 17:27:24,19,11,0,2,8,0.5789,951.78
CUST_01515,0.0,0,0,,,10,3,2,2,4,0.3,0.0
CUST_01516,1410.1,3,13,2024-02-09 16:45:58,2024-11-13 10:26:17,24,4,1,2,5,0.1667,470.03
CUST_01517,3593.42,4,29,2024-01-09 19:45:40,2024-11-16 14:25:14,24,8,2,0,5,0.3333,898.36
CUST_01518,5433.67,5,51,2024-01-15 22:11:37,2024-08-31 10:18:05,19,6,1,4,7,0.3158,1086.73
CUST_01519,2405.97,2,17,2024-07-21 17:39:20,2024-09-21 19:23:44,38,13,2,3,9,0.3421,1202.98
CUST_01520,5017.01,4,47,2024-02-07 14:45:54,2024-09-17 09:23:04,30,10,4,3,10,0.3333,1254.25
CUST_01521,3552.59,5,30,2024-07-20 16:58:13,2024-10-09 00:39:41,6,2,1,2,2,0.3333,710.52
CUST_01522,374.38,1,4,2024-02-12 01:51:31,2024-02-12 01:51:31,21,5,3,2,6,0.2381,374.38
CUST_01523,875.48,3,8,2024-01-01 09:33:36,2024-08-06 23:05:37,14,4,1,1,3,0.2857,291.83
CUST_01524,0.0,0,0,,,13,3,2,1,5,0.2308,0.0
CUST_01525,1794.45,3,18,2024-05-21 18:46:24,2024-11-26 08:06:32,19,5,0,8,5,0.2632,598.15
CUST_01526,3666.33,4,29,2024-01-08 20:35:03,2024-09-13 16:06:56,25,6,2,2,6,0.24,916.58
CUST_01527,2872.38,2,23,2024-10-23 04:52:58,2024-11-11 06:14:17,16,3,1,1,3,0.1875,1436.19
CUST_01528,1891.85,3,14,2024-02-16 08:53:50,2024-07-07 18:50:29,5,3,0,1,3,0.6,630.62
CUST_01529,7881.85,6,64,2024-01-03 10:13:34,2024-12-19 00:18:56,12,11,1,2,4,0.9167,1313.64
CUST_01530,6763.75,5,53,2024-01-23 17:09:48,2024-07-31 23:55:51,10,8,2,1,3,0.8,1352.75
CUST_01531,3697.28,4,30,2024-02-04 17:33:01,2024-10-21 05:53:04,11,4,1,4,3,0.3636,924.32
CUST_01532,1377.46,3,12,2024-03-12 10:47:06,2024-07-23 01:47:17,25,12,3,5,8,0.48,459.15
CUST_01533,729.74,1,5,2024-08-06 01:09:34,2024-08-06 01:09:34,32,9,1,2,9,0.2812,729.74
CUST_01534,3223.06,2,27,2024-04-26 05:32:16,2024-04-27 18:35:19,12,2,4,1,4,0.1667,1611.53
CUST_01535,278.4,1,2,2024-09-28 16:54:35,2024-09-28 16:54:35,16,6,1,1,4,0.375,278.4
CUST_01536,4154.97,3,34,2024-03-28 04:51:10,2024-11-30 17:22:43,17,3,2,2,5,0.1765,1384.99
CUST_01537,1577.24,4,30,2024-01-10 20:58:04,2024-08-31 07:30:15,25,6,4,4,6,0.24,394.31
CUST_01538,1472.4,3,17,2024-06-03 01:05:14,2024-12-11 12:43:51,20,6,1,2,5,0.3,490.8
CUST_01539,2584.64,2,23,2024-03-09 09:48:51,2024-10-27 00:45:47,34,13,1,1,9,0.3824,1292.32
CUST_01540,2889.78,3,19,2024-03-20 09:00:33,2024-12-03 17:04:22,19,6,2,5,7,0.3158,963.26
CUST_01541,2235.78,4,24,2024-02-17 02:15:51,2024-12-05 10:03:18,37,8,4,5,10,0.2162,558.95
CUST_01542,2580.71,4,23,2024-03-12 09:52:34,2024-11-25 17:18:33,5,3,0,1,2,0.6,645.18
CUST_01543,2224.15,2,16,2024-01-23 20:10:22,2024-04-23 02:32:27,25,9,0,2,8,0.36,1112.08
CUST_01544,0.0,0,0,,,30,7,2,2,7,0.2333,0.0
CUST_01545,5523.76,4,39,2024-01-29 17:24:18,2024-08-06 17:06:42,18,8,2,5,5,0.4444,1380.94
CUST_01546,4935.4,7,53,2024-01-12 14:40:14,2024-11-20 03:46:21,23,5,4,4,6,0.2174,705.06
CUST_01547,1571.33,3,13,2024-05-25 21:16:12,2024-10-24 11:13:12,16,1,0,3,3,0.0625,523.78
CUST_01548,3790.0,3,27,2024-02-25 01:19:49,2024-08-27 14:17:40,14,3,1,3,5,0.2143,1263.33
CUST_01549,830.06,2,8,2024-08-29 17:30:31,2024-10-26 04:34:12,21,9,2,2,5,0.4286,415.03
CUST_01550,0.0,0,0,,,22,7,1,4,6,0.3182,0.0
CUST_01551,0.0,0,0,,,7,3,0,1,3,0.4286,0.0
CUST_01552,1461.75,2,13,2024-08-01 17:35:43,2024-08-08 10:02:59,39,9,6,3,9,0.2308,730.88
CUST_01553,4746.33,4,36,2024-04-18 01:32:22,2024-11-14 13:25:17,18,8,0,1,7,0.4444,1186.58
CUST_01554,1565.84,1,13,2024-09-21 20:09:10,2024-09-21 20:09:10,12,6,0,0,4,0.5,1565.84
CUST_01555,4053.5,5,34,2024-02-14 12:16:58,2024-06-13 16:49:21,23,19,5,6,8,0.8261,810.7
CUST_01556,1316.77,2,21,2024-01-06 12:39:26,2024-10-29 14:20:15,40,11,2,4,10,0.275,658.38
CUST_01557,2425.79,3,24,2024-02-03 06:43:37,2024-11-08 06:32:08,37,15,4,7,9,0.4054,808.6
CUST_01558,2973.06,5,29,2024-01-09 22:37:24,2024-06-07 04:17:05,20,6,0,2,4,0.3,594.61
CUST_01559,784.87,3,13,2024-06-29 01:32:33,2024-10-06 16:45:32,26,8,1,4,9,0.3077,261.62
CUST_01560,1019.91,1,7,2024-03-06 19:52:14,2024-03-06 19:52:14,42,8,1,4,11,0.1905,1019.91
CUST_01561,2266.32,4,20,2024-01-08 23:01:08,2024-10-09 14:32:57,24,6,6,2,6,0.25,566.58
CUST_01562,5123.41,7,43,2024-01-02 07:53:08,2024-11-01 04:13:46,23,5,3,0,6,0.2174,731.92
CUST_01563,6177.87,7,48,2024-02-05 22:38:16,2024-12-11 07:30:51,8,1,0,2,3,0.125,882.55
CUST_01564,2852.65,4,25,2024-04-22 09:59:32,2024-09-10 22:58:22,17,3,2,6,5,0.1765,713.16
CUST_01565,2948.19,2,21,2024-02-20 13:32:44,2024-09-10 22:05:17,14,6,0,6,4,0.4286,1474.1
CUST_01566,846.0,1,11,2024-04-16 21:11:57,2024-04-16 21:11:57,30,4,1,11,7,0.1333,846.0
CUST_01567,2480.91,3,18,2024-01-22 00:30:32,2024-10-30 15:58:59,30,7,3,3,9,0.2333,826.97
CUST_01568,1466.59,3,12,2024-01-17 08:24:42,2024-06-06 16:29:55,9,5,0,1,3,0.5556,488.86
CUST_01569,4652.53,4,42,2024-03-31 16:57:35,2024-05-21 23:33:13,13,3,0,2,3,0.2308,1163.13
CUST_01570,1477.22,2,22,2024-02-04 16:37:33,2024-03-19 21:24:47,12,4,0,4,4,0.3333,738.61
CUST_01571,1168.56,2,8,2024-10-02 03:15:43,2024-12-03 23:55:01,25,7,2,4,5,0.28,584.28
CUST_01572,2201.51,1,18,2024-10-19 09:42:14,2024-10-19 09:42:14,9,5,0,4,5,0.5556,2201.51
CUST_01573,1732.47,2,14,2024-07-07 00:59:29,2024-07-10 23:55:45,2,0,0,2,2,0.0,866.24
CUST_01574,3660.34,4,33,2024-04-09 22:15:48,2024-12-01 14:35:27,17,9,2,5,5,0.5294,915.09
CUST_01575,1897.18,5,21,2024-06-03 10:31:27,2024-12-29 22:36:35,26,7,0,7,6,0.2692,379.44
CUST_01576,2811.69,4,25,2024-02-02 11:22:25,2024-11-23 12:23:00,10,5,1,1,5,0.5,702.92
CUST_01577,1664.12,2,14,2024-02-17 14:09:13,2024-12-12 23:24:45,20,5,1,1,4,0.25,832.06
CUST_01578,1981.25,1,19,2024-09-02 09:33:02,2024-09-02 09:33:02,36,14,1,8,10,0.3889,1981.25
CUST_01579,2943.71,4,27,2024-02-21 08:18:58,2024-12-25 19:46:50,18,5,1,3,5,0.2778,735.93
CUST_01580,1506.58,2,10,2024-06-11 22:55:44,2024-06-24 16:58:15,10,6,1,2,4,0.6,753.29
CUST_01581,3757.59,3,25,2024-04-20 05:22:19,2024-12-02 11:25:05,8,0,1,0,3,0.0,1252.53
CUST_01582,729.09,1,8,2024-04-19 16:47:48,2024-04-19 16:47:48,13,5,0,0,2,0.3846,729.09
CUST_01583,1257.39,3,10,2024-06-13 02:34:31,2024-11-26 03:42:49,33,7,1,6,8,0.2121,419.13
CUST_01584,950.65,3,10,2024-03-30 18:38:51,2024-12-27 15:21:02,38,10,3,4,10,0.2632,316.88
CUST_01585,2571.36,3,28,2024-03-09 19:29:56,2024-10-05 12:07:30,14,9,1,4,5,0.6429,857.12
CUST_01586,1826.45,5,27,2024-06-01 04:36:19,2024-11-13 20:05:22,5,3,1,2,2,0.6,365.29
CUST_01587,2202.98,2,15,2024-05-05 03:15:07,2024-11-08 14:20:30,22,4,6,3,7,0.1818,1101.49
CUST_01588,1990.23,4,23,2024-03-12 19:13:04,2024-10-25 12:45:38,3,5,1,0,2,1.6667,497.56
CUST_01589,1775.22,3,21,2024-02-06 19:10:40,2024-10-17 15:57:01,16,9,1,1,6,0.5625,591.74
CUST_01590,1560.19,2,16,2024-03-12 15:27:45,2024-10-07 02:58:31,44,11,2,10,12,0.25,780.1
CUST_01591,423.34,3,9,2024-01-24 06:56:52,2024-08-23 17:01:40,28,7,1,3,7,0.25,141.11
CUST_01592,1550.14,3,10,2024-03-15 17:58:01,2024-09-20 06:29:26,7,3,0,0,3,0.4286,516.71
CUST_01593,2681.62,5,26,2024-01-02 17:28:38,2024-10-31 11:59:36,22,5,1,1,4,0.2273,536.32
CUST_01594,1478.93,3,12,2024-01-21 23:09:42,2024-09-19 22:25:23,29,3,1,3,7,0.1034,492.98
CUST_01595,1506.97,4,15,2024-01-25 07:31:13,2024-11-03 20:10:34,10,7,1,3,3,0.7,376.74
CUST_01596,2378.13,2,17,2024-03-11 03:59:22,2024-09-18 11:35:56,8,2,0,1,2,0.25,1189.07
CUST_01597,1573.04,4,16,2024-03-01 20:17:20,2024-12-06 04:22:10,35,10,1,2,8,0.2857,393.26
CUST_01598,2766.46,5,32,2024-01-08 07:53:47,2024-11-08 22:59:17,21,3,2,1,4,0.1429,553.29
CUST_01599,1218.66,3,11,2024-04-23 06:08:41,2024-06-10 21:25:36,8,4,1,0,4,0.5,406.22
CUST_01600,2858.59,5,26,2024-04-12 23:52:17,2024-12-21 19:01:16,38,10,3,4,10,0.2632,571.72
CUST_01601,3502.52,5,39,2024-01-05 08:19:55,2024-10-08 19:54:12,32,3,2,2,5,0.0938,700.5
CUST_01602,840.38,1,6,2024-05-28 02:08:47,2024-05-28 02:08:47,10,5,1,3,5,0.5,840.38
CUST_01603,5648.4,7,56,2024-03-12 07:41:40,2024-08-11 04:02:07,17,9,2,3,7,0.5294,806.91
CUST_01604,694.34,3,6,2024-03-15 19:43:30,2024-11-26 09:37:46,7,2,2,0,2,0.2857,231.45
CUST_01605,2269.36,3,33,2024-01-20 18:37:44,2024-04-26 03:49:50,10,7,0,1,3,0.7,756.45
CUST_01606,629.33,2,6,2024-02-20 01:54:59,2024-03-16 13:52:45,21,1,2,4,5,0.0476,314.67
CUST_01607,3306.96,4,30,2024-03-02 11:36:54,2024-08-20 04:17:32,17,5,1,1,3,0.2941,826.74
CUST_01608,2252.06,3,19,2024-01-21 14:53:41,2024-08-15 23:16:49,24,6,1,3,6,0.25,750.69
CUST_01609,3131.58,3,24,2024-02-18 21:48:25,2024-07-09 02:05:09,23,7,0,2,8,0.3043,1043.86
CUST_01610,5606.68,8,44,2024-01-18 13:50:30,2024-12-26 04:59:43,14,1,0,2,5,0.0714,700.84
CUST_01611,1153.14,3,9,2024-06-27 20:12:49,2024-07-15 07:05:01,17,7,1,0,5,0.4118,384.38
CUST_01612,3378.08,4,30,2024-09-28 07:50:27,2024-11-26 22:40:25,24,6,1,2,5,0.25,844.52
CUST_01613,463.58,1,3,2024-12-22 00:51:35,2024-12-22 00:51:35,23,8,0,2,7,0.3478,463.58
CUST_01614,3166.41,3,24,2024-02-22 09:49:00,2024-12-27 02:56:16,18,3,1,2,6,0.1667,1055.47
CUST_01615,1202.75,2,8,2024-09-23 22:43:23,2024-09-28 09:05:57,1,1,0,1,2,1.0,601.38
CUST_01616,1891.93,3,21,2024-07-05 03:06:50,2024-12-24 23:07:28,25,15,5,5,8,0.6,630.64
CUST_01617,2765.93,5,25,2024-01-08 18:10:56,2024-11-13 19:49:50,9,4,0,1,3,0.4444,553.19
CUST_01618,3319.96,6,30,2024-03-21 10:41:56,2024-12-04 15:46:01,28,6,3,5,6,0.2143,553.33
CUST_01619,884.57,1,11,2024-06-06 11:04:36,2024-06-06 11:04:36,28,13,3,6,7,0.4643,884.57
CUST_01620,2679.63,5,24,2024-01-17 05:35:53,2024-06-15 11:29:22,17,4,5,4,5,0.2353,535.93
CUST_01621,2720.95,2,17,2024-05-09 00:29:19,2024-11-29 21:11:51,16,5,0,2,6,0.3125,1360.47
CUST_01622,2742.4,5,21,2024-01-03 22:53:05,2024-09-27 11:39:27,19,4,2,2,4,0.2105,548.48
CUST_01623,1312.05,2,15,2024-02-13 02:05:47,2024-02-23 00:45:15,16,3,1,4,5,0.1875,656.02
CUST_01624,3324.01,4,26,2024-02-01 17:54:13,2024-10-30 11:27:51,21,5,0,4,7,0.2381,831.0
CUST_01625,0.0,0,0,,,36,11,1,5,9,0.3056,0.0
CUST_01626,1363.72,2,9,2024-09-03 18:26:55,2024-10-25 08:17:53,24,6,1,3,6,0.25,681.86
CUST_01627,2370.89,5,23,2024-01-01 20:58:31,2024-10-10 04:39:55,15,13,0,2,4,0.8667,474.18
CUST_01628,4733.4,3,37,2024-08-02 09:31:04,2024-11-24 10:54:35,47,16,2,9,12,0.3404,1577.8
CUST_01629,3266.43,3,23,2024-09-09 08:54:59,2024-10-31 08:50:39,8,3,2,3,4,0.375,1088.81
CUST_01630,1240.99,2,9,2024-07-04 21:49:12,2024-12-16 17:26:24,0,0,0,0,0,0.0,620.5
CUST_01631,6423.21,7,57,2024-03-11 13:48:07,2024-12-21 04:33:33,24,1,2,4,5,0.0417,917.6
CUST_01632,1346.32,2,19,2024-04-20 14:35:29,2024-12-26 17:44:31,31,8,0,2,11,0.2581,673.16
CUST_01633,2273.54,4,25,2024-07-13 21:19:49,2024-10-11 16:45:53,29,5,4,4,7,0.1724,568.38
CUST_01634,5009.79,5,40,2024-02-04 15:17:43,2024-08-26 11:59:57,15,1,1,2,4,0.0667,1001.96
CUST_01635,1297.34,1,10,2024-09-18 15:19:10,2024-09-18 15:19:10,13,3,0,3,5,0.2308,1297.34
CUST_01636,6785.82,5,52,2024-03-30 00:39:31,2024-11-28 08:23:01,24,12,3,4,7,0.5,1357.16
CUST_01637,247.43,1,2,2024-10-19 07:30:43,2024-10-19 07:30:43,36,13,5,8,9,0.3611,247.43
CUST_01638,1154.39,2,11,2024-04-14 00:04:18,2024-07-13 21:39:39,22,11,2,1,6,0.5,577.2
CUST_01639,861.5,1,6,2024-12-24 04:54:26,2024-12-24 04:54:26,13,3,0,2,4,0.2308,861.5
CUST_01640,1876.39,2,12,2024-05-18 07:04:02,2024-10-14 01:53:11,5,3,0,4,2,0.6,938.2
CUST_01641,4585.0,9,38,2024-01-22 10:27:05,2024-11-11 22:59:06,14,6,1,3,4,0.4286,509.44
CUST_01642,2219.96,5,27,2024-02-20 22:48:32,2024-11-13 20:58:29,33,5,2,10,12,0.1515,443.99
CUST_01643,2889.24,3,24,2024-06-11 07:45:32,2024-09-04 19:34:30,24,4,1,5,5,0.1667,963.08
CUST_01644,3020.23,3,27,2024-02-12 05:16:52,2024-10-19 13:26:36,18,10,2,4,6,0.5556,1006.74
CUST_01645,2021.75,4,23,2024-02-17 22:50:13,2024-07-13 05:03:50,29,11,0,6,7,0.3793,505.44
CUST_01646,5126.26,7,44,2024-01-16 01:28:45,2024-10-26 23:02:05,7,2,1,1,2,0.2857,732.32
CUST_01647,4198.37,4,39,2024-01-18 09:09:48,2024-09-17 03:19:35,33,6,2,2,7,0.1818,1049.59
CUST_01648,2721.73,4,40,2024-02-18 13:18:36,2024-09-10 23:39:15,30,8,4,3,11,0.2667,680.43
CUST_01649,4346.89,5,34,2024-02-08 22:14:48,2024-07-04 19:43:22,30,11,1,5,7,0.3667,869.38
CUST_01650,5608.7,5,37,2024-01-15 08:56:28,2024-08-16 10:47:20,29,5,2,6,10,0.1724,1121.74
CUST_01651,2317.02,2,15,2024-01-13 12:44:44,2024-10-20 16:28:09,12,2,0,0,3,0.1667,1158.51
CUST_01652,4439.02,5,36,2024-05-22 02:47:00,2024-10-23 07:21:42,16,1,2,1,4,0.0625,887.8
CUST_01653,3326.29,3,24,2024-01-08 10:15:19,2024-06-28 17:12:42,21,6,1,3,5,0.2857,1108.76
CUST_01654,1838.44,2,19,2024-01-08 21:12:20,2024-01-27 05:47:52,11,6,0,1,4,0.5455,919.22
CUST_01655,1628.46,3,20,2024-04-05 03:34:29,2024-12-11 04:08:54,30,9,1,3,9,0.3,542.82
CUST_01656,5240.17,4,47,2024-01-17 03:39:01,2024-12-21 17:43:56,38,11,6,3,10,0.2895,1310.04
CUST_01657,3122.8,3,24,2024-06-17 04:05:09,2024-10-28 03:15:17,47,14,5,6,11,0.2979,1040.93
CUST_01658,2879.17,3,29,2024-01-20 22:01:31,2024-11-26 23:09:42,17,8,2,1,4,0.4706,959.72
CUST_01659,848.82,2,12,2024-03-04 20:31:11,2024-09-07 02:46:41,20,11,1,5,6,0.55,424.41
CUST_01660,3009.22,6,26,2024-02-01 17:35:02,2024-12-03 09:37:16,38,6,5,4,10,0.1579,501.54
CUST_01661,3572.37,3,28,2024-03-12 19:49:09,2024-11-17 04:06:13,40,10,4,7,12,0.25,1190.79
CUST_01662,4384.13,4,41,2024-03-20 10:55:03,2024-11-30 18:50:03,12,3,1,1,3,0.25,1096.03
CUST_01663,0.0,0,0,,,15,9,1,4,5,0.6,0.0
CUST_01664,3636.65,5,30,2024-04-25 12:17:04,2024-10-05 11:43:58,25,5,2,1,5,0.2,727.33
CUST_01665,2194.21,5,28,2024-04-12 01:29:55,2024-12-02 17:36:36,6,4,1,3,2,0.6667,438.84
CUST_01666,801.1,3,8,2024-03-14 03:05:08,2024-12-04 10:17:48,7,9,1,2,3,1.2857,267.03
CUST_01667,0.0,0,0,,,13,3,0,1,4,0.2308,0.0
CUST_01668,2305.89,3,20,2024-07-15 14:28:51,2024-10-14 18:06:21,19,9,0,4,5,0.4737,768.63
CUST_01669,2096.83,3,17,2024-03-16 14:47:26,2024-12-31 07:39:31,12,7,2,4,5,0.5833,698.94
CUST_01670,4590.67,6,35,2024-01-19 01:24:22,2024-12-15 13:48:13,28,5,3,5,6,0.1786,765.11
CUST_01671,0.0,0,0,,,15,4,0,2,5,0.2667,0.0
CUST_01672,5461.04,4,35,2024-08-08 16:53:36,2024-12-30 16:36:32,15,4,0,1,4,0.2667,1365.26
CUST_01673,1380.23,4,14,2024-02-15 07:29:54,2024-12-14 21:05:46,44,11,4,13,10,0.25,345.06
CUST_01674,77.18,1,1,2024-11-03 18:53:57,2024-11-03 18:53:57,27,10,1,6,6,0.3704,77.18
CUST_01675,1747.91,2,16,2024-01-09 20:49:29,2024-05-20 16:35:57,30,7,1,3,6,0.2333,873.96
CUST_01676,3819.6,5,29,2024-01-24 14:43:38,2024-11-28 19:49:40,2,0,0,0,2,0.0,763.92
CUST_01677,2804.28,1,17,2024-02-11 12:57:12,2024-02-11 12:57:12,14,9,2,0,6,0.6429,2804.28
CUST_01678,1999.56,3,18,2024-05-30 09:17:34,2024-11-15 18:04:45,29,6,5,5,10,0.2069,666.52
CUST_01679,4104.36,3,31,2024-02-15 08:27:29,2024-04-24 16:52:21,24,3,1,3,6,0.125,1368.12
CUST_01680,1695.16,3,13,2024-05-20 12:58:36,2024-12-04 05:41:01,9,4,2,3,3,0.4444,565.05
CUST_01681,708.19,2,6,2024-02-24 11:43:16,2024-11-03 19:57:41,20,6,3,2,4,0.3,354.1
CUST_01682,596.53,1,9,2024-03-25 19:19:17,2024-03-25 19:19:17,17,6,2,2,8,0.3529,596.53
CUST_01683,1861.61,6,24,2024-01-17 22:49:20,2024-12-25 20:12:23,20,5,2,5,6,0.25,310.27
CUST_01684,3548.47,4,35,2024-03-31 12:45:40,2024-09-15 10:34:46,38,12,2,6,9,0.3158,887.12
CUST_01685,1834.55,3,14,2024-02-07 22:37:06,2024-05-31 23:54:39,18,7,0,5,5,0.3889,611.52
CUST_01686,2578.52,2,19,2024-04-18 04:00:52,2024-12-22 19:32:42,14,5,1,3,4,0.3571,1289.26
CUST_01687,1889.0,2,17,2024-09-26 09:30:26,2024-12-08 14:20:47,12,1,0,2,4,0.0833,944.5
CUST_01688,2370.47,3,16,2024-01-29 21:25:57,2024-12-08 20:05:33,33,13,1,5,6,0.3939,790.16
CUST_01689,4262.09,5,31,2024-01-10 15:01:32,2024-11-07 10:12:19,16,8,2,1,5,0.5,852.42
CUST_01690,2652.64,3,20,2024-04-13 16:00:44,2024-12-03 19:55:40,35,6,0,3,7,0.1714,884.21
CUST_01691,962.49,2,12,2024-05-23 21:43:14,2024-06-10 18:08:04,37,7,3,4,8,0.1892,481.25
CUST_01692,2093.86,2,24,2024-03-27 10:21:20,2024-10-26 04:20:53,24,7,2,4,7,0.2917,1046.93
CUST_01693,2981.17,3,23,2024-02-28 03:20:55,2024-09-04 08:22:20,44,8,2,3,12,0.1818,993.72
CUST_01694,1605.97,2,13,2024-04-26 16:52:18,2024-11-22 03:13:57,6,0,0,3,1,0.0,802.99
CUST_01695,1600.23,3,18,2024-05-11 15:04:17,2024-12-21 20:27:31,29,2,1,2,7,0.069,533.41
CUST_01696,691.11,2,8,2024-06-08 17:08:39,2024-12-26 07:37:45,18,10,1,1,5,0.5556,345.56
CUST_01697,0.0,0,0,,,13,1,0,3,5,0.0769,0.0
CUST_01698,1576.69,2,13,2024-01-19 01:24:53,2024-09-12 05:40:01,22,3,2,2,5,0.1364,788.35
CUST_01699,2123.76,3,17,2024-01-13 16:32:58,2024-09-18 11:37:06,5,6,0,0,3,1.2,707.92
CUST_01700,5074.44,7,46,2024-01-10 08:13:36,2024-09-08 16:13:49,3,1,3,1,3,0.3333,724.92
CUST_01701,2278.48,2,19,2024-02-12 02:43:53,2024-10-07 21:12:46,40,10,4,3,9,0.25,1139.24
CUST_01702,4999.8,6,41,2024-01-08 19:51:02,2024-12-22 00:00:12,15,5,4,0,5,0.3333,833.3
CUST_01703,1152.49,2,10,2024-07-01 13:37:04,2024-07-18 00:50:49,18,5,3,3,5,0.2778,576.25
CUST_01704,4847.37,4,38,2024-01-28 17:25:57,2024-11-30 01:12:17,36,11,3,9,8,0.3056,1211.84
CUST_01705,2305.04,4,17,2024-08-20 07:08:23,2024-12-21 16:23:06,12,2,1,6,4,0.1667,576.26
CUST_01706,3128.82,4,31,2024-02-28 03:27:56,2024-09-06 06:11:02,30,5,0,5,9,0.1667,782.21
CUST_01707,1154.21,1,12,2024-12-27 06:31:18,2024-12-27 06:31:18,51,18,5,7,10,0.3529,1154.21
CUST_01708,2511.36,3,26,2024-01-07 08:19:53,2024-10-29 19:50:33,22,5,2,2,7,0.2273,837.12
CUST_01709,2263.34,3,16,2024-02-29 21:52:31,2024-07-27 01:52:56,4,2,0,1,1,0.5,754.45
CUST_01710,39.34,1,7,2024-12-26 19:21:31,2024-12-26 19:21:31,10,1,0,1,2,0.1,39.34
CUST_01711,2436.47,4,19,2024-03-22 09:28:17,2024-12-12 06:23:03,23,10,2,3,7,0.4348,609.12
CUST_01712,197.95,1,1,2024-12-08 15:07:08,2024-12-08 15:07:08,13,8,2,8,8,0.6154,197.95
CUST_01713,1989.89,3,16,2024-04-05 21:54:52,2024-07-28 07:32:24,17,5,1,3,7,0.2941,663.3
CUST_01714,640.74,1,4,2024-03-11 01:10:08,2024-03-11 01:10:08,16,7,1,2,5,0.4375,640.74
CUST_01715,1903.61,3,13,2024-04-12 06:50:36,2024-07-02 22:48:45,40,12,2,1,9,0.3,634.54
CUST_01716,804.37,1,7,2024-07-03 04:52:03,2024-07-03 04:52:03,14,4,0,3,3,0.2857,804.37
CUST_01717,2976.01,3,28,2024-05-31 20:22:51,2024-07-28 00:34:45,8,0,1,1,3,0.0,992.0
CUST_01718,2726.45,3,18,2024-03-28 04:38:03,2024-08-26 19:29:58,28,12,0,7,8,0.4286,908.82
CUST_01719,2124.18,3,17,2024-03-05 14:23:11,2024-07-03 19:17:45,32,13,0,6,9,0.4062,708.06
CUST_01720,1966.16,2,16,2024-03-07 15:36:38,2024-11-12 23:40:55,18,2,0,4,4,0.1111,983.08
CUST_01721,3934.24,4,27,2024-02-19 19:52:37,2024-12-24 05:09:56,9,3,0,0,2,0.3333,983.56
CUST_01722,2520.24,3,18,2024-02-06 02:31:10,2024-05-25 10:13:43,19,4,1,3,4,0.2105,840.08
CUST_01723,0.0,0,0,,,36,13,5,6,9,0.3611,0.0
CUST_01724,2393.41,3,21,2024-08-21 20:07:38,2024-10-24 17:29:43,10,1,3,1,3,0.1,797.8
CUST_01725,4613.37,5,34,2024-04-26 09:53:36,2024-12-09 03:57:07,0,0,0,0,0,0.0,922.67
CUST_01726,626.93,1,5,2024-02-16 07:34:28,2024-02-16 07:34:28,21,5,1,5,7,0.2381,626.93
CUST_01727,2958.9,3,23,2024-01-31 13:37:38,2024-05-19 18:31:31,17,5,0,1,4,0.2941,986.3
CUST_01728,3234.56,6,28,2024-01-11 20:27:30,2024-11-21 19:23:48,2,1,0,0,1,0.5,539.09
CUST_01729,0.0,0,0,,,17,4,0,4,5,0.2353,0.0
CUST_01730,2234.89,3,19,2024-05-17 14:56:49,2024-09-12 16:46:39,25,2,2,4,5,0.08,744.96
CUST_01731,1815.55,2,16,2024-03-16 07:34:25,2024-11-09 21:56:47,11,6,2,1,4,0.5455,907.77
CUST_01732,0.0,0,0,,,20,7,3,2,7,0.35,0.0
CUST_01733,4056.02,4,29,2024-03-05 09:35:16,2024-12-03 03:12:18,19,4,2,2,5,0.2105,1014.0
CUST_01734,2008.72,4,17,2024-03-20 13:44:19,2024-12-13 13:16:39,22,2,2,8,8,0.0909,502.18
CUST_01735,1812.14,3,12,2024-05-01 01:06:48,2024-08-05 08:40:43,17,1,1,3,4,0.0588,604.05
CUST_01736,2630.3,4,27,2024-05-04 03:17:18,2024-12-19 23:43:40,6,2,1,2,2,0.3333,657.58
CUST_01737,6896.64,6,52,2024-03-09 12:29:53,2024-12-29 04:24:19,24,7,0,3,6,0.2917,1149.44
CUST_01738,1833.11,3,14,2024-03-16 15:01:14,2024-09-25 02:11:17,7,2,0,0,1,0.2857,611.04
CUST_01739,2493.05,2,20,2024-01-31 15:39:10,2024-06-07 03:19:58,33,10,1,2,8,0.303,1246.53
CUST_01740,1299.42,2,12,2024-08-19 19:52:24,2024-10-08 15:21:30,46,22,3,3,13,0.4783,649.71
CUST_01741,4949.03,6,43,2024-02-27 13:00:43,2024-12-11 03:22:03,11,0,0,4,6,0.0,824.84
CUST_01742,2601.17,3,21,2024-02-09 18:35:25,2024-06-03 19:57:44,17,3,2,1,4,0.1765,867.06
CUST_01743,3087.34,3,32,2024-03-03 05:46:12,2024-10-25 07:22:56,27,6,0,4,6,0.2222,1029.11
CUST_01744,4335.43,5,38,2024-04-23 23:09:52,2024-11-17 17:35:54,20,10,2,1,6,0.5,867.09
CUST_01745,2751.63,5,28,2024-02-06 02:19:59,2024-12-02 13:08:38,39,11,6,6,10,0.2821,550.33
CUST_01746,3868.57,7,33,2024-03-05 17:14:30,2024-10-08 13:23:17,23,9,1,2,8,0.3913,552.65
CUST_01747,1574.58,2,15,2024-03-20 06:17:15,2024-06-05 23:46:19,26,11,2,1,6,0.4231,787.29
CUST_01748,3591.89,5,28,2024-01-17 09:54:55,2024-04-20 18:47:23,21,5,2,3,5,0.2381,718.38
CUST_01749,0.0,0,0,,,6,5,1,1,3,0.8333,0.0
CUST_01750,1031.69,2,10,2024-09-20 20:53:19,2024-12-08 20:30:58,26,4,0,5,6,0.1538,515.85
CUST_01751,1165.13,2,15,2024-11-23 12:12:55,2024-11-27 16:15:01,30,6,1,4,7,0.2,582.57
CUST_01752,3449.34,2,31,2024-05-23 13:12:03,2024-08-05 20:01:51,17,5,1,3,5,0.2941,1724.67
CUST_01753,2010.01,2,20,2024-03-19 13:44:32,2024-07-21 04:17:38,21,5,2,0,4,0.2381,1005.0
CUST_01754,1657.05,4,17,2024-03-05 11:03:38,2024-12-08 06:48:59,17,7,2,3,5,0.4118,414.26
CUST_01755,0.0,0,0,,,16,9,1,3,7,0.5625,0.0
CUST_01756,3867.58,5,45,2024-04-18 09:30:52,2024-11-01 19:19:09,19,2,1,5,7,0.1053,773.52
CUST_01757,1959.01,2,21,2024-04-06 05:10:19,2024-08-21 04:03:57,24,10,0,4,7,0.4167,979.5
CUST_01758,290.74,1,3,2024-11-24 05:25:01,2024-11-24 05:25:01,12,8,4,5,5,0.6667,290.74
CUST_01759,4623.39,6,41,2024-01-10 22:48:19,2024-11-03 03:41:18,45,14,2,4,12,0.3111,770.57
CUST_01760,536.73,1,6,2024-01-31 22:38:32,2024-01-31 22:38:32,29,6,1,1,7,0.2069,536.73
CUST_01761,520.54,2,3,2024-02-19 11:52:42,2024-06-05 23:31:49,30,6,2,7,8,0.2,260.27
CUST_01762,4224.86,7,39,2024-01-08 23:25:27,2024-12-17 19:56:39,50,12,5,12,11,0.24,603.55
CUST_01763,1215.86,1,16,2024-11-09 01:59:49,2024-11-09 01:59:49,31,9,1,0,7,0.2903,1215.86
CUST_01764,1732.59,3,15,2024-02-11 03:28:29,2024-11-16 20:19:20,6,3,1,2,2,0.5,577.53
CUST_01765,1839.9,3,19,2024-01-16 12:56:50,2024-07-16 06:13:16,18,5,0,3,4,0.2778,613.3
CUST_01766,752.34,1,6,2024-07-25 19:11:04,2024-07-25 19:11:04,50,11,4,5,12,0.22,752.34
CUST_01767,1811.67,2,16,2024-03-25 19:30:34,2024-05-23 18:46:47,8,1,1,1,2,0.125,905.84
CUST_01768,2010.15,3,17,2024-06-10 07:44:35,2024-09-29 00:25:30,30,12,2,4,9,0.4,670.05
CUST_01769,1707.74,4,15,2024-01-26 13:12:34,2024-11-08 19:20:33,0,0,0,0,0,0.0,426.94
CUST_01770,3343.32,4,33,2024-04-22 12:58:24,2024-10-12 06:21:08,9,6,1,4,7,0.6667,835.83
CUST_01771,1049.76,2,9,2024-06-02 15:05:42,2024-10-12 18:59:06,13,5,0,2,4,0.3846,524.88
CUST_01772,4415.69,4,30,2024-06-12 18:17:15,2024-12-11 09:46:50,25,10,1,3,7,0.4,1103.92
CUST_01773,1771.55,3,18,2024-06-17 23:29:47,2024-11-25 10:19:27,33,11,4,5,9,0.3333,590.52
CUST_01774,1207.81,2,8,2024-02-25 01:37:55,2024-05-11 01:53:39,32,9,1,5,8,0.2812,603.9
CUST_01775,75.96,1,2,2024-10-06 07:19:36,2024-10-06 07:19:36,19,3,4,5,6,0.1579,75.96
CUST_01776,2828.21,3,23,2024-01-31 08:09:48,2024-08-04 17:13:01,37,15,2,6,8,0.4054,942.74
CUST_01777,4890.82,5,43,2024-04-25 20:56:52,2024-12-28 23:26:17,4,2,0,2,3,0.5,978.16
CUST_01778,3731.81,4,36,2024-01-03 06:09:18,2024-12-02 05:18:10,38,16,1,7,9,0.4211,932.95
CUST_01779,1397.83,2,12,2024-09-08 00:12:59,2024-09-13 16:12:28,17,4,3,5,5,0.2353,698.91
CUST_01780,1960.16,4,15,2024-02-15 01:04:23,2024-11-25 16:31:11,25,5,0,4,6,0.2,490.04
CUST_01781,2156.98,3,35,2024-03-12 10:34:48,2024-12-24 11:22:59,23,4,3,5,7,0.1739,718.99
CUST_01782,994.14,2,11,2024-09-14 06:25:29,2024-10-10 20:59:35,22,13,3,4,8,0.5909,497.07
CUST_01783,1360.61,3,8,2024-03-11 13:48:28,2024-09-08 02:23:12,11,6,2,5,3,0.5455,453.54
CUST_01784,1923.85,4,24,2024-02-04 05:31:50,2024-09-10 05:56:20,45,21,3,2,14,0.4667,480.96
CUST_01785,3931.0,3,33,2024-03-28 21:39:12,2024-11-16 16:24:15,21,6,1,2,5,0.2857,1310.33
CUST_01786,4381.54,4,40,2024-04-11 19:14:10,2024-07-07 14:30:41,27,11,7,7,13,0.4074,1095.38
CUST_01787,2096.08,4,21,2024-01-27 07:05:20,2024-11-10 01:17:18,15,5,2,2,4,0.3333,524.02
CUST_01788,36.85,1,1,2024-04-09 03:10:51,2024-04-09 03:10:51,18,6,0,3,5,0.3333,36.85
CUST_01789,422.84,1,9,2024-12-22 13:01:10,2024-12-22 13:01:10,18,1,0,4,4,0.0556,422.84
CUST_01790,1520.17,2,15,2024-02-07 07:10:44,2024-12-11 10:36:54,8,10,1,3,4,1.25,760.09
CUST_01791,1743.63,2,11,2024-01-13 11:02:40,2024-05-30 06:01:36,13,6,3,1,4,0.4615,871.82
CUST_01792,2195.23,5,29,2024-01-31 18:02:24,2024-12-11 12:00:47,40,16,8,9,14,0.4,439.05
CUST_01793,2481.51,4,18,2024-02-24 11:16:42,2024-11-19 22:17:34,22,4,2,1,5,0.1818,620.38
CUST_01794,1718.53,4,15,2024-02-01 05:46:20,2024-10-12 13:43:05,15,3,2,2,4,0.2,429.63
CUST_01795,2703.15,3,20,2024-07-21 23:33:59,2024-11-19 19:03:58,10,3,0,3,4,0.3,901.05
CUST_01796,274.8,2,5,2024-04-26 01:13:29,2024-10-21 13:39:44,32,6,0,5,7,0.1875,137.4
CUST_01797,3027.32,3,23,2024-03-11 03:15:11,2024-10-23 17:54:53,24,6,2,2,7,0.25,1009.11
CUST_01798,3284.26,3,23,2024-01-10 19:54:11,2024-06-09 23:39:39,14,4,2,5,4,0.2857,1094.75
CUST_01799,828.18,1,14,2024-11-29 17:23:09,2024-11-29 17:23:09,24,12,1,2,8,0.5,828.18
CUST_01800,1288.57,3,17,2024-03-03 20:24:18,2024-12-28 02:52:06,38,8,4,4,10,0.2105,429.52
CUST_01801,3255.75,5,28,2024-02-17 19:28:09,2024-12-24 01:22:34,30,13,1,7,9,0.4333,651.15
CUST_01802,584.53,1,6,2024-12-13 10:37:32,2024-12-13 10:37:32,21,7,1,2,6,0.3333,584.53
CUST_01803,5596.59,6,43,2024-01-21 16:04:00,2024-10-08 22:48:07,38,15,1,11,9,0.3947,932.76
CUST_01804,6153.67,7,68,2024-02-08 17:22:49,2024-11-26 23:23:15,12,4,0,1,5,0.3333,879.1
CUST_01805,3785.8,3,29,2024-03-10 19:53:38,2024-05-19 01:36:45,17,10,2,2,8,0.5882,1261.93
CUST_01806,2389.07,3,23,2024-02-29 20:11:13,2024-08-31 10:32:52,18,9,3,3,5,0.5,796.36
CUST_01807,5492.49,5,51,2024-01-27 07:12:13,2024-10-06 08:55:42,17,7,1,2,8,0.4118,1098.5
CUST_01808,2147.9,2,18,2024-04-15 20:42:44,2024-07-31 04:22:53,12,4,0,1,3,0.3333,1073.95
CUST_01809,758.17,2,5,2024-07-09 08:00:09,2024-10-22 22:01:32,13,5,2,3,3,0.3846,379.08
CUST_01810,197.95,1,1,2024-03-23 02:18:08,2024-03-23 02:18:08,28,10,4,4,8,0.3571,197.95
CUST_01811,5898.2,6,50,2024-01-22 06:40:08,2024-09-26 13:47:31,19,8,1,5,8,0.4211,983.03
CUST_01812,5425.08,4,44,2024-03-26 16:30:17,2024-12-21 18:25:02,30,10,1,4,8,0.3333,1356.27
CUST_01813,2046.37,5,23,2024-04-22 02:15:50,2024-11-29 23:25:54,41,8,0,10,8,0.1951,409.27
CUST_01814,4940.86,5,41,2024-03-29 02:17:48,2024-10-15 06:48:01,5,2,0,1,4,0.4,988.17
CUST_01815,5617.1,4,47,2024-04-05 23:43:06,2024-11-18 08:00:24,25,6,4,5,6,0.24,1404.28
CUST_01816,1921.99,2,23,2024-05-12 23:41:41,2024-09-06 08:33:22,10,4,0,2,2,0.4,961.0
CUST_01817,750.81,2,7,2024-02-25 07:20:34,2024-06-21 16:51:56,28,7,2,3,6,0.25,375.4
CUST_01818,409.64,1,5,2024-10-14 02:21:42,2024-10-14 02:21:42,9,6,1,1,3,0.6667,409.64
CUST_01819,3276.81,4,21,2024-01-05 12:15:43,2024-10-30 11:08:49,21,8,1,3,6,0.381,819.2
CUST_01820,1022.85,4,9,2024-03-31 16:55:27,2024-10-14 23:32:19,37,13,4,2,8,0.3514,255.71
CUST_01821,347.86,1,3,2024-01-17 13:21:25,2024-01-17 13:21:25,13,6,1,0,3,0.4615,347.86
CUST_01822,334.98,1,7,2024-03-13 04:55:54,2024-03-13 04:55:54,25,7,4,7,7,0.28,334.98
CUST_01823,1859.33,3,17,2024-02-14 11:32:18,2024-05-28 03:06:02,19,5,0,3,4,0.2632,619.78
CUST_01824,5001.39,5,45,2024-02-04 02:16:08,2024-09-25 13:20:08,4,3,0,1,1,0.75,1000.28
CUST_01825,1655.54,2,14,2024-12-09 20:38:51,2024-12-19 02:14:48,9,2,0,2,3,0.2222,827.77
CUST_01826,600.2,2,15,2024-04-03 08:12:16,2024-07-08 01:20:55,31,7,1,5,7,0.2258,300.1
CUST_01827,6357.97,7,58,2024-01-05 15:50:17,2024-10-17 05:05:27,19,10,1,8,7,0.5263,908.28
CUST_01828,3801.15,4,32,2024-02-14 22:12:11,2024-06-13 13:31:05,18,4,2,4,5,0.2222,950.29
CUST_01829,2417.96,2,16,2024-02-29 14:01:03,2024-08-12 20:03:37,21,7,2,3,5,0.3333,1208.98
CUST_01830,563.1,2,5,2024-05-06 01:47:40,2024-10-19 17:31:16,6,1,1,0,1,0.1667,281.55
CUST_01831,866.18,1,7,2024-12-11 11:58:31,2024-12-11 11:58:31,49,20,5,4,12,0.4082,866.18
CUST_01832,1260.86,2,14,2024-05-23 14:59:14,2024-11-02 03:30:52,12,6,0,2,3,0.5,630.43
CUST_01833,5449.84,4,49,2024-01-29 20:51:43,2024-10-30 00:23:39,20,7,4,5,5,0.35,1362.46
CUST_01834,378.1,1,4,2024-05-31 15:41:17,2024-05-31 15:41:17,11,6,3,1,3,0.5455,378.1
CUST_01835,0.0,0,0,,,18,5,0,5,5,0.2778,0.0
CUST_01836,1524.55,1,13,2024-07-11 22:50:22,2024-07-11 22:50:22,26,4,3,2,6,0.1538,1524.55
CUST_01837,2227.1,3,26,2024-07-28 15:55:16,2024-10-18 21:28:47,16,1,2,4,5,0.0625,742.37
CUST_01838,451.98,1,3,2024-02-24 10:35:37,2024-02-24 10:35:37,20,7,2,2,6,0.35,451.98
CUST_01839,503.5,1,6,2024-03-31 21:03:55,2024-03-31 21:03:55,20,4,3,3,7,0.2,503.5
CUST_01840,2802.51,4,24,2024-02-20 01:19:31,2024-12-09 20:51:25,36,4,2,1,7,0.1111,700.63
CUST_01841,3720.37,6,40,2024-01-07 09:01:46,2024-12-17 14:03:55,34,9,2,7,8,0.2647,620.06
CUST_01842,1896.58,4,15,2024-03-04 04:47:28,2024-08-15 06:42:15,24,4,0,2,6,0.1667,474.14
CUST_01843,3480.29,6,38,2024-05-24 01:38:23,2024-12-12 20:19:15,40,10,2,6,8,0.25,580.05
CUST_01844,1258.24,1,13,2024-06-29 21:52:48,2024-06-29 21:52:48,16,6,2,6,5,0.375,1258.24
CUST_01845,1700.82,4,18,2024-06-09 00:24:37,2024-09-28 16:23:14,15,9,5,3,6,0.6,425.2
CUST_01846,2402.54,4,19,2024-06-26 15:09:50,2024-12-18 19:52:28,24,9,2,5,7,0.375,600.63
CUST_01847,1482.81,3,17,2024-07-31 11:32:39,2024-11-10 00:13:24,12,8,1,2,7,0.6667,494.27
CUST_01848,650.55,1,7,2024-08-28 13:19:10,2024-08-28 13:19:10,28,12,2,2,6,0.4286,650.55
CUST_01849,1708.3,2,15,2024-03-25 02:26:31,2024-05-11 02:00:22,24,5,1,4,7,0.2083,854.15
CUST_01850,2112.96,4,22,2024-02-16 23:50:27,2024-12-04 09:00:11,29,10,5,3,7,0.3448,528.24
CUST_01851,939.19,1,6,2024-02-05 02:58:09,2024-02-05 02:58:09,9,2,0,1,3,0.2222,939.19
CUST_01852,2890.46,6,30,2024-01-15 14:31:29,2024-11-18 03:06:14,8,2,0,1,2,0.25,481.74
CUST_01853,5828.18,5,49,2024-06-21 09:22:53,2024-12-15 15:17:08,16,4,0,1,5,0.25,1165.64
CUST_01854,364.88,2,5,2024-02-14 06:46:29,2024-05-19 07:48:36,52,9,1,10,13,0.1731,182.44
CUST_01855,303.16,1,2,2024-04-16 00:40:00,2024-04-16 00:40:00,10,2,1,3,3,0.2,303.16
CUST_01856,1594.85,2,11,2024-03-14 01:02:15,2024-05-06 04:25:53,24,4,2,2,7,0.1667,797.42
CUST_01857,2275.06,2,22,2024-01-17 19:44:53,2024-09-17 19:23:42,8,6,0,1,4,0.75,1137.53
CUST_01858,4080.51,5,34,2024-05-27 08:01:38,2024-11-23 17:39:08,16,7,3,4,7,0.4375,816.1
CUST_01859,7661.05,5,56,2024-03-01 11:14:24,2024-11-17 06:35:53,23,10,2,7,6,0.4348,1532.21
CUST_01860,2136.57,5,23,2024-01-01 18:13:17,2024-07-23 22:39:02,25,14,2,9,9,0.56,427.31
CUST_01861,1009.57,2,9,2024-02-08 01:18:46,2024-08-03 05:06:27,30,11,3,3,8,0.3667,504.79
CUST_01862,506.58,1,4,2024-12-14 06:42:32,2024-12-14 06:42:32,21,10,1,5,5,0.4762,506.58
CUST_01863,7843.61,7,61,2024-01-05 12:00:50,2024-12-26 15:14:22,5,1,0,1,2,0.2,1120.52
CUST_01864,7406.1,7,57,2024-03-10 03:38:47,2024-10-21 03:03:12,6,5,0,2,3,0.8333,1058.01
CUST_01865,2749.13,2,22,2024-02-25 01:59:07,2024-07-17 08:49:55,24,10,2,5,7,0.4167,1374.57
CUST_01866,1332.13,3,13,2024-08-27 21:39:19,2024-12-28 06:48:47,23,8,1,4,6,0.3478,444.04
CUST_01867,967.54,2,13,2024-01-29 05:25:16,2024-02-27 06:06:14,38,12,4,5,10,0.3158,483.77
CUST_01868,3117.07,3,29,2024-03-09 17:12:40,2024-06-09 19:15:37,26,6,2,3,8,0.2308,1039.02
CUST_01869,2517.23,4,18,2024-02-04 19:38:31,2024-11-06 12:15:40,28,6,3,6,6,0.2143,629.31
CUST_01870,4621.34,5,47,2024-01-18 06:53:50,2024-08-18 12:31:03,21,11,1,1,5,0.5238,924.27
CUST_01871,2713.78,4,22,2024-08-09 01:16:04,2024-11-25 21:15:43,14,5,1,5,5,0.3571,678.45
CUST_01872,4800.29,4,41,2024-01-06 23:02:59,2024-12-27 05:24:01,9,3,0,2,4,0.3333,1200.07
CUST_01873,7470.23,5,75,2024-01-25 09:24:18,2024-11-22 20:15:08,14,2,1,3,5,0.1429,1494.05
CUST_01874,2501.3,3,30,2024-08-07 16:14:39,2024-11-18 08:53:14,9,4,0,3,6,0.4444,833.77
CUST_01875,2715.95,2,21,2024-01-15 08:42:50,2024-02-25 14:56:45,27,8,2,6,7,0.2963,1357.97
CUST_01876,3463.23,4,27,2024-02-03 21:46:35,2024-08-14 08:27:09,21,7,0,3,5,0.3333,865.81
CUST_01877,1777.37,3,17,2024-02-03 07:08:32,2024-12-15 05:06:27,10,2,1,2,5,0.2,592.46
CUST_01878,1527.81,1,15,2024-04-17 12:55:57,2024-04-17 12:55:57,27,5,1,8,7,0.1852,1527.81
CUST_01879,2287.85,3,21,2024-01-16 04:17:38,2024-12-28 15:49:39,18,5,0,4,5,0.2778,762.62
CUST_01880,692.2,2,10,2024-04-16 23:17:45,2024-09-21 16:55:22,23,5,2,3,6,0.2174,346.1
CUST_01881,1764.17,1,13,2024-12-26 02:07:16,2024-12-26 02:07:16,20,3,2,1,4,0.15,1764.17
CUST_01882,704.11,2,12,2024-03-12 20:35:10,2024-07-27 15:25:46,15,3,0,1,5,0.2,352.06
CUST_01883,1031.52,1,11,2024-01-07 07:45:11,2024-01-07 07:45:11,19,6,2,5,8,0.3158,1031.52
CUST_01884,732.84,1,8,2024-10-01 16:35:39,2024-10-01 16:35:39,17,8,1,3,6,0.4706,732.84
CUST_01885,1151.17,1,8,2024-11-19 03:02:36,2024-11-19 03:02:36,9,1,1,1,2,0.1111,1151.17
CUST_01886,4781.74,6,39,2024-02-01 13:32:14,2024-08-13 15:37:37,11,2,2,3,4,0.1818,796.96
CUST_01887,1029.1,2,9,2024-04-10 21:09:12,2024-12-12 10:35:10,16,1,0,4,3,0.0625,514.55
CUST_01888,3800.67,5,34,2024-03-13 15:14:37,2024-09-12 10:50:24,20,7,0,4,6,0.35,760.13
CUST_01889,2415.02,3,18,2024-01-20 15:58:39,2024-12-06 06:44:27,22,7,2,1,6,0.3182,805.01
CUST_01890,2892.3,4,22,2024-01-11 17:55:49,2024-07-11 04:47:09,25,9,1,1,6,0.36,723.08
CUST_01891,1078.34,2,9,2024-05-09 10:45:11,2024-10-02 02:27:34,25,7,4,4,7,0.28,539.17
CUST_01892,384.32,2,3,2024-03-11 13:50:14,2024-05-28 00:37:38,22,9,1,1,6,0.4091,192.16
CUST_01893,4348.39,4,34,2024-03-31 01:03:01,2024-12-05 05:05:23,7,4,1,2,3,0.5714,1087.1
CUST_01894,1566.64,2,12,2024-01-11 09:01:43,2024-01-28 12:39:03,16,7,2,2,5,0.4375,783.32
CUST_01895,3220.41,4,28,2024-02-27 09:04:15,2024-08-02 22:25:19,33,6,2,8,9,0.1818,805.1
CUST_01896,4267.95,7,35,2024-01-07 16:56:13,2024-10-29 11:57:35,13,3,0,3,6,0.2308,609.71
CUST_01897,1692.12,3,14,2024-01-31 14:01:47,2024-12-21 06:00:20,28,7,2,4,8,0.25,564.04
CUST_01898,1607.21,3,13,2024-02-20 15:32:51,2024-08-17 06:09:16,26,11,4,4,8,0.4231,535.74
CUST_01899,3007.84,5,31,2024-02-02 18:59:28,2024-10-01 06:29:08,0,0,0,0,0,0.0,601.57
CUST_01900,797.85,1,11,2024-12-10 01:15:59,2024-12-10 01:15:59,5,2,0,0,3,0.4,797.85
CUST_01901,2020.56,2,16,2024-06-09 08:49:50,2024-09-11 20:08:23,29,13,2,1,6,0.4483,1010.28
CUST_01902,451.36,3,7,2024-03-10 12:23:13,2024-12-19 04:06:25,14,3,2,3,5,0.2143,150.45
CUST_01903,1019.93,3,14,2024-06-10 04:47:47,2024-09-09 11:59:39,31,6,1,4,8,0.1935,339.98
CUST_01904,2973.1,2,20,2024-08-02 19:27:43,2024-09-27 01:29:51,25,13,3,6,8,0.52,1486.55
CUST_01905,3485.93,4,35,2024-06-20 13:44:38,2024-12-07 17:57:29,21,6,2,5,7,0.2857,871.48
CUST_01906,1530.27,2,17,2024-05-24 07:15:23,2024-07-17 22:37:43,21,4,0,2,5,0.1905,765.13
CUST_01907,1412.08,3,16,2024-06-27 02:15:55,2024-08-08 09:11:48,11,4,2,1,5,0.3636,470.69
CUST_01908,2824.84,2,22,2024-07-20 09:55:33,2024-08-08 12:10:47,34,7,1,11,8,0.2059,1412.42
CUST_01909,770.97,3,6,2024-03-19 10:08:25,2024-10-06 05:42:48,11,7,2,0,3,0.6364,256.99
CUST_01910,1374.19,1,8,2024-10-26 07:51:43,2024-10-26 07:51:43,22,6,1,3,6,0.2727,1374.19
CUST_01911,1545.15,3,13,2024-01-15 08:54:00,2024-09-21 10:39:46,29,6,2,3,6,0.2069,515.05
CUST_01912,2441.45,2,19,2024-04-27 08:11:46,2024-07-11 11:05:28,28,5,2,4,8,0.1786,1220.72
CUST_01913,0.0,0,0,,,28,8,2,2,10,0.2857,0.0
CUST_01914,187.46,1,6,2024-06-18 11:49:16,2024-06-18 11:49:16,31,8,5,5,10,0.2581,187.46
CUST_01915,2057.51,3,23,2024-04-14 01:20:38,2024-12-23 02:44:56,18,7,2,5,7,0.3889,685.84
CUST_01916,0.0,0,0,,,9,0,2,2,2,0.0,0.0
CUST_01917,648.9,1,5,2024-05-05 00:31:25,2024-05-05 00:31:25,22,3,4,1,5,0.1364,648.9
CUST_01918,0.0,0,0,,,27,11,2,6,8,0.4074,0.0
CUST_01919,4565.32,5,31,2024-02-20 22:29:11,2024-12-12 13:47:17,13,5,0,1,5,0.3846,913.06
CUST_01920,3607.1,3,33,2024-04-05 10:04:32,2024-08-18 20:43:01,17,6,0,1,6,0.3529,1202.37
CUST_01921,1515.14,2,15,2024-06-20 17:40:40,2024-06-25 07:54:38,11,3,0,1,3,0.2727,757.57
CUST_01922,3224.75,4,28,2024-03-01 13:10:51,2024-09-01 05:58:50,20,12,4,3,7,0.6,806.19
CUST_01923,1015.33,3,18,2024-01-14 08:05:31,2024-03-17 00:12:10,10,4,0,0,4,0.4,338.44
CUST_01924,1905.51,3,21,2024-02-18 07:52:12,2024-09-28 19:11:32,8,4,1,2,5,0.5,635.17
CUST_01925,4607.29,7,37,2024-01-21 14:20:17,2024-10-23 01:02:15,26,5,1,6,6,0.1923,658.18
CUST_01926,3167.68,6,39,2024-01-17 21:46:12,2024-11-30 19:59:50,18,6,1,1,5,0.3333,527.95
CUST_01927,3256.72,5,29,2024-01-08 12:39:55,2024-07-26 10:56:07,10,0,0,2,2,0.0,651.34
CUST_01928,3808.94,5,40,2024-01-21 20:18:19,2024-11-03 04:37:42,4,1,0,3,3,0.25,761.79
CUST_01929,6085.24,5,42,2024-02-19 16:31:32,2024-10-21 03:01:06,12,3,0,1,4,0.25,1217.05
CUST_01930,0.0,0,0,,,31,15,4,4,7,0.4839,0.0
CUST_01931,454.16,3,7,2024-01-01 21:35:39,2024-12-18 07:31:11,19,7,2,4,7,0.3684,151.39
CUST_01932,3310.03,2,33,2024-01-10 17:14:47,2024-12-04 23:15:02,31,6,3,0,8,0.1935,1655.02
CUST_01933,426.76,1,9,2024-09-22 18:43:33,2024-09-22 18:43:33,13,1,0,0,3,0.0769,426.76
CUST_01934,1085.35,2,10,2024-03-03 21:54:26,2024-06-28 18:21:21,12,4,0,1,5,0.3333,542.67
CUST_01935,7117.1,7,55,2024-02-09 01:08:47,2024-11-28 22:06:54,17,9,2,3,6,0.5294,1016.73
CUST_01936,1350.35,2,8,2024-02-18 05:24:46,2024-09-27 07:51:40,23,3,2,0,5,0.1304,675.17
CUST_01937,834.1,1,9,2024-05-27 07:58:56,2024-05-27 07:58:56,30,5,2,1,6,0.1667,834.1
CUST_01938,2256.04,3,17,2024-09-30 21:12:00,2024-11-09 14:25:03,15,6,0,0,4,0.4,752.01
CUST_01939,2792.01,4,21,2024-07-31 23:46:22,2024-12-28 07:34:56,26,12,1,4,7,0.4615,698.0
CUST_01940,3522.46,6,28,2024-01-25 12:22:03,2024-10-03 12:32:23,18,3,0,6,4,0.1667,587.08
CUST_01941,3645.73,5,39,2024-01-04 19:32:24,2024-09-10 18:58:26,19,7,0,3,5,0.3684,729.15
CUST_01942,862.65,1,7,2024-04-30 15:09:12,2024-04-30 15:09:12,14,2,0,0,3,0.1429,862.65
CUST_01943,1582.9,4,14,2024-01-27 01:43:40,2024-12-24 09:23:19,14,5,1,4,3,0.3571,395.73
CUST_01944,4076.33,7,33,2024-02-23 19:00:07,2024-11-05 14:56:58,8,5,0,0,2,0.625,582.33
CUST_01945,4771.08,5,35,2024-03-02 15:56:54,2024-12-02 21:55:36,24,8,4,4,8,0.3333,954.22
CUST_01946,3642.72,4,30,2024-02-24 00:12:56,2024-08-06 00:01:06,22,2,0,3,4,0.0909,910.68
CUST_01947,4045.67,5,35,2024-02-24 07:10:22,2024-12-23 14:48:14,18,4,2,4,7,0.2222,809.13
CUST_01948,0.0,0,0,,,22,12,2,4,7,0.5455,0.0
CUST_01949,1481.25,3,15,2024-07-04 10:08:33,2024-12-30 16:52:43,8,3,0,0,3,0.375,493.75
CUST_01950,4197.29,4,34,2024-07-14 04:55:59,2024-12-16 03:35:51,38,9,1,9,10,0.2368,1049.32
CUST_01951,5927.35,7,45,2024-01-18 11:44:14,2024-12-14 13:24:27,25,5,1,0,5,0.2,846.76
CUST_01952,1718.52,3,13,2024-03-08 19:12:56,2024-12-29 23:26:20,14,7,1,0,3,0.5,572.84
CUST_01953,2316.52,3,26,2024-02-22 01:46:40,2024-10-14 00:49:30,34,10,1,6,9,0.2941,772.17
CUST_01954,1402.53,4,18,2024-01-17 12:21:37,2024-11-21 05:28:49,11,6,1,0,4,0.5455,350.63
CUST_01955,764.76,2,9,2024-01-16 17:42:53,2024-09-15 02:21:59,17,4,5,4,5,0.2353,382.38
CUST_01956,1366.42,3,12,2024-05-05 16:11:10,2024-05-28 20:46:04,15,4,0,1,6,0.2667,455.47
CUST_01957,2169.49,5,24,2024-02-14 07:22:09,2024-05-20 07:42:35,26,6,2,3,5,0.2308,433.9
CUST_01958,1324.08,4,18,2024-01-03 14:41:44,2024-04-17 15:32:37,18,3,0,5,4,0.1667,331.02
CUST_01959,405.67,2,3,2024-10-15 14:35:33,2024-11-06 15:35:59,17,1,0,1,3,0.0588,202.84
CUST_01960,1536.64,2,11,2024-10-13 08:52:49,2024-11-12 09:05:10,13,2,2,1,5,0.1538,768.32
CUST_01961,3248.47,3,30,2024-05-12 21:04:19,2024-07-23 03:50:19,36,11,3,5,8,0.3056,1082.82
CUST_01962,3649.17,4,27,2024-07-05 00:48:03,2024-12-21 03:12:38,21,10,1,2,8,0.4762,912.29
CUST_01963,2575.09,3,16,2024-01-24 19:49:15,2024-03-19 17:17:17,32,8,7,3,9,0.25,858.36
CUST_01964,5170.07,5,38,2024-01-27 07:31:42,2024-11-02 07:29:46,22,10,1,3,7,0.4545,1034.01
CUST_01965,1207.81,3,9,2024-01-25 13:50:53,2024-12-15 05:17:18,30,10,2,4,7,0.3333,402.6
CUST_01966,2467.41,4,19,2024-01-03 16:11:51,2024-07-29 23:58:12,4,2,0,3,4,0.5,616.85
CUST_01967,283.68,1,2,2024-09-04 16:11:47,2024-09-04 16:11:47,14,1,0,1,3,0.0714,283.68
CUST_01968,2520.59,5,31,2024-03-26 15:49:15,2024-11-10 22:12:15,35,8,3,4,8,0.2286,504.12
CUST_01969,2046.88,2,20,2024-01-14 12:36:28,2024-05-08 09:26:56,20,6,3,9,6,0.3,1023.44
CUST_01970,1091.59,2,15,2024-01-28 22:31:34,2024-10-04 15:02:01,34,4,1,6,9,0.1176,545.79
CUST_01971,3559.95,6,37,2024-02-01 01:48:10,2024-12-26 13:24:25,30,13,3,9,11,0.4333,593.32
CUST_01972,2270.58,3,17,2024-03-24 00:16:09,2024-09-26 07:09:02,17,5,1,2,5,0.2941,756.86
CUST_01973,132.8,1,1,2024-07-28 14:04:17,2024-07-28 14:04:17,22,4,4,2,5,0.1818,132.8
CUST_01974,482.92,1,4,2024-11-09 05:01:03,2024-11-09 05:01:03,18,5,2,5,5,0.2778,482.92
CUST_01975,1318.99,2,10,2024-01-08 16:39:09,2024-02-17 01:41:59,22,7,2,2,7,0.3182,659.5
CUST_01976,1039.47,3,15,2024-04-16 03:22:04,2024-09-13 01:59:04,18,3,3,0,5,0.1667,346.49
CUST_01977,1759.08,3,13,2024-03-22 14:08:02,2024-08-06 05:04:53,25,12,8,9,8,0.48,586.36
CUST_01978,716.67,2,6,2024-03-28 16:53:34,2024-09-30 14:27:33,24,9,1,7,8,0.375,358.33
CUST_01979,1216.22,3,11,2024-05-15 06:23:38,2024-08-29 23:10:20,43,14,9,3,10,0.3256,405.41
CUST_01980,5421.35,5,47,2024-02-11 10:04:49,2024-09-13 00:58:31,24,6,1,8,7,0.25,1084.27
CUST_01981,1725.94,2,20,2024-10-11 10:50:43,2024-10-27 09:12:04,31,8,0,4,9,0.2581,862.97
CUST_01982,3692.49,5,33,2024-01-18 17:46:27,2024-11-22 06:29:37,29,10,1,8,8,0.3448,738.5
CUST_01983,0.0,0,0,,,22,7,3,2,6,0.3182,0.0
CUST_01984,6280.27,8,53,2024-01-12 05:25:39,2024-12-14 04:41:28,20,8,0,2,8,0.4,785.03
CUST_01985,1059.02,1,10,2024-01-22 02:28:46,2024-01-22 02:28:46,42,13,4,4,9,0.3095,1059.02
CUST_01986,5731.83,4,44,2024-02-17 03:46:23,2024-10-31 12:16:36,16,1,0,0,4,0.0625,1432.96
CUST_01987,2818.65,3,25,2024-01-17 10:07:34,2024-07-02 02:35:52,15,8,1,2,7,0.5333,939.55
CUST_01988,4751.11,4,30,2024-06-13 20:22:49,2024-10-30 12:56:24,23,5,1,2,5,0.2174,1187.78
CUST_01989,3825.89,3,28,2024-03-24 04:49:54,2024-08-10 03:38:34,4,0,0,0,1,0.0,1275.3
CUST_01990,1378.21,1,10,2024-09-15 20:34:14,2024-09-15 20:34:14,17,5,0,4,4,0.2941,1378.21
CUST_01991,1271.99,3,12,2024-05-29 08:33:38,2024-11-12 21:53:16,30,14,3,3,7,0.4667,424.0
CUST_01992,3573.97,3,34,2024-03-15 13:37:06,2024-07-18 08:49:19,34,7,2,5,7,0.2059,1191.32
CUST_01993,2336.86,5,23,2024-02-02 22:58:32,2024-11-05 22:48:11,16,6,0,3,6,0.375,467.37
CUST_01994,2843.01,3,22,2024-04-26 12:31:16,2024-09-12 12:19:16,41,13,6,8,11,0.3171,947.67
CUST_01995,1140.5,3,17,2024-01-06 10:24:57,2024-04-07 00:44:04,28,4,1,1,6,0.1429,380.17
CUST_01996,1329.35,4,11,2024-04-26 11:50:19,2024-10-21 13:21:18,13,5,1,1,5,0.3846,332.34
CUST_01997,4577.51,3,39,2024-01-03 16:24:36,2024-10-26 19:38:02,16,3,1,3,3,0.1875,1525.84
CUST_01998,3435.75,3,27,2024-03-07 06:21:42,2024-10-27 04:54:44,14,2,0,1,2,0.1429,1145.25
CUST_01999,1510.6,3,19,2024-03-31 01:31:06,2024-12-04 19:11:56,39,8,0,10,8,0.2051,503.53
CUST_02000,1460.69,3,11,2024-01-23 07:54:30,2024-11-16 16:07:50,18,3,3,0,5,0.1667,486.9
CUST_02001,264.66,1,4,2024-07-17 06:37:31,2024-07-17 06:37:31,18,4,1,3,7,0.2222,264.66
CUST_02002,2422.05,5,31,2024-01-25 19:53:10,2024-10-08 00:02:55,40,7,3,3,7,0.175,484.41
CUST_02003,36.85,1,1,2024-10-23 02:41:28,2024-10-23 02:41:28,34,17,1,4,8,0.5,36.85
CUST_02004,2233.91,4,21,2024-05-01 17:47:44,2024-10-14 15:17:01,20,10,0,0,5,0.5,558.48
CUST_02005,401.94,2,3,2024-07-12 02:55:39,2024-07-23 22:39:37,27,6,2,5,8,0.2222,200.97
CUST_02006,4101.82,7,40,2024-02-07 02:30:09,2024-12-02 00:48:47,31,4,0,2,9,0.129,585.97
CUST_02007,0.0,0,0,,,15,3,2,3,6,0.2,0.0
CUST_02008,1231.82,3,9,2024-02-10 23:41:36,2024-05-19 12:27:39,27,7,2,6,6,0.2593,410.61
CUST_02009,5187.51,8,38,2024-01-15 17:50:51,2024-10-03 16:03:41,15,4,1,2,5,0.2667,648.44
CUST_02010,569.57,4,9,2024-02-25 22:51:06,2024-08-04 14:29:13,40,11,2,2,9,0.275,142.39
CUST_02011,1420.16,3,21,2024-02-29 15:33:43,2024-06-27 17:25:02,25,4,2,6,6,0.16,473.39
CUST_02012,2300.3,2,25,2024-03-18 17:47:50,2024-08-11 15:35:02,9,2,1,2,3,0.2222,1150.15
CUST_02013,3491.3,5,38,2024-06-06 02:43:41,2024-12-26 13:20:59,28,9,2,4,7,0.3214,698.26
CUST_02014,8436.89,9,68,2024-05-04 12:31:25,2024-12-13 07:09:55,32,9,2,5,8,0.2812,937.43
CUST_02015,1787.04,6,17,2024-01-01 14:42:48,2024-12-26 15:03:05,25,6,1,3,6,0.24,297.84
CUST_02016,3348.8,5,32,2024-02-05 02:58:41,2024-10-08 13:22:46,35,15,3,4,9,0.4286,669.76
CUST_02017,1260.31,2,13,2024-02-24 13:04:52,2024-07-29 12:58:03,26,5,6,2,6,0.1923,630.15
CUST_02018,1632.8,2,17,2024-05-29 07:33:40,2024-12-14 04:44:36,9,3,0,2,4,0.3333,816.4
CUST_02019,561.38,2,8,2024-10-01 05:20:39,2024-11-09 22:20:21,20,9,0,3,6,0.45,280.69
CUST_02020,1495.11,3,12,2024-03-25 23:58:45,2024-12-08 10:41:53,15,3,2,1,5,0.2,498.37
CUST_02021,198.96,2,7,2024-10-27 01:16:39,2024-11-25 14:11:57,31,4,3,3,9,0.129,99.48
CUST_02022,1264.84,1,8,2024-06-16 10:08:53,2024-06-16 10:08:53,29,6,3,5,8,0.2069,1264.84
CUST_02023,1541.55,2,13,2024-04-27 22:14:26,2024-08-25 19:14:31,15,5,0,3,6,0.3333,770.77
CUST_02024,1451.35,2,13,2024-02-27 22:07:38,2024-06-29 04:21:21,24,3,1,8,5,0.125,725.67
CUST_02025,4895.23,4,38,2024-06-19 11:30:57,2024-12-15 08:45:30,21,12,1,3,8,0.5714,1223.81
CUST_02026,1908.18,3,21,2024-01-24 09:43:42,2024-11-20 22:41:39,13,6,0,2,5,0.4615,636.06
CUST_02027,2566.52,5,26,2024-01-07 04:42:58,2024-10-20 22:08:59,15,12,0,4,7,0.8,513.3
CUST_02028,3467.93,4,31,2024-01-16 20:12:22,2024-10-09 23:40:11,25,8,2,4,8,0.32,866.98
CUST_02029,5071.46,6,41,2024-02-22 23:21:56,2024-08-01 11:49:09,27,9,1,3,9,0.3333,845.24
CUST_02030,235.0,1,3,2024-03-13 08:33:00,2024-03-13 08:33:00,39,6,2,5,8,0.1538,235.0
CUST_02031,1823.73,2,16,2024-06-18 08:23:32,2024-12-03 15:32:27,10,2,0,1,4,0.2,911.87
CUST_02032,0.0,0,0,,,26,5,2,2,5,0.1923,0.0
CUST_02033,2597.86,3,26,2024-02-07 07:39:39,2024-05-22 09:39:52,43,15,3,6,10,0.3488,865.95
CUST_02034,1557.28,3,12,2024-02-04 00:41:57,2024-05-14 15:31:33,8,4,2,0,2,0.5,519.09
CUST_02035,1380.64,1,9,2024-11-19 10:37:16,2024-11-19 10:37:16,23,7,4,2,6,0.3043,1380.64
CUST_02036,2749.3,4,28,2024-05-25 15:14:25,2024-12-26 21:20:25,24,10,1,3,9,0.4167,687.33
CUST_02037,2396.14,3,22,2024-07-28 05:29:17,2024-10-06 01:16:32,19,6,0,1,5,0.3158,798.71
CUST_02038,2121.38,5,19,2024-03-20 06:08:04,2024-10-16 10:07:50,23,9,2,1,5,0.3913,424.28
CUST_02039,3559.56,3,32,2024-06-29 00:10:11,2024-10-06 03:22:18,7,5,2,5,4,0.7143,1186.52
CUST_02040,2770.65,5,24,2024-03-18 23:28:53,2024-07-09 09:27:52,22,7,0,4,8,0.3182,554.13
CUST_02041,2525.59,4,26,2024-01-19 21:04:21,2024-08-25 08:54:59,34,15,6,5,10,0.4412,631.4
CUST_02042,1559.6,2,11,2024-06-22 14:58:36,2024-08-30 21:13:55,8,4,0,2,3,0.5,779.8
CUST_02043,1336.19,3,17,2024-01-19 04:07:53,2024-07-30 01:47:52,13,3,0,2,6,0.2308,445.4
CUST_02044,3332.39,4,31,2024-03-22 19:16:58,2024-12-26 02:26:17,10,5,0,4,3,0.5,833.1
CUST_02045,2870.0,4,25,2024-03-23 16:51:50,2024-12-04 12:38:32,18,8,2,3,5,0.4444,717.5
CUST_02046,1268.13,1,8,2024-06-06 13:05:52,2024-06-06 13:05:52,27,10,0,2,5,0.3704,1268.13
CUST_02047,2474.13,5,21,2024-02-19 00:38:26,2024-11-29 17:48:49,25,7,0,2,5,0.28,494.83
CUST_02048,848.94,2,14,2024-08-19 18:00:39,2024-11-24 07:02:41,17,3,1,1,4,0.1765,424.47
CUST_02049,902.22,2,7,2024-02-29 20:06:32,2024-05-01 06:16:53,25,7,2,1,10,0.28,451.11
CUST_02050,4591.33,4,37,2024-02-16 12:45:55,2024-12-28 07:35:19,19,10,1,3,5,0.5263,1147.83
CUST_02051,2838.31,3,18,2024-06-26 20:44:28,2024-11-29 08:40:01,21,5,0,7,4,0.2381,946.1
CUST_02052,2728.51,3,24,2024-05-16 17:51:58,2024-07-20 11:04:17,21,7,2,3,7,0.3333,909.5
CUST_02053,268.31,1,4,2024-03-19 08:06:12,2024-03-19 08:06:12,27,11,4,4,6,0.4074,268.31
CUST_02054,0.0,0,0,,,9,3,0,1,5,0.3333,0.0
CUST_02055,1675.53,2,13,2024-02-27 06:55:46,2024-08-24 16:08:53,39,12,2,7,9,0.3077,837.76
CUST_02056,1127.49,1,7,2024-01-15 17:13:59,2024-01-15 17:13:59,18,7,2,4,6,0.3889,1127.49
CUST_02057,867.24,1,14,2024-09-15 09:17:15,2024-09-15 09:17:15,19,2,2,4,5,0.1053,867.24
CUST_02058,1881.18,3,19,2024-05-07 06:18:30,2024-09-24 10:13:01,31,7,1,2,9,0.2258,627.06
CUST_02059,1724.27,1,12,2024-02-12 19:29:41,2024-02-12 19:29:41,29,9,3,9,7,0.3103,1724.27
CUST_02060,32.2,1,1,2024-05-28 11:21:59,2024-05-28 11:21:59,12,3,2,2,5,0.25,32.2
CUST_02061,2325.13,4,19,2024-03-05 23:23:35,2024-11-18 05:46:12,16,12,2,3,7,0.75,581.28
CUST_02062,6533.82,6,60,2024-03-22 20:36:47,2024-11-12 15:00:42,19,5,3,5,8,0.2632,1088.97
CUST_02063,3862.54,4,36,2024-01-07 07:38:06,2024-10-24 19:00:08,28,7,5,4,9,0.25,965.63
CUST_02064,466.95,1,6,2024-08-02 05:23:20,2024-08-02 05:23:20,19,8,2,2,7,0.4211,466.95
CUST_02065,0.0,0,0,,,9,1,0,1,2,0.1111,0.0
CUST_02066,2937.42,3,25,2024-01-14 01:21:58,2024-09-22 18:46:13,16,7,2,1,6,0.4375,979.14
CUST_02067,4011.66,4,26,2024-01-13 07:53:30,2024-11-06 15:56:11,24,12,2,4,8,0.5,1002.91
CUST_02068,3763.71,5,31,2024-03-11 22:04:14,2024-11-08 07:00:15,18,10,3,1,8,0.5556,752.74
CUST_02069,2206.76,2,19,2024-04-16 04:42:06,2024-07-11 21:15:58,30,8,4,2,7,0.2667,1103.38
CUST_02070,1483.25,1,13,2024-02-12 21:23:35,2024-02-12 21:23:35,7,2,0,1,2,0.2857,1483.25
CUST_02071,740.95,2,7,2024-06-07 22:30:02,2024-08-23 02:59:12,11,5,0,1,4,0.4545,370.48
CUST_02072,3800.57,4,34,2024-02-19 02:18:39,2024-12-04 17:35:05,34,8,1,4,8,0.2353,950.14
CUST_02073,2135.77,3,20,2024-01-10 16:24:32,2024-05-27 04:56:31,13,1,1,0,3,0.0769,711.92
CUST_02074,1198.56,2,10,2024-04-25 22:56:52,2024-09-28 22:36:02,19,3,0,3,3,0.1579,599.28
CUST_02075,0.0,0,0,,,26,13,5,7,9,0.5,0.0
CUST_02076,54.79,1,2,2024-09-05 18:46:40,2024-09-05 18:46:40,37,13,1,9,10,0.3514,54.79
CUST_02077,1459.76,3,14,2024-02-11 21:17:03,2024-10-28 03:13:59,25,5,1,5,6,0.2,486.59
CUST_02078,2226.91,4,25,2024-02-10 22:30:09,2024-10-08 10:45:34,27,6,2,6,6,0.2222,556.73
CUST_02079,3712.69,4,28,2024-01-29 19:30:25,2024-10-02 02:20:13,3,2,0,3,2,0.6667,928.17
CUST_02080,1572.4,2,13,2024-04-13 18:13:46,2024-08-03 05:04:14,10,4,1,3,4,0.4,786.2
CUST_02081,1342.4,3,14,2024-02-01 02:41:34,2024-06-07 02:50:18,13,7,2,0,5,0.5385,447.47
CUST_02082,1887.44,3,15,2024-08-14 20:02:27,2024-10-31 06:26:35,14,11,2,4,6,0.7857,629.15
CUST_02083,5189.7,3,37,2024-01-07 13:24:04,2024-11-29 07:57:54,35,10,1,7,9,0.2857,1729.9
CUST_02084,1667.14,3,14,2024-10-19 04:46:58,2024-10-31 16:29:24,35,11,2,4,9,0.3143,555.71
CUST_02085,0.0,0,0,,,16,8,5,5,5,0.5,0.0
CUST_02086,1146.87,3,11,2024-04-17 05:32:26,2024-08-01 17:05:15,18,6,0,1,5,0.3333,382.29
CUST_02087,2837.38,3,28,2024-02-02 12:58:28,2024-06-04 05:16:21,16,6,2,4,5,0.375,945.79
CUST_02088,7466.58,7,67,2024-03-14 06:18:46,2024-12-11 03:41:44,37,8,2,1,9,0.2162,1066.65
CUST_02089,1653.6,2,12,2024-02-26 11:15:02,2024-03-16 07:18:48,28,6,5,4,7,0.2143,826.8
CUST_02090,656.77,1,8,2024-11-02 01:30:14,2024-11-02 01:30:14,42,11,1,2,8,0.2619,656.77
CUST_02091,1834.34,4,24,2024-04-08 08:42:41,2024-09-02 22:04:54,28,13,2,6,9,0.4643,458.58
CUST_02092,0.0,0,0,,,20,5,3,3,4,0.25,0.0
CUST_02093,1669.68,3,13,2024-03-16 16:23:40,2024-05-30 20:44:24,11,7,1,3,4,0.6364,556.56
CUST_02094,2729.09,2,17,2024-01-31 01:53:18,2024-12-22 03:24:01,46,10,5,6,10,0.2174,1364.55
CUST_02095,2629.11,5,22,2024-02-14 21:53:48,2024-08-22 22:29:35,35,8,1,3,9,0.2286,525.82
CUST_02096,2826.97,7,24,2024-01-22 16:38:43,2024-09-14 05:36:00,4,0,0,1,2,0.0,403.85
CUST_02097,462.21,1,4,2024-01-20 10:03:26,2024-01-20 10:03:26,17,1,0,3,5,0.0588,462.21
CUST_02098,367.82,1,5,2024-08-02 23:22:29,2024-08-02 23:22:29,24,12,0,2,6,0.5,367.82
CUST_02099,3189.84,4,36,2024-04-26 02:04:20,2024-11-16 03:17:57,39,9,3,5,9,0.2308,797.46
CUST_02100,2559.85,3,21,2024-01-16 05:17:07,2024-09-18 00:33:06,29,14,1,6,8,0.4828,853.28
CUST_02101,480.97,2,7,2024-06-25 21:01:03,2024-12-08 20:24:13,15,1,1,5,5,0.0667,240.49
CUST_02102,229.11,1,3,2024-07-03 06:02:52,2024-07-03 06:02:52,21,6,2,4,8,0.2857,229.11
CUST_02103,2588.55,3,19,2024-04-18 20:04:49,2024-12-01 06:16:30,39,10,2,3,9,0.2564,862.85
CUST_02104,6715.88,5,66,2024-01-17 07:07:45,2024-08-18 08:48:09,25,7,0,0,5,0.28,1343.18
CUST_02105,4057.08,4,33,2024-02-16 08:27:29,2024-06-17 15:29:09,44,15,3,6,9,0.3409,1014.27
CUST_02106,4150.93,3,34,2024-01-15 00:59:51,2024-04-02 10:21:50,24,15,2,3,9,0.625,1383.64
CUST_02107,432.29,1,3,2024-01-11 12:17:26,2024-01-11 12:17:26,13,3,0,1,3,0.2308,432.29
CUST_02108,318.9,1,2,2024-12-15 14:03:19,2024-12-15 14:03:19,20,4,3,3,6,0.2,318.9
CUST_02109,1884.11,3,19,2024-02-07 07:54:18,2024-11-09 02:21:41,31,10,1,5,8,0.3226,628.04
CUST_02110,73.7,1,2,2024-02-15 01:48:18,2024-02-15 01:48:18,24,7,1,6,7,0.2917,73.7
CUST_02111,1733.91,2,16,2024-03-09 19:46:42,2024-08-11 07:49:50,31,9,1,1,6,0.2903,866.96
CUST_02112,5965.27,5,40,2024-06-03 15:43:01,2024-11-16 16:20:13,23,10,2,4,9,0.4348,1193.05
CUST_02113,473.2,1,6,2024-01-18 20:05:07,2024-01-18 20:05:07,9,0,1,2,4,0.0,473.2
CUST_02114,579.01,2,7,2024-04-16 19:55:30,2024-11-26 13:26:33,31,4,3,3,9,0.129,289.5
CUST_02115,2524.76,4,18,2024-01-06 12:05:06,2024-12-01 01:02:17,21,12,3,4,8,0.5714,631.19
CUST_02116,2483.65,3,18,2024-07-27 00:38:15,2024-12-02 18:47:13,12,10,1,1,4,0.8333,827.88
CUST_02117,4220.75,5,35,2024-03-11 23:31:23,2024-11-06 20:44:16,27,3,1,0,7,0.1111,844.15
CUST_02118,3598.51,5,34,2024-02-07 20:05:52,2024-12-16 22:52:03,28,12,2,4,9,0.4286,719.7
CUST_02119,781.23,1,7,2024-08-20 16:03:55,2024-08-20 16:03:55,25,4,1,1,5,0.16,781.23
CUST_02120,2642.05,1,17,2024-11-19 23:36:37,2024-11-19 23:36:37,49,10,4,5,10,0.2041,2642.05
CUST_02121,3723.4,4,31,2024-01-06 23:13:34,2024-08-15 18:00:58,26,9,1,3,7,0.3462,930.85
CUST_02122,1934.24,3,16,2024-02-27 09:48:10,2024-06-29 09:55:07,21,2,2,4,6,0.0952,644.75
CUST_02123,2007.64,3,20,2024-04-21 01:46:26,2024-10-29 21:03:47,26,11,0,6,6,0.4231,669.21
CUST_02124,415.24,1,4,2024-05-20 12:01:40,2024-05-20 12:01:40,17,1,3,1,4,0.0588,415.24
CUST_02125,4507.25,7,35,2024-02-28 18:58:06,2024-10-01 05:57:02,9,1,0,1,2,0.1111,643.89
CUST_02126,2354.03,2,21,2024-09-01 15:13:18,2024-11-14 11:16:28,15,8,2,3,5,0.5333,1177.02
CUST_02127,1114.66,2,8,2024-04-12 02:03:50,2024-04-13 14:01:01,11,6,2,2,4,0.5455,557.33
CUST_02128,1416.1,4,15,2024-02-07 17:13:01,2024-12-17 07:39:53,6,2,1,0,2,0.3333,354.02
CUST_02129,4516.94,6,37,2024-01-03 19:03:12,2024-09-07 08:46:43,15,7,2,2,3,0.4667,752.82
CUST_02130,1718.25,3,18,2024-02-07 14:50:04,2024-10-25 02:17:26,14,1,2,1,4,0.0714,572.75
CUST_02131,2723.31,3,20,2024-02-23 19:07:42,2024-12-09 16:12:49,18,5,0,2,4,0.2778,907.77
CUST_02132,1699.39,2,17,2024-02-29 13:01:38,2024-06-20 14:15:08,24,6,4,5,7,0.25,849.7
CUST_02133,1699.93,2,15,2024-03-13 10:39:57,2024-04-30 20:13:36,45,12,3,3,13,0.2667,849.97
CUST_02134,894.8,3,10,2024-02-17 10:26:29,2024-05-07 02:35:04,21,6,4,5,7,0.2857,298.27
CUST_02135,1281.14,2,11,2024-04-26 06:05:09,2024-12-22 16:31:12,27,14,1,5,6,0.5185,640.57
CUST_02136,2309.9,5,20,2024-04-27 03:23:54,2024-09-03 01:16:20,25,3,1,4,4,0.12,461.98
CUST_02137,2155.07,2,16,2024-05-26 15:07:00,2024-11-19 12:21:04,16,7,1,8,6,0.4375,1077.54
CUST_02138,1995.45,4,22,2024-03-20 06:16:06,2024-10-15 01:06:55,27,8,4,1,6,0.2963,498.86
CUST_02139,4600.73,3,40,2024-04-22 19:44:37,2024-08-12 04:56:23,26,9,4,7,7,0.3462,1533.58
CUST_02140,1843.19,2,15,2024-08-14 06:34:10,2024-12-19 12:10:42,26,18,2,5,9,0.6923,921.6
CUST_02141,1406.66,1,11,2024-04-27 13:56:08,2024-04-27 13:56:08,20,6,2,2,5,0.3,1406.66
CUST_02142,2186.91,4,16,2024-01-15 11:26:22,2024-09-05 22:39:59,11,5,0,5,3,0.4545,546.73
CUST_02143,2688.02,3,33,2024-06-27 00:19:17,2024-10-24 03:04:23,17,8,0,2,7,0.4706,896.01
CUST_02144,3181.57,6,34,2024-02-10 16:54:38,2024-12-11 14:36:48,35,12,2,8,11,0.3429,530.26
CUST_02145,3861.27,3,32,2024-05-20 01:04:14,2024-12-17 00:00:49,20,1,2,3,5,0.05,1287.09
CUST_02146,2061.16,4,16,2024-04-10 02:34:13,2024-12-27 16:38:47,21,6,1,0,4,0.2857,515.29
CUST_02147,5417.69,6,47,2024-01-14 03:15:36,2024-12-14 19:13:18,7,1,2,1,2,0.1429,902.95
CUST_02148,3704.58,4,26,2024-02-27 19:49:30,2024-12-07 11:58:25,42,9,2,9,11,0.2143,926.14
CUST_02149,5442.04,7,42,2024-02-07 19:37:39,2024-11-18 21:07:50,12,0,2,6,3,0.0,777.43
CUST_02150,3385.72,3,26,2024-02-02 14:39:29,2024-10-25 01:53:10,18,11,0,7,8,0.6111,1128.57
CUST_02151,2477.72,4,22,2024-01-19 06:01:37,2024-08-22 03:29:42,25,2,3,1,5,0.08,619.43
CUST_02152,2407.73,2,23,2024-07-06 05:03:17,2024-12-27 22:57:49,27,3,1,3,7,0.1111,1203.87
CUST_02153,1178.2,1,14,2024-06-22 11:59:34,2024-06-22 11:59:34,25,6,2,12,7,0.24,1178.2
CUST_02154,5192.98,5,42,2024-03-12 18:08:52,2024-11-24 13:56:29,39,9,1,2,10,0.2308,1038.6
CUST_02155,977.13,2,11,2024-03-16 16:29:36,2024-07-30 07:12:41,25,12,2,5,8,0.48,488.56
CUST_02156,1314.4,1,10,2024-06-30 03:37:45,2024-06-30 03:37:45,28,1,5,5,6,0.0357,1314.4
CUST_02157,2561.7,6,25,2024-01-15 15:49:55,2024-11-29 17:43:43,24,15,1,1,6,0.625,426.95
CUST_02158,1263.61,2,12,2024-08-04 15:07:03,2024-11-18 04:03:28,1,1,2,1,2,1.0,631.8
CUST_02159,574.25,2,5,2024-03-08 22:40:23,2024-11-06 07:25:57,12,2,1,3,3,0.1667,287.12
CUST_02160,171.78,1,1,2024-08-06 15:30:34,2024-08-06 15:30:34,43,11,2,9,10,0.2558,171.78
CUST_02161,5567.73,4,36,2024-01-16 04:37:37,2024-11-30 18:33:24,14,5,1,2,5,0.3571,1391.93
CUST_02162,1187.29,3,13,2024-07-18 14:08:59,2024-12-04 19:39:55,25,6,1,7,10,0.24,395.76
CUST_02163,0.0,0,0,,,18,8,3,2,4,0.4444,0.0
CUST_02164,4095.56,5,37,2024-01-08 09:16:33,2024-09-22 16:04:12,10,9,2,2,3,0.9,819.11
CUST_02165,1534.21,4,21,2024-04-21 18:33:04,2024-07-04 04:45:26,10,4,1,3,4,0.4,383.55
CUST_02166,1452.78,2,9,2024-02-18 06:13:43,2024-08-17 07:44:42,20,4,0,7,6,0.2,726.39
CUST_02167,8134.35,7,61,2024-01-04 00:54:59,2024-10-11 04:52:17,30,8,2,3,8,0.2667,1162.05
CUST_02168,3850.52,4,37,2024-01-05 21:14:23,2024-10-22 03:15:57,11,3,3,3,5,0.2727,962.63
CUST_02169,2103.4,3,16,2024-03-15 19:31:18,2024-12-22 18:11:13,38,15,4,7,10,0.3947,701.13
CUST_02170,3304.42,4,31,2024-05-23 09:06:49,2024-09-05 03:24:47,14,6,3,3,5,0.4286,826.11
CUST_02171,1638.61,2,11,2024-07-04 09:11:43,2024-12-24 00:03:17,29,4,0,0,5,0.1379,819.3
CUST_02172,2602.0,3,24,2024-02-07 03:50:17,2024-11-22 23:09:00,35,13,1,2,10,0.3714,867.33
CUST_02173,2339.26,3,20,2024-05-16 19:14:20,2024-12-03 23:34:35,17,7,0,2,4,0.4118,779.75
CUST_02174,3179.06,3,24,2024-01-04 10:33:28,2024-10-12 13:39:25,7,3,0,0,3,0.4286,1059.69
CUST_02175,5459.33,5,45,2024-01-13 16:55:05,2024-07-11 16:49:11,18,7,2,3,6,0.3889,1091.87
CUST_02176,4112.61,6,41,2024-03-02 03:22:45,2024-09-09 11:19:03,20,6,0,10,6,0.3,685.43
CUST_02177,0.0,0,0,,,12,4,0,0,4,0.3333,0.0
CUST_02178,978.48,3,11,2024-01-22 12:34:09,2024-08-02 05:57:10,21,6,1,4,7,0.2857,326.16
CUST_02179,1610.25,5,19,2024-03-02 10:45:13,2024-11-10 02:38:34,15,8,0,2,4,0.5333,322.05
CUST_02180,0.0,0,0,,,12,3,3,3,3,0.25,0.0
CUST_02181,2347.6,3,18,2024-06-23 07:41:32,2024-12-19 11:58:20,49,11,2,7,12,0.2245,782.53
CUST_02182,3738.0,6,28,2024-03-31 17:52:52,2024-11-18 06:54:52,4,1,1,2,3,0.25,623.0
CUST_02183,1520.3,2,14,2024-09-13 12:27:40,2024-11-10 03:48:23,30,11,2,3,7,0.3667,760.15
CUST_02184,3619.03,2,25,2024-09-12 17:32:05,2024-10-06 09:40:17,36,6,7,6,10,0.1667,1809.52
CUST_02185,2364.61,5,22,2024-02-11 11:36:51,2024-11-23 23:16:15,29,11,3,6,8,0.3793,472.92
CUST_02186,5243.44,5,48,2024-01-31 12:05:53,2024-11-28 21:27:27,19,3,1,2,4,0.1579,1048.69
CUST_02187,3715.78,4,36,2024-03-18 10:40:31,2024-04-30 06:15:09,40,18,2,9,10,0.45,928.95
CUST_02188,4138.21,4,32,2024-01-11 11:20:43,2024-09-27 21:13:53,22,3,1,3,5,0.1364,1034.55
CUST_02189,2067.5,2,15,2024-07-15 17:58:19,2024-10-18 03:24:42,24,8,3,3,7,0.3333,1033.75
CUST_02190,765.2,2,6,2024-06-03 10:58:50,2024-06-29 16:53:04,39,12,2,2,7,0.3077,382.6
CUST_02191,1019.73,2,9,2024-03-16 09:47:58,2024-06-29 00:09:24,23,8,1,3,7,0.3478,509.87
CUST_02192,4869.45,4,38,2024-01-04 05:31:15,2024-12-15 13:47:13,30,11,0,4,8,0.3667,1217.36
CUST_02193,591.49,2,4,2024-04-20 18:41:27,2024-11-12 06:59:17,35,6,2,2,9,0.1714,295.75
CUST_02194,6899.66,6,64,2024-03-14 17:36:06,2024-12-07 19:27:36,36,7,2,3,7,0.1944,1149.94
CUST_02195,477.39,1,3,2024-09-10 20:56:49,2024-09-10 20:56:49,22,5,0,4,7,0.2273,477.39
CUST_02196,1231.84,2,10,2024-01-09 22:43:52,2024-03-21 01:55:51,8,4,1,1,2,0.5,615.92
CUST_02197,2308.86,4,25,2024-01-03 20:30:23,2024-11-17 07:12:26,24,4,2,4,9,0.1667,577.22
CUST_02198,1395.5,3,15,2024-02-27 20:20:54,2024-11-04 08:02:59,6,4,0,1,4,0.6667,465.17
CUST_02199,1179.1,2,12,2024-01-06 19:56:26,2024-06-20 00:58:23,5,2,0,0,2,0.4,589.55
CUST_02200,2344.56,4,31,2024-03-13 14:35:31,2024-12-08 09:29:13,17,3,3,2,4,0.1765,586.14
CUST_02201,3287.52,6,30,2024-01-02 16:20:54,2024-07-31 15:18:25,12,2,2,1,6,0.1667,547.92
CUST_02202,2006.81,3,28,2024-02-22 16:28:50,2024-12-10 22:56:11,13,5,2,6,5,0.3846,668.94
CUST_02203,1795.82,3,13,2024-01-21 08:43:55,2024-10-19 07:43:53,12,3,0,2,3,0.25,598.61
CUST_02204,2718.95,2,23,2024-03-23 06:49:15,2024-07-26 01:50:18,23,7,0,4,7,0.3043,1359.47
CUST_02205,5297.24,4,51,2024-07-21 23:25:12,2024-10-27 20:10:53,17,6,2,4,5,0.3529,1324.31
CUST_02206,3486.73,5,29,2024-02-02 02:17:00,2024-11-25 21:27:38,16,5,1,0,4,0.3125,697.35
CUST_02207,3102.61,4,27,2024-03-15 03:27:06,2024-11-15 10:47:35,22,6,3,2,7,0.2727,775.65
CUST_02208,5070.17,5,41,2024-05-27 09:15:40,2024-12-06 03:02:20,48,5,8,4,10,0.1042,1014.03
CUST_02209,3502.76,5,30,2024-02-21 15:33:17,2024-11-30 16:33:28,11,3,1,3,4,0.2727,700.55
CUST_02210,1640.84,2,16,2024-01-22 00:00:21,2024-04-04 09:11:53,26,5,3,6,6,0.1923,820.42
CUST_02211,5498.72,4,40,2024-07-02 08:19:39,2024-09-21 14:22:43,16,4,3,3,6,0.25,1374.68
CUST_02212,5146.56,5,39,2024-05-01 16:39:40,2024-08-18 02:32:01,24,6,0,5,6,0.25,1029.31
CUST_02213,3637.2,4,32,2024-01-19 10:06:22,2024-06-11 18:32:40,14,3,3,2,5,0.2143,909.3
CUST_02214,0.0,0,0,,,3,1,0,3,2,0.3333,0.0
CUST_02215,4242.93,5,35,2024-04-03 13:21:56,2024-12-29 01:30:14,19,7,4,2,7,0.3684,848.59
CUST_02216,818.44,2,6,2024-08-02 00:18:00,2024-08-03 20:17:58,50,14,4,2,10,0.28,409.22
CUST_02217,3083.08,4,30,2024-01-24 09:37:23,2024-11-14 21:56:00,20,4,1,3,5,0.2,770.77
CUST_02218,4288.46,7,41,2024-01-17 09:55:15,2024-12-27 20:16:24,36,10,1,4,8,0.2778,612.64
CUST_02219,4230.41,3,34,2024-03-29 07:25:42,2024-08-22 21:48:51,13,7,1,2,5,0.5385,1410.14
CUST_02220,1089.09,3,14,2024-03-09 07:34:26,2024-08-12 00:41:01,44,9,4,4,10,0.2045,363.03
CUST_02221,2704.86,4,24,2024-08-01 21:10:34,2024-11-15 11:17:22,11,4,0,2,3,0.3636,676.22
CUST_02222,5222.45,5,40,2024-05-13 10:43:47,2024-12-24 22:07:51,26,5,2,3,8,0.1923,1044.49
CUST_02223,0.0,0,0,,,40,10,1,8,8,0.25,0.0
CUST_02224,2318.93,4,23,2024-02-02 12:16:47,2024-06-18 06:39:37,18,6,0,2,4,0.3333,579.73
CUST_02225,5584.75,5,44,2024-05-27 11:00:22,2024-11-15 17:33:06,12,4,0,4,7,0.3333,1116.95
CUST_02226,1401.74,2,13,2024-02-19 00:31:54,2024-07-22 15:00:10,13,5,2,2,5,0.3846,700.87
CUST_02227,2212.19,3,16,2024-03-20 22:45:47,2024-12-23 12:33:41,19,7,3,0,6,0.3684,737.4
CUST_02228,673.47,1,5,2024-06-07 16:51:48,2024-06-07 16:51:48,9,6,0,0,4,0.6667,673.47
CUST_02229,1672.24,2,12,2024-04-17 18:17:02,2024-06-02 19:15:50,22,2,1,3,6,0.0909,836.12
CUST_02230,150.66,1,1,2024-03-07 15:27:27,2024-03-07 15:27:27,19,8,1,1,4,0.4211,150.66
CUST_02231,2747.66,3,25,2024-04-25 05:48:11,2024-09-26 13:47:23,43,6,4,11,12,0.1395,915.89
CUST_02232,1879.72,2,17,2024-02-08 17:17:26,2024-12-15 05:21:02,11,5,0,2,4,0.4545,939.86
CUST_02233,157.75,2,6,2024-03-23 00:40:35,2024-09-11 19:19:07,20,8,1,4,6,0.4,78.88
CUST_02234,1081.21,1,14,2024-04-25 05:42:24,2024-04-25 05:42:24,20,5,1,2,4,0.25,1081.21
CUST_02235,1699.63,3,16,2024-03-10 21:02:35,2024-11-09 13:47:58,17,3,1,0,4,0.1765,566.54
CUST_02236,2206.2,4,23,2024-04-24 13:23:54,2024-07-16 02:34:05,7,4,0,3,3,0.5714,551.55
CUST_02237,6713.55,6,61,2024-03-18 18:59:34,2024-11-06 15:18:42,18,6,1,3,4,0.3333,1118.92
CUST_02238,1982.63,2,14,2024-07-16 01:23:41,2024-09-06 19:02:40,28,9,2,9,8,0.3214,991.32
CUST_02239,2903.69,5,30,2024-02-22 13:08:58,2024-10-22 08:12:28,11,3,1,4,5,0.2727,580.74
CUST_02240,3449.37,5,28,2024-02-01 03:06:58,2024-12-03 03:04:12,16,8,2,4,5,0.5,689.87
CUST_02241,510.75,1,3,2024-06-11 09:24:56,2024-06-11 09:24:56,17,3,0,3,4,0.1765,510.75
CUST_02242,1033.84,2,8,2024-04-18 00:12:01,2024-09-08 18:28:19,15,4,2,3,6,0.2667,516.92
CUST_02243,3093.77,3,27,2024-01-23 19:57:38,2024-07-02 22:39:40,4,0,1,3,3,0.0,1031.26
CUST_02244,1894.77,2,13,2024-10-13 12:39:34,2024-11-30 06:22:32,22,10,4,3,5,0.4545,947.38
CUST_02245,5136.46,5,42,2024-03-01 04:48:53,2024-10-09 23:38:41,9,0,1,2,2,0.0,1027.29
CUST_02246,3113.89,2,21,2024-06-04 00:43:57,2024-07-11 18:21:40,20,6,0,1,4,0.3,1556.94
CUST_02247,1705.17,3,19,2024-06-06 23:28:34,2024-10-03 13:44:42,43,11,0,7,11,0.2558,568.39
CUST_02248,177.57,1,3,2024-12-05 17:35:39,2024-12-05 17:35:39,24,9,2,3,5,0.375,177.57
CUST_02249,2913.17,4,24,2024-01-21 15:10:56,2024-06-28 03:18:11,1,2,0,2,2,2.0,728.29
CUST_02250,652.75,1,6,2024-04-12 13:00:51,2024-04-12 13:00:51,30,9,4,11,7,0.3,652.75
CUST_02251,2923.47,3,28,2024-02-23 12:06:48,2024-05-03 16:29:40,6,3,0,1,2,0.5,974.49
CUST_02252,153.68,1,1,2024-07-13 04:03:01,2024-07-13 04:03:01,45,11,1,5,9,0.2444,153.68
CUST_02253,868.76,1,5,2024-04-18 15:11:08,2024-04-18 15:11:08,18,6,0,4,5,0.3333,868.76
CUST_02254,1827.03,5,16,2024-01-11 10:52:34,2024-10-20 03:37:28,20,6,0,1,5,0.3,365.41
CUST_02255,6214.15,7,52,2024-02-02 15:33:32,2024-10-03 18:48:07,41,10,2,5,11,0.2439,887.74
CUST_02256,2622.22,5,34,2024-01-03 09:02:06,2024-08-14 15:23:36,20,5,0,1,3,0.25,524.44
CUST_02257,2606.02,1,16,2024-02-15 09:21:51,2024-02-15 09:21:51,24,6,3,1,6,0.25,2606.02
CUST_02258,1466.34,2,12,2024-05-11 21:41:49,2024-09-29 17:34:59,32,14,2,6,8,0.4375,733.17
CUST_02259,5497.31,7,48,2024-01-13 04:25:30,2024-10-06 22:42:53,20,4,1,0,6,0.2,785.33
CUST_02260,1075.04,2,11,2024-02-20 09:33:19,2024-07-16 22:43:37,14,9,1,4,6,0.6429,537.52
CUST_02261,3287.43,3,23,2024-03-16 06:04:10,2024-10-23 06:29:19,25,9,3,1,9,0.36,1095.81
CUST_02262,3166.99,5,28,2024-01-27 09:17:25,2024-11-14 11:37:10,10,5,0,1,2,0.5,633.4
CUST_02263,1139.12,3,8,2024-02-11 14:44:22,2024-06-07 10:44:55,6,5,0,5,3,0.8333,379.71
CUST_02264,4260.93,5,40,2024-04-25 20:46:24,2024-10-28 19:41:28,25,10,2,5,9,0.4,852.19
CUST_02265,4151.35,6,38,2024-01-20 10:38:25,2024-10-11 19:10:17,40,7,3,7,12,0.175,691.89
CUST_02266,1238.72,3,12,2024-08-01 20:30:47,2024-12-31 12:05:13,25,2,3,2,5,0.08,412.91
CUST_02267,4276.14,6,40,2024-03-01 08:52:46,2024-12-30 21:13:40,8,3,2,2,3,0.375,712.69
CUST_02268,1903.75,4,18,2024-03-27 07:37:34,2024-12-05 06:02:32,7,2,0,1,3,0.2857,475.94
CUST_02269,4737.42,4,46,2024-03-30 08:49:29,2024-09-23 04:09:00,15,3,2,5,7,0.2,1184.36
CUST_02270,2195.72,3,15,2024-05-06 02:38:49,2024-11-14 20:59:50,41,5,1,4,7,0.122,731.91
CUST_02271,4459.69,4,51,2024-02-19 10:24:29,2024-07-08 21:18:06,10,8,2,3,4,0.8,1114.92
CUST_02272,2890.53,4,25,2024-01-02 22:13:16,2024-04-26 06:24:43,22,12,2,4,7,0.5455,722.63
CUST_02273,1211.6,1,9,2024-07-18 00:17:41,2024-07-18 00:17:41,8,2,1,2,5,0.25,1211.6
CUST_02274,4596.34,3,32,2024-02-07 22:12:01,2024-12-09 05:52:47,7,1,1,2,3,0.1429,1532.11
CUST_02275,2098.3,2,18,2024-03-01 23:08:41,2024-11-24 10:12:02,10,2,0,2,2,0.2,1049.15
CUST_02276,0.0,0,0,,,19,7,2,4,6,0.3684,0.0
CUST_02277,4572.08,7,50,2024-01-04 22:36:54,2024-12-13 16:30:15,20,9,0,3,5,0.45,653.15
CUST_02278,574.34,1,3,2024-11-28 09:06:05,2024-11-28 09:06:05,27,6,0,6,7,0.2222,574.34
CUST_02279,2486.35,2,23,2024-05-22 17:55:02,2024-08-09 15:00:47,25,8,2,5,6,0.32,1243.17
CUST_02280,596.41,1,3,2024-10-15 23:04:02,2024-10-15 23:04:02,16,6,1,2,5,0.375,596.41
CUST_02281,4068.41,5,32,2024-01-11 04:42:12,2024-09-08 22:17:55,26,10,4,8,7,0.3846,813.68
CUST_02282,3293.62,4,30,2024-01-23 19:36:40,2024-04-19 01:43:26,14,5,1,0,7,0.3571,823.4
CUST_02283,325.66,1,2,2024-08-01 05:58:18,2024-08-01 05:58:18,13,5,1,2,3,0.3846,325.66
CUST_02284,952.0,2,9,2024-11-14 12:05:07,2024-12-27 21:25:15,31,13,2,5,6,0.4194,476.0
CUST_02285,2478.6,3,19,2024-01-05 21:08:06,2024-04-01 12:18:53,13,0,0,0,5,0.0,826.2
CUST_02286,1221.91,2,9,2024-04-11 09:14:54,2024-09-20 10:57:13,26,8,2,1,8,0.3077,610.96
CUST_02287,4570.59,6,43,2024-03-11 08:18:30,2024-12-21 08:14:19,30,12,5,6,9,0.4,761.76
CUST_02288,3860.81,3,26,2024-09-08 07:28:17,2024-11-20 11:49:00,30,9,2,8,8,0.3,1286.94
CUST_02289,4609.19,5,38,2024-02-19 15:40:06,2024-11-27 10:27:57,26,12,0,8,9,0.4615,921.84
CUST_02290,3426.76,3,24,2024-04-24 10:56:20,2024-10-23 06:54:47,8,3,0,0,4,0.375,1142.25
CUST_02291,2386.97,3,18,2024-03-17 22:30:19,2024-08-24 16:58:11,25,11,6,1,7,0.44,795.66
CUST_02292,3329.44,3,22,2024-01-16 23:18:45,2024-11-29 11:41:04,27,10,2,7,9,0.3704,1109.81
CUST_02293,691.53,3,6,2024-01-16 10:33:02,2024-11-22 09:59:26,18,9,2,2,6,0.5,230.51
CUST_02294,1720.96,3,13,2024-08-25 07:10:48,2024-12-09 08:43:57,20,8,1,3,5,0.4,573.65
CUST_02295,1046.81,2,11,2024-10-25 00:50:21,2024-11-30 13:13:52,15,7,0,2,5,0.4667,523.4
CUST_02296,3880.2,2,27,2024-05-14 21:26:20,2024-07-15 08:56:18,39,9,2,4,10,0.2308,1940.1
CUST_02297,1346.26,2,16,2024-03-01 05:02:58,2024-10-08 20:12:43,24,5,4,2,7,0.2083,673.13
CUST_02298,3799.36,3,34,2024-01-04 02:02:01,2024-10-31 02:45:48,10,5,2,0,4,0.5,1266.45
CUST_02299,3553.02,4,23,2024-06-29 07:17:02,2024-12-13 14:13:59,13,3,1,2,4,0.2308,888.25
CUST_02300,2659.81,4,23,2024-03-07 12:58:47,2024-09-14 20:48:54,29,13,1,7,11,0.4483,664.95
CUST_02301,1167.17,3,12,2024-05-05 19:30:55,2024-07-15 07:01:25,19,3,2,1,6,0.1579,389.06
CUST_02302,2724.33,3,21,2024-03-03 01:33:34,2024-12-01 20:54:24,21,16,1,3,7,0.7619,908.11
CUST_02303,1739.26,1,11,2024-08-31 18:54:35,2024-08-31 18:54:35,21,7,1,3,6,0.3333,1739.26
CUST_02304,1326.16,2,11,2024-01-07 09:09:05,2024-09-06 03:01:51,32,7,1,3,8,0.2188,663.08
CUST_02305,767.84,1,11,2024-08-04 02:48:09,2024-08-04 02:48:09,31,7,2,3,8,0.2258,767.84
CUST_02306,6074.43,4,51,2024-04-26 10:15:02,2024-12-12 13:40:49,14,7,1,4,5,0.5,1518.61
CUST_02307,5212.84,4,42,2024-02-08 19:53:34,2024-11-20 10:25:20,10,2,0,0,3,0.2,1303.21
CUST_02308,1176.34,2,19,2024-06-01 20:04:45,2024-10-25 17:50:12,32,13,2,2,10,0.4062,588.17
CUST_02309,1933.61,4,18,2024-01-16 23:57:31,2024-07-30 21:11:52,26,5,4,4,5,0.1923,483.4
CUST_02310,4830.26,4,41,2024-03-18 14:16:17,2024-12-17 04:54:33,5,3,1,2,2,0.6,1207.57
CUST_02311,1196.96,2,10,2024-06-17 22:16:58,2024-07-20 01:06:19,16,3,2,2,5,0.1875,598.48
CUST_02312,1413.19,1,12,2024-01-24 22:31:14,2024-01-24 22:31:14,24,7,1,4,6,0.2917,1413.19
CUST_02313,3248.98,5,25,2024-03-20 16:39:16,2024-12-01 08:11:20,37,12,4,9,10,0.3243,649.8
CUST_02314,0.0,0,0,,,24,6,4,5,6,0.25,0.0
CUST_02315,2827.91,3,20,2024-03-09 04:02:50,2024-05-02 13:03:18,21,4,2,5,6,0.1905,942.64
CUST_02316,1675.68,3,20,2024-01-12 23:38:33,2024-10-09 22:31:12,28,8,3,7,8,0.2857,558.56
CUST_02317,4309.6,6,38,2024-03-04 01:19:37,2024-12-06 21:44:16,7,7,0,4,5,1.0,718.27
CUST_02318,1408.43,4,14,2024-02-15 22:45:34,2024-09-18 01:07:48,37,16,1,5,9,0.4324,352.11
CUST_02319,3015.3,3,34,2024-02-29 22:01:18,2024-11-27 01:09:15,27,6,0,4,7,0.2222,1005.1
CUST_02320,5047.83,4,43,2024-01-24 14:38:07,2024-12-27 06:46:17,19,7,1,3,5,0.3684,1261.96
CUST_02321,2752.07,3,16,2024-01-24 06:07:15,2024-12-03 03:35:38,7,4,2,4,4,0.5714,917.36
CUST_02322,2846.32,3,26,2024-05-13 12:43:00,2024-11-03 18:52:25,14,3,0,3,3,0.2143,948.77
CUST_02323,623.73,2,5,2024-05-12 05:23:17,2024-08-31 19:25:24,12,6,0,1,5,0.5,311.87
CUST_02324,3193.82,6,29,2024-01-31 14:04:08,2024-11-26 23:33:22,14,2,2,4,7,0.1429,532.3
CUST_02325,895.09,2,9,2024-01-13 13:49:44,2024-02-01 12:27:53,12,2,0,5,5,0.1667,447.55
CUST_02326,373.05,1,5,2024-01-19 12:40:58,2024-01-19 12:40:58,35,7,1,3,6,0.2,373.05
CUST_02327,4004.19,5,32,2024-03-15 15:47:54,2024-10-18 23:45:02,60,13,2,6,11,0.2167,800.84
CUST_02328,2559.52,5,27,2024-04-05 06:47:26,2024-11-20 17:04:09,14,4,0,4,4,0.2857,511.9
CUST_02329,2878.05,3,30,2024-01-19 12:51:35,2024-09-13 14:52:59,25,4,3,4,6,0.16,959.35
CUST_02330,4141.81,3,35,2024-01-06 12:27:26,2024-06-01 20:49:05,28,9,3,5,8,0.3214,1380.6
CUST_02331,6148.57,6,45,2024-06-19 05:54:14,2024-09-29 02:58:25,45,17,3,5,11,0.3778,1024.76
CUST_02332,2836.28,3,22,2024-02-20 05:21:05,2024-07-13 07:22:22,38,7,0,5,8,0.1842,945.43
CUST_02333,2226.83,4,21,2024-06-24 08:36:51,2024-12-31 06:44:59,41,11,0,5,9,0.2683,556.71
CUST_02334,401.03,1,4,2024-04-05 14:53:36,2024-04-05 14:53:36,35,8,3,4,8,0.2286,401.03
CUST_02335,422.35,1,7,2024-08-30 20:27:06,2024-08-30 20:27:06,15,10,1,1,6,0.6667,422.35
CUST_02336,2056.15,3,15,2024-06-04 01:33:47,2024-08-07 08:17:16,8,0,2,1,2,0.0,685.38
CUST_02337,7002.18,6,59,2024-05-31 03:01:43,2024-12-14 22:59:50,51,19,5,3,12,0.3725,1167.03
CUST_02338,629.56,1,6,2024-09-16 02:21:22,2024-09-16 02:21:22,12,6,2,3,5,0.5,629.56
CUST_02339,5197.87,7,44,2024-03-08 16:52:43,2024-09-17 22:26:34,9,1,0,2,2,0.1111,742.55
CUST_02340,3584.5,5,35,2024-03-17 05:31:42,2024-12-31 21:21:36,29,9,1,4,7,0.3103,716.9
CUST_02341,2693.25,4,30,2024-01-16 11:16:41,2024-09-07 13:34:12,28,7,2,2,7,0.25,673.31
CUST_02342,4265.83,6,40,2024-01-09 07:06:09,2024-12-15 13:37:33,24,7,2,4,6,0.2917,710.97
CUST_02343,5423.37,6,50,2024-03-11 14:48:45,2024-11-09 16:03:25,15,6,1,4,5,0.4,903.89
CUST_02344,4175.17,7,38,2024-02-12 05:50:39,2024-12-02 02:05:50,31,8,4,4,7,0.2581,596.45
CUST_02345,2350.57,2,20,2024-04-26 22:45:38,2024-06-22 22:02:29,38,3,1,3,8,0.0789,1175.29
CUST_02346,4581.66,6,36,2024-02-07 22:52:09,2024-12-28 22:30:35,34,7,4,6,9,0.2059,763.61
CUST_02347,4790.62,7,50,2024-01-05 10:35:19,2024-12-19 08:31:03,4,1,0,0,2,0.25,684.37
CUST_02348,3081.28,3,33,2024-02-18 22:14:01,2024-06-23 00:34:53,36,14,3,7,9,0.3889,1027.09
CUST_02349,0.0,0,0,,,17,5,0,2,8,0.2941,0.0
CUST_02350,977.3,4,7,2024-08-18 01:04:49,2024-09-25 20:42:03,24,6,3,8,5,0.25,244.32
CUST_02351,4238.47,4,32,2024-05-04 13:27:31,2024-08-04 02:39:35,6,3,0,1,2,0.5,1059.62
CUST_02352,3320.19,5,31,2024-02-23 07:25:27,2024-11-20 23:03:30,33,11,0,7,8,0.3333,664.04
CUST_02353,1059.82,1,16,2024-09-01 19:02:56,2024-09-01 19:02:56,24,14,2,4,8,0.5833,1059.82
CUST_02354,2021.32,5,16,2024-01-08 00:20:53,2024-12-21 11:23:04,21,12,3,2,7,0.5714,404.26
CUST_02355,1321.45,4,14,2024-01-02 19:21:16,2024-11-18 02:52:32,5,6,1,2,2,1.2,330.36
CUST_02356,3828.49,4,40,2024-03-21 02:12:07,2024-12-07 14:18:52,19,1,2,2,5,0.0526,957.12
CUST_02357,5622.37,6,44,2024-01-07 19:31:55,2024-08-16 00:22:56,8,6,1,4,5,0.75,937.06
CUST_02358,3600.97,5,24,2024-03-07 17:49:30,2024-12-11 02:23:27,14,11,1,5,5,0.7857,720.19
CUST_02359,921.96,3,11,2024-01-02 19:18:47,2024-11-12 09:45:31,20,3,2,5,6,0.15,307.32
CUST_02360,3504.08,5,42,2024-02-04 19:04:57,2024-10-24 14:46:55,31,10,3,9,7,0.3226,700.82
CUST_02361,363.77,1,3,2024-11-14 06:26:09,2024-11-14 06:26:09,18,3,1,3,3,0.1667,363.77
CUST_02362,584.67,2,6,2024-03-14 19:39:45,2024-08-31 17:01:47,12,4,2,1,2,0.3333,292.33
CUST_02363,4705.37,5,46,2024-02-19 19:20:20,2024-07-24 23:51:10,40,10,2,3,9,0.25,941.07
CUST_02364,128.37,1,2,2024-10-31 14:01:53,2024-10-31 14:01:53,50,15,4,8,13,0.3,128.37
CUST_02365,3208.63,5,29,2024-02-23 10:09:39,2024-12-03 23:47:16,40,2,1,4,6,0.05,641.73
CUST_02366,2773.27,3,23,2024-06-28 02:30:19,2024-12-05 07:56:32,25,7,2,3,5,0.28,924.42
CUST_02367,2814.21,3,25,2024-05-13 17:38:00,2024-06-15 15:31:28,12,1,0,0,3,0.0833,938.07
CUST_02368,1228.46,2,10,2024-02-24 23:12:38,2024-07-04 14:36:02,1,0,0,0,1,0.0,614.23
CUST_02369,1653.59,3,21,2024-09-04 08:39:25,2024-10-08 09:00:01,36,13,2,6,8,0.3611,551.2
CUST_02370,3181.82,4,29,2024-02-07 20:15:47,2024-08-27 10:18:42,29,6,3,4,7,0.2069,795.46
CUST_02371,595.99,2,7,2024-05-13 03:03:26,2024-08-19 09:37:37,6,5,0,1,4,0.8333,298.0
CUST_02372,857.6,1,10,2024-02-16 00:39:47,2024-02-16 00:39:47,22,6,2,4,9,0.2727,857.6
CUST_02373,0.0,0,0,,,19,4,0,3,5,0.2105,0.0
CUST_02374,3383.95,5,23,2024-04-08 16:46:27,2024-12-02 16:27:27,6,7,1,0,3,1.1667,676.79
CUST_02375,6605.69,6,48,2024-05-01 08:42:30,2024-11-30 08:07:31,11,5,0,1,4,0.4545,1100.95
CUST_02376,1031.02,1,8,2024-08-23 14:29:44,2024-08-23 14:29:44,17,3,1,2,6,0.1765,1031.02
CUST_02377,512.53,2,6,2024-12-04 07:31:58,2024-12-24 05:50:39,21,17,2,7,8,0.8095,256.26
CUST_02378,366.18,1,4,2024-10-28 00:36:12,2024-10-28 00:36:12,18,15,2,4,6,0.8333,366.18
CUST_02379,207.18,1,2,2024-10-03 16:30:20,2024-10-03 16:30:20,28,8,2,1,6,0.2857,207.18
CUST_02380,799.7,2,6,2024-07-29 05:47:00,2024-10-01 18:49:05,21,3,2,3,5,0.1429,399.85
CUST_02381,3616.05,4,28,2024-04-21 10:28:19,2024-10-31 06:31:06,2,3,0,0,3,1.5,904.01
CUST_02382,317.83,1,4,2024-11-10 09:04:53,2024-11-10 09:04:53,6,1,0,0,3,0.1667,317.83
CUST_02383,6922.0,4,55,2024-06-05 04:59:30,2024-08-07 15:44:53,9,3,3,2,4,0.3333,1730.5
CUST_02384,6200.47,3,46,2024-01-16 19:20:28,2024-08-18 13:13:07,12,6,2,4,8,0.5,2066.82
CUST_02385,2711.42,3,19,2024-01-24 17:56:36,2024-11-06 20:00:14,29,11,2,8,8,0.3793,903.81
CUST_02386,0.0,0,0,,,13,0,1,3,3,0.0,0.0
CUST_02387,1117.19,2,10,2024-01-13 15:50:58,2024-03-13 07:01:45,39,11,0,5,7,0.2821,558.6
CUST_02388,1743.04,2,12,2024-02-01 23:31:06,2024-03-30 01:30:11,33,11,1,7,10,0.3333,871.52
CUST_02389,0.0,0,0,,,5,0,0,1,1,0.0,0.0
CUST_02390,5750.04,3,47,2024-02-11 08:07:05,2024-12-17 06:41:31,22,4,1,2,6,0.1818,1916.68
CUST_02391,773.62,3,16,2024-08-07 12:17:48,2024-11-24 08:59:21,16,6,0,2,6,0.375,257.87
CUST_02392,1841.06,3,14,2024-01-11 10:43:28,2024-09-09 07:59:24,18,9,0,3,5,0.5,613.69
CUST_02393,4850.79,5,54,2024-03-31 09:30:00,2024-12-10 18:52:51,12,4,1,4,4,0.3333,970.16
CUST_02394,956.5,1,8,2024-09-16 15:44:31,2024-09-16 15:44:31,12,5,3,1,4,0.4167,956.5
CUST_02395,1110.72,4,20,2024-01-31 23:58:42,2024-09-18 21:59:05,11,2,0,2,3,0.1818,277.68
CUST_02396,972.46,1,12,2024-07-28 07:40:27,2024-07-28 07:40:27,9,0,2,4,4,0.0,972.46
CUST_02397,1042.93,2,7,2024-06-23 08:09:32,2024-07-06 13:15:07,25,9,3,3,8,0.36,521.47
CUST_02398,2828.9,3,27,2024-04-28 00:41:14,2024-06-18 06:44:33,24,8,1,1,6,0.3333,942.97
CUST_02399,932.34,3,8,2024-02-21 05:30:21,2024-12-20 11:03:44,18,7,2,1,6,0.3889,310.78
CUST_02400,139.61,2,2,2024-02-01 11:33:49,2024-09-18 02:27:05,13,6,0,3,4,0.4615,69.81
CUST_02401,770.75,1,5,2024-04-29 14:34:15,2024-04-29 14:34:15,31,11,1,2,7,0.3548,770.75
CUST_02402,100.27,1,1,2024-07-23 22:27:45,2024-07-23 22:27:45,13,5,1,4,5,0.3846,100.27
CUST_02403,3615.15,4,34,2024-01-11 10:41:29,2024-09-30 16:14:45,34,10,3,2,9,0.2941,903.79
CUST_02404,1588.59,3,16,2024-10-07 10:47:27,2024-11-30 18:38:21,8,4,0,3,5,0.5,529.53
CUST_02405,892.42,1,9,2024-11-27 02:54:20,2024-11-27 02:54:20,24,13,0,3,5,0.5417,892.42
CUST_02406,956.06,1,6,2024-03-14 10:33:35,2024-03-14 10:33:35,32,7,1,4,7,0.2188,956.06
CUST_02407,2589.62,5,27,2024-04-26 04:19:10,2024-10-17 10:28:48,30,5,3,2,7,0.1667,517.92
CUST_02408,1845.24,2,13,2024-03-15 18:03:21,2024-12-05 20:54:40,17,1,1,4,4,0.0588,922.62
CUST_02409,496.02,1,4,2024-01-09 15:15:31,2024-01-09 15:15:31,15,6,1,1,4,0.4,496.02
CUST_02410,1232.86,3,11,2024-01-28 15:57:08,2024-06-12 20:59:43,11,3,0,2,3,0.2727,410.95
CUST_02411,5013.95,6,48,2024-02-16 02:01:24,2024-12-16 00:29:27,15,7,3,0,5,0.4667,835.66
CUST_02412,3192.63,4,36,2024-02-17 20:29:09,2024-12-28 00:11:50,16,3,1,4,6,0.1875,798.16
CUST_02413,360.86,1,3,2024-01-18 11:16:40,2024-01-18 11:16:40,23,4,1,2,7,0.1739,360.86
CUST_02414,1212.99,3,10,2024-01-10 16:23:45,2024-06-11 01:27:52,10,5,0,0,3,0.5,404.33
CUST_02415,2169.94,3,26,2024-01-22 17:15:45,2024-12-21 20:55:30,14,3,0,1,4,0.2143,723.31
CUST_02416,4592.37,7,34,2024-03-29 08:34:21,2024-12-23 02:52:48,41,12,2,7,8,0.2927,656.05
CUST_02417,1302.59,1,10,2024-09-18 18:48:03,2024-09-18 18:48:03,20,6,1,4,5,0.3,1302.59
CUST_02418,1018.81,4,13,2024-04-09 09:31:12,2024-06-11 05:36:23,35,9,2,6,9,0.2571,254.7
CUST_02419,1725.08,2,15,2024-01-18 12:32:04,2024-11-21 12:38:34,6,8,0,2,4,1.3333,862.54
CUST_02420,2914.53,6,28,2024-01-09 16:36:01,2024-10-20 15:29:37,8,4,1,0,4,0.5,485.76
CUST_02421,2864.09,3,22,2024-01-25 20:07:41,2024-07-31 11:33:27,21,10,4,4,7,0.4762,954.7
CUST_02422,5622.44,4,45,2024-02-08 08:41:59,2024-12-07 09:31:36,15,7,4,0,4,0.4667,1405.61
CUST_02423,2299.9,3,22,2024-03-16 04:59:06,2024-06-15 12:16:47,26,9,3,4,8,0.3462,766.63
CUST_02424,294.69,1,3,2024-12-15 03:03:17,2024-12-15 03:03:17,27,12,2,5,8,0.4444,294.69
CUST_02425,760.9,1,11,2024-08-07 04:30:52,2024-08-07 04:30:52,10,8,1,3,5,0.8,760.9
CUST_02426,1029.58,2,8,2024-08-19 11:49:34,2024-08-22 20:54:48,23,3,1,2,7,0.1304,514.79
CUST_02427,2683.71,3,23,2024-01-20 22:32:36,2024-04-25 05:37:34,26,9,4,8,8,0.3462,894.57
CUST_02428,1629.41,2,10,2024-01-12 20:06:47,2024-01-20 02:25:48,31,5,0,3,7,0.1613,814.71
CUST_02429,977.47,3,8,2024-04-02 14:50:33,2024-11-02 13:53:39,6,0,0,1,2,0.0,325.82
CUST_02430,1500.76,3,17,2024-02-17 22:30:17,2024-11-17 02:02:31,18,4,3,1,5,0.2222,500.25
CUST_02431,3632.61,6,31,2024-02-29 10:30:59,2024-12-01 01:06:08,14,7,0,0,6,0.5,605.44
CUST_02432,1903.83,2,18,2024-05-01 21:51:15,2024-12-10 10:38:53,8,4,1,4,4,0.5,951.91
CUST_02433,1751.11,3,21,2024-01-26 22:45:32,2024-10-29 06:14:43,18,10,2,4,5,0.5556,583.7
CUST_02434,2660.52,3,19,2024-06-22 05:59:07,2024-09-23 21:34:20,17,4,1,2,5,0.2353,886.84
CUST_02435,520.82,1,4,2024-02-22 20:46:19,2024-02-22 20:46:19,36,8,2,4,10,0.2222,520.82
CUST_02436,2019.05,2,14,2024-04-01 22:38:49,2024-07-21 03:32:37,14,4,0,3,6,0.2857,1009.52
CUST_02437,2324.8,2,20,2024-03-30 15:17:48,2024-08-10 06:03:37,14,8,1,1,4,0.5714,1162.4
CUST_02438,911.99,1,7,2024-10-17 20:47:30,2024-10-17 20:47:30,38,20,3,4,11,0.5263,911.99
CUST_02439,994.53,2,7,2024-06-26 14:11:55,2024-09-06 10:14:49,13,6,0,9,6,0.4615,497.26
CUST_02440,637.94,2,7,2024-06-03 01:32:25,2024-08-03 04:37:11,25,11,0,3,9,0.44,318.97
CUST_02441,6946.82,5,46,2024-01-22 21:16:53,2024-07-07 02:30:51,43,7,5,3,10,0.1628,1389.36
CUST_02442,2581.49,4,22,2024-01-02 02:25:45,2024-12-12 03:17:36,9,4,1,3,3,0.4444,645.37
CUST_02443,6787.63,6,48,2024-02-02 23:51:25,2024-11-07 14:43:34,5,0,1,2,2,0.0,1131.27
CUST_02444,797.72,1,9,2024-05-18 05:08:39,2024-05-18 05:08:39,5,1,0,0,3,0.2,797.72
CUST_02445,950.07,1,7,2024-09-17 18:34:56,2024-09-17 18:34:56,42,12,1,6,8,0.2857,950.07
CUST_02446,1240.64,2,10,2024-01-09 07:03:57,2024-08-15 14:11:12,8,3,0,2,2,0.375,620.32
CUST_02447,1064.26,2,10,2024-04-09 12:11:44,2024-07-22 10:49:11,12,5,1,2,4,0.4167,532.13
CUST_02448,1138.03,3,12,2024-07-22 03:50:31,2024-12-08 15:59:59,35,10,1,4,6,0.2857,379.34
CUST_02449,3250.35,3,23,2024-07-09 14:40:44,2024-10-14 19:22:28,41,11,1,2,7,0.2683,1083.45
CUST_02450,1126.55,4,15,2024-05-22 15:27:27,2024-12-21 05:35:48,34,12,5,7,12,0.3529,281.64
CUST_02451,2587.59,4,25,2024-05-03 15:08:18,2024-10-02 13:38:02,4,3,0,0,2,0.75,646.9
CUST_02452,3377.26,3,27,2024-07-01 23:03:26,2024-12-16 12:17:40,25,7,1,1,6,0.28,1125.75
CUST_02453,2670.73,4,27,2024-01-24 15:49:25,2024-12-21 03:30:55,19,7,1,3,5,0.3684,667.68
CUST_02454,0.0,0,0,,,30,15,3,1,6,0.5,0.0
CUST_02455,2178.24,3,18,2024-01-22 06:36:17,2024-09-23 13:35:47,31,9,5,5,7,0.2903,726.08
CUST_02456,1410.67,2,11,2024-05-07 13:26:36,2024-07-17 06:39:03,14,8,0,4,6,0.5714,705.34
CUST_02457,935.71,2,7,2024-01-06 05:48:00,2024-09-05 14:08:11,35,14,3,5,8,0.4,467.86
CUST_02458,2980.49,5,21,2024-02-09 12:04:05,2024-10-09 20:27:41,23,7,3,5,9,0.3043,596.1
CUST_02459,345.11,1,4,2024-07-05 12:59:06,2024-07-05 12:59:06,11,4,1,2,4,0.3636,345.11
CUST_02460,1643.87,3,26,2024-04-01 03:31:59,2024-12-06 21:02:30,16,3,2,1,5,0.1875,547.96
CUST_02461,1954.66,2,15,2024-06-18 17:49:09,2024-12-29 09:29:51,22,5,0,4,6,0.2273,977.33
CUST_02462,2538.49,3,23,2024-02-25 10:10:24,2024-09-07 10:40:25,17,7,1,3,6,0.4118,846.16
CUST_02463,1100.89,2,14,2024-08-21 01:21:25,2024-10-27 16:07:06,18,5,1,2,6,0.2778,550.45
CUST_02464,0.0,0,0,,,9,2,0,1,2,0.2222,0.0
CUST_02465,1221.62,4,16,2024-01-26 22:33:58,2024-11-04 03:58:15,44,13,3,12,10,0.2955,305.4
CUST_02466,2865.34,5,23,2024-02-16 17:47:01,2024-10-26 05:29:55,36,9,6,7,9,0.25,573.07
CUST_02467,197.95,1,1,2024-03-12 19:11:23,2024-03-12 19:11:23,31,11,3,2,10,0.3548,197.95
CUST_02468,1686.7,2,21,2024-04-15 22:56:52,2024-12-26 15:40:29,40,15,4,7,9,0.375,843.35
CUST_02469,641.04,2,7,2024-10-03 17:15:08,2024-12-05 03:33:23,17,7,0,6,6,0.4118,320.52
CUST_02470,1972.7,3,24,2024-03-04 10:50:17,2024-12-20 20:47:15,17,9,2,3,6,0.5294,657.57
CUST_02471,4614.75,4,36,2024-06-06 01:41:15,2024-11-10 08:23:20,14,9,1,3,4,0.6429,1153.69
CUST_02472,4159.97,7,33,2024-01-16 15:54:03,2024-09-09 23:34:06,15,5,0,5,4,0.3333,594.28
CUST_02473,2664.74,3,28,2024-03-01 21:22:16,2024-11-16 08:20:12,34,10,3,8,9,0.2941,888.25
CUST_02474,473.91,2,7,2024-06-12 19:44:03,2024-11-29 05:53:10,23,7,1,6,6,0.3043,236.96
CUST_02475,3695.19,4,39,2024-01-03 13:29:41,2024-10-18 17:03:58,14,3,1,3,4,0.2143,923.8
CUST_02476,1637.94,4,13,2024-08-01 22:33:11,2024-12-27 07:07:37,27,12,4,4,8,0.4444,409.49
CUST_02477,3702.78,4,34,2024-02-21 23:18:15,2024-10-21 23:00:11,25,2,0,5,5,0.08,925.7
CUST_02478,5777.96,5,42,2024-01-11 00:51:28,2024-12-28 16:30:04,31,8,1,6,7,0.2581,1155.59
CUST_02479,3614.85,5,34,2024-07-03 17:11:01,2024-10-25 15:39:07,26,7,2,3,7,0.2692,722.97
CUST_02480,3492.43,5,40,2024-05-07 00:40:44,2024-11-23 01:47:28,9,3,0,1,3,0.3333,698.49
CUST_02481,3079.63,3,25,2024-02-21 13:52:30,2024-09-29 03:14:34,14,3,2,2,3,0.2143,1026.54
CUST_02482,1484.01,2,11,2024-01-14 12:26:50,2024-09-12 22:03:44,18,4,1,1,4,0.2222,742.0
CUST_02483,3303.45,5,35,2024-01-24 15:38:14,2024-10-20 00:34:35,21,8,2,4,6,0.381,660.69
CUST_02484,1697.2,3,18,2024-03-24 03:59:44,2024-12-30 19:06:54,35,12,2,3,12,0.3429,565.73
CUST_02485,8805.68,7,69,2024-01-29 09:55:36,2024-09-02 04:05:13,18,9,1,2,6,0.5,1257.95
CUST_02486,153.57,1,1,2024-08-15 14:58:54,2024-08-15 14:58:54,18,5,2,3,7,0.2778,153.57
CUST_02487,1730.76,6,17,2024-03-16 18:14:56,2024-11-07 10:32:51,52,18,1,6,12,0.3462,288.46
CUST_02488,571.66,1,4,2024-06-23 05:44:24,2024-06-23 05:44:24,14,8,0,2,4,0.5714,571.66
CUST_02489,1439.82,3,19,2024-04-20 15:39:15,2024-09-20 08:14:46,8,2,0,1,2,0.25,479.94
CUST_02490,4112.14,3,30,2024-01-09 17:28:49,2024-12-09 01:30:47,12,4,0,1,4,0.3333,1370.71
CUST_02491,2991.09,4,27,2024-01-05 19:00:32,2024-12-08 19:23:15,21,5,1,2,5,0.2381,747.77
CUST_02492,1502.27,2,16,2024-02-27 14:34:17,2024-11-07 11:01:12,23,7,1,7,7,0.3043,751.13
CUST_02493,4844.75,6,41,2024-01-12 05:17:12,2024-12-18 08:41:07,19,9,1,2,5,0.4737,807.46
CUST_02494,5519.14,8,59,2024-01-22 08:54:14,2024-11-06 10:08:38,13,5,0,2,4,0.3846,689.89
CUST_02495,4733.84,3,36,2024-04-19 18:44:22,2024-12-21 16:54:07,5,3,5,2,4,0.6,1577.95
CUST_02496,1438.19,2,12,2024-04-13 05:05:37,2024-11-17 03:57:55,25,5,5,5,7,0.2,719.1
CUST_02497,2144.55,3,14,2024-03-31 09:07:22,2024-12-04 04:48:48,14,3,0,1,3,0.2143,714.85
CUST_02498,3292.17,5,33,2024-03-02 15:37:18,2024-08-28 18:04:33,12,4,1,3,4,0.3333,658.43
CUST_02499,2992.17,2,21,2024-05-14 21:45:19,2024-09-09 12:03:39,14,2,3,5,7,0.1429,1496.09
CUST_02500,1126.5,1,14,2024-09-16 11:58:04,2024-09-16 11:58:04,32,10,3,3,9,0.3125,1126.5
