customer_id,recency_days,transaction_frequency,total_monetary_spend,r_score,f_score,m_score,rfm_score,customer_segment,cluster_id,avg_order_value
CUST_00001,47.0,3,3879.6,4,4,5,445,Champions,Cluster_4,1293.2
CUST_00002,170.8,3,2325.69,2,4,3,243,Loyal Customers,Cluster_3,775.23
CUST_00003,51.0,3,1316.97,4,4,2,442,Potential Loyalists,Cluster_3,438.99
CUST_00005,110.6,3,2678.23,2,4,4,244,Loyal Customers,Cluster_3,892.74
CUST_00006,31.9,4,1869.73,4,4,3,443,Loyal Customers,Cluster_1,467.43
CUST_00007,97.1,3,1357.5,3,4,2,342,Potential Loyalists,Cluster_3,452.5
CUST_00008,93.4,2,874.15,3,2,1,321,Potential Loyalists,Cluster_3,437.07
CUST_00009,318.5,2,1478.4,1,2,2,122,Lost,Cluster_3,739.2
CUST_00011,306.2,2,367.41,1,2,1,121,Lost,Cluster_2,183.71
CUST_00012,108.9,2,1402.72,2,2,2,222,Lost,Cluster_3,701.36
CUST_00013,197.7,2,2681.25,1,2,4,124,Potential Loyalists,Cluster_3,1340.62
CUST_00014,245.2,3,4804.52,1,4,5,145,Loyal Customers,Cluster_4,1601.51
CUST_00016,117.9,3,969.27,2,4,1,241,At Risk,Cluster_3,323.09
CUST_00017,122.6,2,1752.94,2,2,2,222,Lost,Cluster_3,876.47
CUST_00018,99.4,3,2500.01,3,4,3,343,Loyal Customers,Cluster_3,833.34
CUST_00019,178.1,1,727.71,1,1,1,111,Lost,Cluster_2,727.71
CUST_00021,3.2,5,3200.28,5,5,4,554,Champions,Cluster_1,640.06
CUST_00022,53.6,3,1910.46,4,4,3,443,Loyal Customers,Cluster_3,636.82
CUST_00023,90.6,3,1025.44,3,4,1,341,Potential Loyalists,Cluster_3,341.81
CUST_00024,70.0,2,1202.75,3,2,2,322,Potential Loyalists,Cluster_3,601.38
CUST_00025,186.3,2,1154.98,1,2,2,122,Lost,Cluster_3,577.49
CUST_00026,23.3,5,4306.12,5,5,5,555,Champions,Cluster_1,861.22
CUST_00027,6.3,4,1949.95,5,4,3,543,Loyal Customers,Cluster_1,487.49
CUST_00028,129.3,6,7892.31,2,5,5,255,Loyal Customers,Cluster_4,1315.38
CUST_00030,88.6,7,5481.71,3,5,5,355,Loyal Customers,Cluster_4,783.1
CUST_00031,28.4,2,1155.46,4,2,2,422,New Customers,Cluster_3,577.73
CUST_00032,135.5,3,3757.92,2,4,5,245,Loyal Customers,Cluster_3,1252.64
CUST_00033,197.3,3,4324.56,1,4,5,145,Loyal Customers,Cluster_3,1441.52
CUST_00034,95.9,1,540.88,3,1,1,311,Potential Loyalists,Cluster_2,540.88
CUST_00035,43.0,7,8002.72,4,5,5,455,Champions,Cluster_4,1143.25
CUST_00037,24.6,4,3322.2,5,4,4,544,Champions,Cluster_1,830.55
CUST_00038,68.6,4,3339.32,3,4,4,344,Loyal Customers,Cluster_4,834.83
CUST_00039,16.9,5,3659.78,5,5,4,554,Champions,Cluster_1,731.96
CUST_00040,104.7,5,5926.06,2,5,5,255,Loyal Customers,Cluster_4,1185.21
CUST_00041,58.3,4,2772.28,4,4,4,444,Champions,Cluster_4,693.07
CUST_00043,46.0,3,2026.48,4,4,3,443,Loyal Customers,Cluster_3,675.49
CUST_00044,80.7,6,3196.86,3,5,4,354,Loyal Customers,Cluster_4,532.81
CUST_00045,87.6,2,603.62,3,2,1,321,Potential Loyalists,Cluster_2,301.81
CUST_00046,102.9,5,2792.4,3,5,4,354,Loyal Customers,Cluster_4,558.48
CUST_00047,21.3,1,1294.5,5,1,2,512,New Customers,Cluster_3,1294.5
CUST_00048,9.4,1,1202.8,5,1,2,512,New Customers,Cluster_1,1202.8
CUST_00049,67.4,4,3767.76,3,4,5,345,Loyal Customers,Cluster_4,941.94
CUST_00050,39.8,4,5282.23,4,4,5,445,Champions,Cluster_4,1320.56
CUST_00051,60.5,4,2440.36,3,4,3,343,Loyal Customers,Cluster_4,610.09
CUST_00052,111.6,3,2513.7,2,4,3,243,Loyal Customers,Cluster_3,837.9
CUST_00053,105.2,2,1347.43,2,2,2,222,Lost,Cluster_3,673.72
CUST_00054,4.7,3,2872.78,5,4,4,544,Champions,Cluster_1,957.59
CUST_00055,254.6,2,1361.06,1,2,2,122,Lost,Cluster_3,680.53
CUST_00056,4.4,7,6283.55,5,5,5,555,Champions,Cluster_1,897.65
CUST_00057,126.7,3,2201.92,2,4,3,243,Loyal Customers,Cluster_3,733.97
CUST_00058,19.6,4,5652.61,5,4,5,545,Champions,Cluster_1,1413.15
CUST_00059,78.1,1,616.95,3,1,1,311,Potential Loyalists,Cluster_2,616.95
CUST_00061,340.0,1,2042.96,1,1,3,113,Potential Loyalists,Cluster_3,2042.96
CUST_00062,6.6,3,1062.18,5,4,2,542,Potential Loyalists,Cluster_1,354.06
CUST_00063,79.7,3,2272.89,3,4,3,343,Loyal Customers,Cluster_3,757.63
CUST_00064,161.0,3,2024.46,2,4,3,243,Loyal Customers,Cluster_3,674.82
CUST_00065,88.5,6,6067.4,3,5,5,355,Loyal Customers,Cluster_4,1011.23
CUST_00066,282.3,1,1598.46,1,1,2,112,Lost,Cluster_2,1598.46
CUST_00067,339.0,2,954.61,1,2,1,121,Lost,Cluster_3,477.31
CUST_00068,330.7,1,803.74,1,1,1,111,Lost,Cluster_2,803.74
CUST_00069,18.1,4,2171.17,5,4,3,543,Loyal Customers,Cluster_1,542.79
CUST_00070,66.0,4,4864.76,3,4,5,345,Loyal Customers,Cluster_4,1216.19
CUST_00071,12.1,6,2436.09,5,5,3,553,Loyal Customers,Cluster_1,406.02
CUST_00072,145.7,3,2386.78,2,4,3,243,Loyal Customers,Cluster_3,795.59
CUST_00074,1.4,3,1925.96,5,4,3,543,Loyal Customers,Cluster_1,641.99
CUST_00075,12.2,4,3783.82,5,4,5,545,Champions,Cluster_1,945.96
CUST_00076,219.7,2,2785.14,1,2,4,124,Potential Loyalists,Cluster_3,1392.57
CUST_00077,36.1,2,1076.49,4,2,2,422,New Customers,Cluster_3,538.25
CUST_00079,211.5,2,1607.86,1,2,2,122,Lost,Cluster_3,803.93
CUST_00080,48.1,4,4019.6,4,4,5,445,Champions,Cluster_4,1004.9
CUST_00081,15.3,5,2827.6,5,5,4,554,Champions,Cluster_1,565.52
CUST_00082,71.5,6,2789.63,3,5,4,354,Loyal Customers,Cluster_4,464.94
CUST_00083,68.2,2,794.91,3,2,1,321,Potential Loyalists,Cluster_3,397.45
CUST_00085,73.0,2,1442.69,3,2,2,322,Potential Loyalists,Cluster_3,721.35
CUST_00086,33.0,3,3275.1,4,4,4,444,Champions,Cluster_1,1091.7
CUST_00087,45.6,2,2436.67,4,2,3,423,New Customers,Cluster_3,1218.34
CUST_00088,252.8,1,391.98,1,1,1,111,Lost,Cluster_2,391.98
CUST_00089,66.4,5,2599.6,3,5,4,354,Loyal Customers,Cluster_4,519.92
CUST_00090,12.6,4,1994.53,5,4,3,543,Loyal Customers,Cluster_1,498.63
CUST_00091,27.4,2,1087.58,4,2,2,422,New Customers,Cluster_3,543.79
CUST_00092,82.1,3,1790.21,3,4,3,343,Loyal Customers,Cluster_3,596.74
CUST_00093,66.2,2,1271.69,3,2,2,322,Potential Loyalists,Cluster_3,635.85
CUST_00094,59.3,5,4918.58,3,5,5,355,Loyal Customers,Cluster_4,983.72
CUST_00095,96.9,4,2508.39,3,4,3,343,Loyal Customers,Cluster_4,627.1
CUST_00096,74.2,4,1995.71,3,4,3,343,Loyal Customers,Cluster_4,498.93
CUST_00097,155.2,2,1401.58,2,2,2,222,Lost,Cluster_3,700.79
CUST_00098,125.4,5,6440.45,2,5,5,255,Loyal Customers,Cluster_4,1288.09
CUST_00099,135.9,3,2755.01,2,4,4,244,Loyal Customers,Cluster_3,918.34
CUST_00100,30.9,4,2868.78,4,4,4,444,Champions,Cluster_1,717.2
CUST_00101,5.8,1,318.16,5,1,1,511,New Customers,Cluster_2,318.16
CUST_00102,143.9,2,1487.7,2,2,2,222,Lost,Cluster_3,743.85
CUST_00103,208.9,1,2405.71,1,1,3,113,Potential Loyalists,Cluster_3,2405.71
CUST_00104,29.6,2,966.29,4,2,1,421,New Customers,Cluster_3,483.14
CUST_00105,347.4,1,1726.5,1,1,2,112,Lost,Cluster_2,1726.5
CUST_00106,196.1,5,4233.35,1,5,5,155,Loyal Customers,Cluster_4,846.67
CUST_00107,189.7,4,2255.36,1,4,3,143,Loyal Customers,Cluster_4,563.84
CUST_00108,65.6,4,3902.89,3,4,5,345,Loyal Customers,Cluster_4,975.72
CUST_00109,68.2,2,1132.68,3,2,2,322,Potential Loyalists,Cluster_3,566.34
CUST_00110,36.7,3,1149.51,4,4,2,442,Potential Loyalists,Cluster_3,383.17
CUST_00111,79.0,1,752.51,3,1,1,311,Potential Loyalists,Cluster_2,752.51
CUST_00112,64.9,4,4427.87,3,4,5,345,Loyal Customers,Cluster_4,1106.97
CUST_00113,70.1,3,1065.37,3,4,2,342,Potential Loyalists,Cluster_3,355.12
CUST_00114,325.7,1,358.36,1,1,1,111,Lost,Cluster_2,358.36
CUST_00115,11.2,5,2359.99,5,5,3,553,Loyal Customers,Cluster_1,472.0
CUST_00116,2.7,3,3291.34,5,4,4,544,Champions,Cluster_1,1097.11
CUST_00117,302.3,2,1473.52,1,2,2,122,Lost,Cluster_3,736.76
CUST_00118,76.9,3,1416.62,3,4,2,342,Potential Loyalists,Cluster_3,472.21
CUST_00119,31.0,3,2288.1,4,4,3,443,Loyal Customers,Cluster_1,762.7
CUST_00120,239.5,3,3794.44,1,4,5,145,Loyal Customers,Cluster_3,1264.81
CUST_00121,18.1,5,2963.38,5,5,4,554,Champions,Cluster_1,592.68
CUST_00122,138.6,3,2919.42,2,4,4,244,Loyal Customers,Cluster_3,973.14
CUST_00123,152.7,2,1221.85,2,2,2,222,Lost,Cluster_3,610.92
CUST_00125,24.1,3,1329.79,5,4,2,542,Potential Loyalists,Cluster_1,443.26
CUST_00126,49.4,4,4964.78,4,4,5,445,Champions,Cluster_4,1241.19
CUST_00127,181.9,1,1474.98,1,1,2,112,Lost,Cluster_2,1474.98
CUST_00128,50.4,3,2892.35,4,4,4,444,Champions,Cluster_3,964.12
CUST_00129,32.2,3,1604.8,4,4,2,442,Potential Loyalists,Cluster_1,534.93
CUST_00130,26.9,6,5083.87,5,5,5,555,Champions,Cluster_4,847.31
CUST_00131,192.6,1,965.89,1,1,1,111,Lost,Cluster_2,965.89
CUST_00133,107.0,2,546.46,2,2,1,221,Lost,Cluster_2,273.23
CUST_00134,60.7,2,901.77,3,2,1,321,Potential Loyalists,Cluster_3,450.88
CUST_00135,97.9,2,1383.12,3,2,2,322,Potential Loyalists,Cluster_3,691.56
CUST_00136,68.7,3,3493.25,3,4,4,344,Loyal Customers,Cluster_4,1164.42
CUST_00137,140.9,2,2018.08,2,2,3,223,Potential Loyalists,Cluster_3,1009.04
CUST_00138,288.6,1,470.28,1,1,1,111,Lost,Cluster_2,470.28
CUST_00139,131.0,5,5310.82,2,5,5,255,Loyal Customers,Cluster_4,1062.16
CUST_00140,41.6,2,1954.12,4,2,3,423,New Customers,Cluster_3,977.06
CUST_00141,75.5,3,1795.87,3,4,3,343,Loyal Customers,Cluster_3,598.62
CUST_00142,19.3,2,666.0,5,2,1,521,New Customers,Cluster_3,333.0
CUST_00143,85.1,3,4661.6,3,4,5,345,Loyal Customers,Cluster_4,1553.87
CUST_00144,288.9,3,1376.34,1,4,2,142,At Risk,Cluster_3,458.78
CUST_00145,103.4,4,3038.46,3,4,4,344,Loyal Customers,Cluster_4,759.62
CUST_00146,119.6,2,1226.14,2,2,2,222,Lost,Cluster_3,613.07
CUST_00147,96.0,2,934.7,3,2,1,321,Potential Loyalists,Cluster_3,467.35
CUST_00148,226.3,1,606.45,1,1,1,111,Lost,Cluster_2,606.45
CUST_00149,41.3,1,204.22,4,1,1,411,New Customers,Cluster_2,204.22
CUST_00150,159.7,1,830.89,2,1,1,211,Lost,Cluster_2,830.89
CUST_00151,151.8,3,2623.65,2,4,4,244,Loyal Customers,Cluster_3,874.55
CUST_00152,287.6,2,2561.51,1,2,3,123,Potential Loyalists,Cluster_3,1280.76
CUST_00153,11.3,2,1577.52,5,2,2,522,New Customers,Cluster_1,788.76
CUST_00154,220.3,5,4821.59,1,5,5,155,Loyal Customers,Cluster_4,964.32
CUST_00155,22.9,6,3010.52,5,5,4,554,Champions,Cluster_1,501.75
CUST_00156,332.0,1,1671.6,1,1,2,112,Lost,Cluster_2,1671.6
CUST_00157,59.0,3,2306.35,3,4,3,343,Loyal Customers,Cluster_3,768.78
CUST_00158,163.8,4,1704.54,2,4,2,242,At Risk,Cluster_3,426.13
CUST_00159,48.8,1,271.19,4,1,1,411,New Customers,Cluster_2,271.19
CUST_00160,8.1,3,1287.14,5,4,2,542,Potential Loyalists,Cluster_1,429.05
CUST_00161,79.7,4,1353.15,3,4,2,342,Potential Loyalists,Cluster_3,338.29
CUST_00162,35.0,7,3450.15,4,5,4,454,Champions,Cluster_4,492.88
CUST_00163,125.5,2,2556.23,2,2,3,223,Potential Loyalists,Cluster_3,1278.12
CUST_00164,16.9,4,1366.41,5,4,2,542,Potential Loyalists,Cluster_1,341.6
CUST_00165,54.3,5,3156.06,4,5,4,454,Champions,Cluster_4,631.21
CUST_00166,169.0,4,1515.91,2,4,2,242,At Risk,Cluster_3,378.98
CUST_00167,34.1,4,3782.02,4,4,5,445,Champions,Cluster_4,945.5
CUST_00168,217.8,2,1527.93,1,2,2,122,Lost,Cluster_3,763.97
CUST_00169,24.1,6,5095.08,5,5,5,555,Champions,Cluster_4,849.18
CUST_00171,215.5,1,1293.67,1,1,2,112,Lost,Cluster_2,1293.67
CUST_00172,129.9,4,5059.17,2,4,5,245,Loyal Customers,Cluster_4,1264.79
CUST_00173,46.5,4,3105.69,4,4,4,444,Champions,Cluster_4,776.42
CUST_00174,196.6,5,2691.71,1,5,4,154,Loyal Customers,Cluster_4,538.34
CUST_00175,97.7,3,1375.43,3,4,2,342,Potential Loyalists,Cluster_3,458.48
CUST_00176,232.6,2,1026.17,1,2,1,121,Lost,Cluster_3,513.09
CUST_00177,323.0,2,1641.02,1,2,2,122,Lost,Cluster_3,820.51
CUST_00178,83.6,4,1121.21,3,4,2,342,Potential Loyalists,Cluster_3,280.3
CUST_00179,22.8,2,2068.64,5,2,3,523,New Customers,Cluster_1,1034.32
CUST_00180,41.8,5,2236.51,4,5,3,453,Loyal Customers,Cluster_4,447.3
CUST_00181,99.2,5,2977.24,3,5,4,354,Loyal Customers,Cluster_4,595.45
CUST_00182,147.3,2,659.64,2,2,1,221,Lost,Cluster_2,329.82
CUST_00183,90.7,2,3989.35,3,2,5,325,Potential Loyalists,Cluster_3,1994.67
CUST_00184,7.1,4,2447.33,5,4,3,543,Loyal Customers,Cluster_1,611.83
CUST_00185,166.6,1,184.1,2,1,1,211,Lost,Cluster_2,184.1
CUST_00186,22.4,3,1727.86,5,4,2,542,Potential Loyalists,Cluster_1,575.95
CUST_00187,93.8,6,3685.49,3,5,5,355,Loyal Customers,Cluster_4,614.25
CUST_00188,32.9,7,4533.99,4,5,5,455,Champions,Cluster_4,647.71
CUST_00189,102.0,3,1750.86,3,4,2,342,Potential Loyalists,Cluster_3,583.62
CUST_00190,164.3,1,1423.9,2,1,2,212,Lost,Cluster_2,1423.9
CUST_00191,82.0,3,1744.34,3,4,2,342,Potential Loyalists,Cluster_3,581.45
CUST_00193,222.1,2,1036.68,1,2,2,122,Lost,Cluster_3,518.34
CUST_00194,224.9,3,1449.79,1,4,2,142,At Risk,Cluster_3,483.26
CUST_00195,60.7,2,1321.33,3,2,2,322,Potential Loyalists,Cluster_3,660.66
CUST_00196,29.8,7,4469.03,4,5,5,455,Champions,Cluster_4,638.43
CUST_00197,158.5,3,2575.47,2,4,3,243,Loyal Customers,Cluster_3,858.49
CUST_00198,98.1,1,507.58,3,1,1,311,Potential Loyalists,Cluster_2,507.58
CUST_00199,348.2,1,404.94,1,1,1,111,Lost,Cluster_2,404.94
CUST_00200,54.7,5,1332.54,4,5,2,452,Potential Loyalists,Cluster_4,266.51
CUST_00201,12.4,5,2219.59,5,5,3,553,Loyal Customers,Cluster_1,443.92
CUST_00202,16.4,6,3547.21,5,5,4,554,Champions,Cluster_1,591.2
CUST_00203,4.5,3,3020.33,5,4,4,544,Champions,Cluster_1,1006.78
CUST_00204,104.3,4,1696.04,2,4,2,242,At Risk,Cluster_3,424.01
CUST_00205,14.7,3,1363.65,5,4,2,542,Potential Loyalists,Cluster_1,454.55
CUST_00206,139.1,2,1049.67,2,2,2,222,Lost,Cluster_3,524.84
CUST_00207,6.1,2,2294.35,5,2,3,523,New Customers,Cluster_1,1147.17
CUST_00208,335.3,1,1597.16,1,1,2,112,Lost,Cluster_2,1597.16
CUST_00209,165.8,2,701.02,2,2,1,221,Lost,Cluster_2,350.51
CUST_00210,144.5,2,2168.98,2,2,3,223,Potential Loyalists,Cluster_3,1084.49
CUST_00211,139.4,4,1826.24,2,4,3,243,Loyal Customers,Cluster_3,456.56
CUST_00212,111.1,6,3074.45,2,5,4,254,Loyal Customers,Cluster_4,512.41
CUST_00213,34.4,2,310.3,4,2,1,421,New Customers,Cluster_2,155.15
CUST_00214,30.6,5,3826.37,4,5,5,455,Champions,Cluster_4,765.27
CUST_00215,6.8,1,467.38,5,1,1,511,New Customers,Cluster_2,467.38
CUST_00216,265.1,3,366.96,1,4,1,141,At Risk,Cluster_2,122.32
CUST_00217,9.3,5,2723.35,5,5,4,554,Champions,Cluster_1,544.67
CUST_00218,18.4,4,3695.8,5,4,5,545,Champions,Cluster_1,923.95
CUST_00219,212.0,1,536.88,1,1,1,111,Lost,Cluster_2,536.88
CUST_00220,45.3,2,1469.76,4,2,2,422,New Customers,Cluster_3,734.88
CUST_00222,27.8,3,4156.47,4,4,5,445,Champions,Cluster_1,1385.49
CUST_00223,153.2,1,810.95,2,1,1,211,Lost,Cluster_2,810.95
CUST_00224,54.0,6,6192.55,4,5,5,455,Champions,Cluster_4,1032.09
CUST_00225,166.1,2,542.41,2,2,1,221,Lost,Cluster_2,271.2
CUST_00226,129.8,2,3042.77,2,2,4,224,Potential Loyalists,Cluster_3,1521.38
CUST_00227,43.1,2,712.33,4,2,1,421,New Customers,Cluster_3,356.17
CUST_00228,189.9,1,842.96,1,1,1,111,Lost,Cluster_2,842.96
CUST_00229,148.8,3,2997.41,2,4,4,244,Loyal Customers,Cluster_3,999.14
CUST_00230,8.0,5,3738.21,5,5,5,555,Champions,Cluster_1,747.64
CUST_00231,165.9,2,1801.29,2,2,3,223,Potential Loyalists,Cluster_3,900.64
CUST_00232,109.2,3,1528.22,2,4,2,242,At Risk,Cluster_3,509.41
CUST_00233,154.0,4,1481.62,2,4,2,242,At Risk,Cluster_3,370.4
CUST_00234,52.4,2,1501.8,4,2,2,422,New Customers,Cluster_3,750.9
CUST_00235,227.7,2,1273.78,1,2,2,122,Lost,Cluster_3,636.89
CUST_00236,34.7,3,3053.84,4,4,4,444,Champions,Cluster_1,1017.95
CUST_00239,46.1,2,2299.62,4,2,3,423,New Customers,Cluster_3,1149.81
CUST_00240,141.1,2,814.85,2,2,1,221,Lost,Cluster_3,407.43
CUST_00241,38.1,2,516.24,4,2,1,421,New Customers,Cluster_2,258.12
CUST_00242,60.6,4,2827.03,3,4,4,344,Loyal Customers,Cluster_4,706.76
CUST_00243,13.4,3,2227.82,5,4,3,543,Loyal Customers,Cluster_1,742.61
CUST_00244,144.6,3,2904.6,2,4,4,244,Loyal Customers,Cluster_3,968.2
CUST_00245,73.8,6,4154.11,3,5,5,355,Loyal Customers,Cluster_4,692.35
CUST_00246,23.8,6,3917.37,5,5,5,555,Champions,Cluster_4,652.89
CUST_00247,129.2,3,1796.04,2,4,3,243,Loyal Customers,Cluster_3,598.68
CUST_00248,59.5,1,958.57,3,1,1,311,Potential Loyalists,Cluster_2,958.57
CUST_00249,10.0,3,2253.72,5,4,3,543,Loyal Customers,Cluster_1,751.24
CUST_00250,24.5,3,2079.12,5,4,3,543,Loyal Customers,Cluster_1,693.04
CUST_00251,109.0,4,1886.68,2,4,3,243,Loyal Customers,Cluster_4,471.67
CUST_00252,62.5,5,4509.58,3,5,5,355,Loyal Customers,Cluster_4,901.92
CUST_00253,104.4,1,124.44,2,1,1,211,Lost,Cluster_2,124.44
CUST_00254,115.2,3,1156.79,2,4,2,242,At Risk,Cluster_3,385.6
CUST_00255,97.8,1,310.28,3,1,1,311,Potential Loyalists,Cluster_2,310.28
CUST_00256,91.9,4,2209.69,3,4,3,343,Loyal Customers,Cluster_4,552.42
CUST_00257,141.8,2,2004.88,2,2,3,223,Potential Loyalists,Cluster_3,1002.44
CUST_00258,181.7,3,2758.0,1,4,4,144,Loyal Customers,Cluster_3,919.33
CUST_00259,58.1,3,4107.57,4,4,5,445,Champions,Cluster_4,1369.19
CUST_00260,72.4,5,4659.7,3,5,5,355,Loyal Customers,Cluster_4,931.94
CUST_00261,14.1,3,1684.17,5,4,2,542,Potential Loyalists,Cluster_1,561.39
CUST_00262,128.6,1,827.01,2,1,1,211,Lost,Cluster_2,827.01
CUST_00263,162.3,3,2390.37,2,4,3,243,Loyal Customers,Cluster_3,796.79
CUST_00264,119.8,3,1411.87,2,4,2,242,At Risk,Cluster_3,470.62
CUST_00265,55.4,3,3287.34,4,4,4,444,Champions,Cluster_4,1095.78
CUST_00266,18.6,4,2068.56,5,4,3,543,Loyal Customers,Cluster_1,517.14
CUST_00267,62.1,1,706.64,3,1,1,311,Potential Loyalists,Cluster_2,706.64
CUST_00268,46.1,6,5098.7,4,5,5,455,Champions,Cluster_4,849.78
CUST_00269,245.2,4,2898.55,1,4,4,144,Loyal Customers,Cluster_4,724.64
CUST_00270,144.9,2,920.41,2,2,1,221,Lost,Cluster_3,460.2
CUST_00271,51.2,5,2327.96,4,5,3,453,Loyal Customers,Cluster_4,465.59
CUST_00272,147.9,4,3046.99,2,4,4,244,Loyal Customers,Cluster_4,761.75
CUST_00273,231.3,1,872.58,1,1,1,111,Lost,Cluster_2,872.58
CUST_00274,33.9,2,2212.5,4,2,3,423,New Customers,Cluster_3,1106.25
CUST_00275,76.8,5,3160.8,3,5,4,354,Loyal Customers,Cluster_4,632.16
CUST_00276,130.4,5,3608.98,2,5,4,254,Loyal Customers,Cluster_4,721.8
CUST_00277,28.0,3,2127.15,4,4,3,443,Loyal Customers,Cluster_1,709.05
CUST_00279,5.1,4,2555.85,5,4,3,543,Loyal Customers,Cluster_1,638.96
CUST_00280,201.0,2,1361.75,1,2,2,122,Lost,Cluster_3,680.88
CUST_00281,134.9,2,1499.4,2,2,2,222,Lost,Cluster_3,749.7
CUST_00282,9.0,5,3373.72,5,5,4,554,Champions,Cluster_1,674.74
CUST_00283,3.4,2,2530.23,5,2,3,523,New Customers,Cluster_1,1265.12
CUST_00284,171.0,1,290.08,2,1,1,211,Lost,Cluster_2,290.08
CUST_00285,38.4,5,4691.77,4,5,5,455,Champions,Cluster_4,938.35
CUST_00286,16.4,4,3817.86,5,4,5,545,Champions,Cluster_1,954.47
CUST_00287,291.3,2,1938.9,1,2,3,123,Potential Loyalists,Cluster_3,969.45
CUST_00288,156.2,1,192.19,2,1,1,211,Lost,Cluster_2,192.19
CUST_00289,142.7,3,1747.37,2,4,2,242,At Risk,Cluster_3,582.46
CUST_00290,153.5,3,2045.22,2,4,3,243,Loyal Customers,Cluster_3,681.74
CUST_00291,58.3,4,2391.42,4,4,3,443,Loyal Customers,Cluster_4,597.86
CUST_00292,99.0,3,863.7,3,4,1,341,Potential Loyalists,Cluster_3,287.9
CUST_00293,194.7,4,3528.25,1,4,4,144,Loyal Customers,Cluster_4,882.06
CUST_00294,43.0,2,2007.66,4,2,3,423,New Customers,Cluster_3,1003.83
CUST_00295,161.0,2,2315.01,2,2,3,223,Potential Loyalists,Cluster_3,1157.51
CUST_00296,75.9,1,780.51,3,1,1,311,Potential Loyalists,Cluster_2,780.51
CUST_00297,170.6,2,502.77,2,2,1,221,Lost,Cluster_2,251.38
CUST_00298,146.1,3,5364.12,2,4,5,245,Loyal Customers,Cluster_4,1788.04
CUST_00299,17.4,8,2762.31,5,5,4,554,Champions,Cluster_1,345.29
CUST_00300,68.1,2,590.21,3,2,1,321,Potential Loyalists,Cluster_2,295.11
CUST_00301,256.3,1,811.58,1,1,1,111,Lost,Cluster_2,811.58
CUST_00302,16.8,2,1902.36,5,2,3,523,New Customers,Cluster_1,951.18
CUST_00303,170.1,4,1667.9,2,4,2,242,At Risk,Cluster_3,416.98
CUST_00304,47.5,7,3825.37,4,5,5,455,Champions,Cluster_4,546.48
CUST_00305,9.9,6,4014.29,5,5,5,555,Champions,Cluster_1,669.05
CUST_00306,293.4,1,769.99,1,1,1,111,Lost,Cluster_2,769.99
CUST_00307,21.1,3,3274.06,5,4,4,544,Champions,Cluster_1,1091.35
CUST_00308,153.5,4,3644.89,2,4,4,244,Loyal Customers,Cluster_4,911.22
CUST_00309,23.0,8,5314.35,5,5,5,555,Champions,Cluster_4,664.29
CUST_00311,117.9,2,1319.21,2,2,2,222,Lost,Cluster_3,659.61
CUST_00312,54.4,5,3679.24,4,5,5,455,Champions,Cluster_4,735.85
CUST_00313,57.5,5,2551.1,4,5,3,453,Loyal Customers,Cluster_4,510.22
CUST_00314,72.6,3,1016.75,3,4,1,341,Potential Loyalists,Cluster_3,338.92
CUST_00315,113.0,4,3828.48,2,4,5,245,Loyal Customers,Cluster_4,957.12
CUST_00316,96.8,4,2720.29,3,4,4,344,Loyal Customers,Cluster_4,680.07
CUST_00318,156.8,3,1031.09,2,4,1,241,At Risk,Cluster_3,343.7
CUST_00319,31.2,3,3359.55,4,4,4,444,Champions,Cluster_1,1119.85
CUST_00320,78.9,4,4980.23,3,4,5,345,Loyal Customers,Cluster_4,1245.06
CUST_00321,34.6,2,301.48,4,2,1,421,New Customers,Cluster_2,150.74
CUST_00322,103.5,5,2251.26,2,5,3,253,Loyal Customers,Cluster_4,450.25
CUST_00323,151.1,2,917.48,2,2,1,221,Lost,Cluster_3,458.74
CUST_00324,167.4,3,1295.35,2,4,2,242,At Risk,Cluster_3,431.78
CUST_00325,41.0,3,1883.11,4,4,3,443,Loyal Customers,Cluster_3,627.7
CUST_00326,215.7,4,2565.16,1,4,3,143,Loyal Customers,Cluster_4,641.29
CUST_00327,50.8,3,911.16,4,4,1,441,Potential Loyalists,Cluster_3,303.72
CUST_00328,284.2,2,850.96,1,2,1,121,Lost,Cluster_3,425.48
CUST_00329,46.3,1,805.9,4,1,1,411,New Customers,Cluster_2,805.9
CUST_00330,22.0,3,1127.6,5,4,2,542,Potential Loyalists,Cluster_1,375.87
CUST_00331,21.3,3,1823.87,5,4,3,543,Loyal Customers,Cluster_1,607.96
CUST_00332,75.7,2,1443.44,3,2,2,322,Potential Loyalists,Cluster_3,721.72
CUST_00333,60.2,4,5508.76,3,4,5,345,Loyal Customers,Cluster_4,1377.19
CUST_00334,8.2,4,2385.39,5,4,3,543,Loyal Customers,Cluster_1,596.35
CUST_00336,49.6,4,3969.92,4,4,5,445,Champions,Cluster_4,992.48
CUST_00337,240.2,1,784.97,1,1,1,111,Lost,Cluster_2,784.97
CUST_00338,117.2,2,1594.39,2,2,2,222,Lost,Cluster_3,797.2
CUST_00339,153.0,2,1287.34,2,2,2,222,Lost,Cluster_3,643.67
CUST_00340,50.5,3,1155.21,4,4,2,442,Potential Loyalists,Cluster_3,385.07
CUST_00341,149.1,3,1849.53,2,4,3,243,Loyal Customers,Cluster_3,616.51
CUST_00342,181.1,2,1061.47,1,2,2,122,Lost,Cluster_3,530.74
CUST_00343,234.3,4,4005.82,1,4,5,145,Loyal Customers,Cluster_4,1001.46
CUST_00344,9.4,6,4109.6,5,5,5,555,Champions,Cluster_1,684.93
CUST_00345,3.2,5,2360.79,5,5,3,553,Loyal Customers,Cluster_1,472.16
CUST_00346,113.4,1,429.52,2,1,1,211,Lost,Cluster_2,429.52
CUST_00347,77.3,6,1337.5,3,5,2,352,Potential Loyalists,Cluster_4,222.92
CUST_00348,12.4,7,5800.32,5,5,5,555,Champions,Cluster_1,828.62
CUST_00349,21.7,5,1181.74,5,5,2,552,Potential Loyalists,Cluster_1,236.35
CUST_00350,198.5,3,2279.49,1,4,3,143,Loyal Customers,Cluster_3,759.83
CUST_00351,250.5,1,65.7,1,1,1,111,Lost,Cluster_2,65.7
CUST_00352,320.9,2,1774.73,1,2,3,123,Potential Loyalists,Cluster_3,887.37
CUST_00353,84.5,4,5535.38,3,4,5,345,Loyal Customers,Cluster_4,1383.85
CUST_00354,106.9,5,3078.92,2,5,4,254,Loyal Customers,Cluster_4,615.78
CUST_00355,25.3,3,2561.09,5,4,3,543,Loyal Customers,Cluster_1,853.7
CUST_00357,169.0,7,3719.96,2,5,5,255,Loyal Customers,Cluster_4,531.42
CUST_00358,21.4,3,2745.76,5,4,4,544,Champions,Cluster_1,915.25
CUST_00359,282.2,1,1707.95,1,1,2,112,Lost,Cluster_3,1707.95
CUST_00360,143.1,2,649.81,2,2,1,221,Lost,Cluster_2,324.9
CUST_00361,122.4,3,1991.51,2,4,3,243,Loyal Customers,Cluster_3,663.84
CUST_00362,242.3,1,921.12,1,1,1,111,Lost,Cluster_2,921.12
CUST_00363,29.7,4,1856.84,4,4,3,443,Loyal Customers,Cluster_1,464.21
CUST_00364,46.9,2,1646.58,4,2,2,422,New Customers,Cluster_3,823.29
CUST_00365,206.5,6,3782.57,1,5,5,155,Loyal Customers,Cluster_4,630.43
CUST_00366,290.7,2,1999.84,1,2,3,123,Potential Loyalists,Cluster_3,999.92
CUST_00367,194.4,3,1489.73,1,4,2,142,At Risk,Cluster_3,496.58
CUST_00368,64.0,6,5229.05,3,5,5,355,Loyal Customers,Cluster_4,871.51
CUST_00369,176.1,1,396.69,1,1,1,111,Lost,Cluster_2,396.69
CUST_00370,72.2,7,3230.76,3,5,4,354,Loyal Customers,Cluster_4,461.54
CUST_00371,211.9,3,4504.69,1,4,5,145,Loyal Customers,Cluster_4,1501.56
CUST_00372,55.4,3,2846.53,4,4,4,444,Champions,Cluster_3,948.84
CUST_00373,16.9,5,4885.52,5,5,5,555,Champions,Cluster_1,977.1
CUST_00374,321.7,1,1339.86,1,1,2,112,Lost,Cluster_2,1339.86
CUST_00375,99.6,2,1650.86,3,2,2,322,Potential Loyalists,Cluster_3,825.43
CUST_00376,121.3,4,3962.93,2,4,5,245,Loyal Customers,Cluster_4,990.73
CUST_00377,87.3,2,4301.01,3,2,5,325,Potential Loyalists,Cluster_3,2150.51
CUST_00378,124.8,3,3367.37,2,4,4,244,Loyal Customers,Cluster_3,1122.46
CUST_00379,221.3,1,665.79,1,1,1,111,Lost,Cluster_2,665.79
CUST_00380,265.7,2,1850.15,1,2,3,123,Potential Loyalists,Cluster_3,925.08
CUST_00381,234.1,3,2522.29,1,4,3,143,Loyal Customers,Cluster_3,840.76
CUST_00382,28.3,8,5750.14,4,5,5,455,Champions,Cluster_4,718.77
CUST_00383,6.2,3,2026.18,5,4,3,543,Loyal Customers,Cluster_1,675.39
CUST_00384,44.1,3,1861.69,4,4,3,443,Loyal Customers,Cluster_3,620.56
CUST_00385,163.6,2,3672.09,2,2,5,225,Potential Loyalists,Cluster_3,1836.05
CUST_00386,189.4,2,2157.72,1,2,3,123,Potential Loyalists,Cluster_3,1078.86
CUST_00387,21.4,5,5569.84,5,5,5,555,Champions,Cluster_1,1113.97
CUST_00388,57.5,4,1290.54,4,4,2,442,Potential Loyalists,Cluster_3,322.63
CUST_00389,87.4,4,2145.81,3,4,3,343,Loyal Customers,Cluster_4,536.45
CUST_00390,35.4,2,2492.24,4,2,3,423,New Customers,Cluster_3,1246.12
CUST_00391,18.5,4,3131.82,5,4,4,544,Champions,Cluster_1,782.96
CUST_00392,80.2,3,5177.56,3,4,5,345,Loyal Customers,Cluster_4,1725.85
CUST_00393,215.5,1,2091.59,1,1,3,113,Potential Loyalists,Cluster_3,2091.59
CUST_00394,166.4,3,1370.91,2,4,2,242,At Risk,Cluster_3,456.97
CUST_00395,36.6,4,2783.92,4,4,4,444,Champions,Cluster_4,695.98
CUST_00396,49.7,6,3909.7,4,5,5,455,Champions,Cluster_4,651.62
CUST_00397,332.7,3,3962.33,1,4,5,145,Loyal Customers,Cluster_3,1320.78
CUST_00399,9.6,5,1938.06,5,5,3,553,Loyal Customers,Cluster_1,387.61
CUST_00401,352.5,1,264.57,1,1,1,111,Lost,Cluster_2,264.57
CUST_00402,19.2,3,2009.35,5,4,3,543,Loyal Customers,Cluster_1,669.78
CUST_00403,46.7,4,2917.39,4,4,4,444,Champions,Cluster_4,729.35
CUST_00404,54.2,5,2880.87,4,5,4,454,Champions,Cluster_4,576.17
CUST_00405,7.1,4,2876.56,5,4,4,544,Champions,Cluster_1,719.14
CUST_00406,40.1,4,2218.52,4,4,3,443,Loyal Customers,Cluster_4,554.63
CUST_00407,69.8,4,2649.19,3,4,4,344,Loyal Customers,Cluster_4,662.3
CUST_00408,231.1,3,1605.31,1,4,2,142,At Risk,Cluster_3,535.1
CUST_00409,50.2,4,2820.35,4,4,4,444,Champions,Cluster_4,705.09
CUST_00410,86.1,4,3234.68,3,4,4,344,Loyal Customers,Cluster_4,808.67
CUST_00411,6.8,7,4390.38,5,5,5,555,Champions,Cluster_1,627.2
CUST_00412,36.9,6,2258.93,4,5,3,453,Loyal Customers,Cluster_4,376.49
CUST_00414,33.7,6,4071.0,4,5,5,455,Champions,Cluster_4,678.5
CUST_00415,11.0,8,6199.13,5,5,5,555,Champions,Cluster_1,774.89
CUST_00416,102.2,6,3614.23,3,5,4,354,Loyal Customers,Cluster_4,602.37
CUST_00417,43.0,2,1313.07,4,2,2,422,New Customers,Cluster_3,656.53
CUST_00418,46.1,4,3667.87,4,4,4,444,Champions,Cluster_4,916.97
CUST_00419,206.4,1,311.64,1,1,1,111,Lost,Cluster_2,311.64
CUST_00420,285.8,2,2687.47,1,2,4,124,Potential Loyalists,Cluster_3,1343.73
CUST_00421,121.2,4,2621.37,2,4,4,244,Loyal Customers,Cluster_4,655.34
CUST_00422,18.7,3,5046.12,5,4,5,545,Champions,Cluster_1,1682.04
CUST_00423,93.7,3,1516.22,3,4,2,342,Potential Loyalists,Cluster_3,505.41
CUST_00425,1.4,6,6258.6,5,5,5,555,Champions,Cluster_1,1043.1
CUST_00426,62.7,5,3286.12,3,5,4,354,Loyal Customers,Cluster_4,657.22
CUST_00427,352.2,1,35.31,1,1,1,111,Lost,Cluster_2,35.31
CUST_00428,241.1,3,2430.15,1,4,3,143,Loyal Customers,Cluster_3,810.05
CUST_00429,32.9,3,2023.6,4,4,3,443,Loyal Customers,Cluster_1,674.53
CUST_00430,167.3,3,1926.41,2,4,3,243,Loyal Customers,Cluster_3,642.14
CUST_00431,30.0,2,1685.94,4,2,2,422,New Customers,Cluster_3,842.97
CUST_00432,193.1,4,2578.67,1,4,3,143,Loyal Customers,Cluster_4,644.67
CUST_00433,68.4,2,693.32,3,2,1,321,Potential Loyalists,Cluster_2,346.66
CUST_00434,62.4,4,3361.84,3,4,4,344,Loyal Customers,Cluster_4,840.46
CUST_00435,41.0,3,2708.03,4,4,4,444,Champions,Cluster_3,902.68
CUST_00436,11.6,9,7809.02,5,5,5,555,Champions,Cluster_1,867.67
CUST_00437,46.0,4,1688.37,4,4,2,442,Potential Loyalists,Cluster_4,422.09
CUST_00438,314.9,2,1428.52,1,2,2,122,Lost,Cluster_3,714.26
CUST_00439,233.0,9,7591.53,1,5,5,155,Loyal Customers,Cluster_4,843.5
CUST_00440,185.8,3,1812.61,1,4,3,143,Loyal Customers,Cluster_3,604.2
CUST_00441,130.1,2,1060.02,2,2,2,222,Lost,Cluster_3,530.01
CUST_00442,58.1,5,7164.83,4,5,5,455,Champions,Cluster_4,1432.97
CUST_00443,112.2,3,2132.8,2,4,3,243,Loyal Customers,Cluster_3,710.93
CUST_00444,9.7,4,2038.16,5,4,3,543,Loyal Customers,Cluster_1,509.54
CUST_00445,70.5,3,1918.61,3,4,3,343,Loyal Customers,Cluster_3,639.54
CUST_00446,69.7,3,4691.83,3,4,5,345,Loyal Customers,Cluster_4,1563.94
CUST_00447,116.4,5,3024.79,2,5,4,254,Loyal Customers,Cluster_4,604.96
CUST_00448,28.8,3,3510.69,4,4,4,444,Champions,Cluster_1,1170.23
CUST_00449,60.5,3,2411.31,3,4,3,343,Loyal Customers,Cluster_3,803.77
CUST_00450,31.5,1,593.85,4,1,1,411,New Customers,Cluster_2,593.85
CUST_00451,23.2,3,1660.85,5,4,2,542,Potential Loyalists,Cluster_1,553.62
CUST_00452,127.8,3,2422.67,2,4,3,243,Loyal Customers,Cluster_3,807.56
CUST_00453,41.6,3,1205.58,4,4,2,442,Potential Loyalists,Cluster_3,401.86
CUST_00454,304.7,2,2588.89,1,2,4,124,Potential Loyalists,Cluster_3,1294.44
CUST_00455,37.3,3,2647.9,4,4,4,444,Champions,Cluster_1,882.63
CUST_00456,53.9,2,1069.01,4,2,2,422,New Customers,Cluster_3,534.5
CUST_00457,86.4,3,2465.86,3,4,3,343,Loyal Customers,Cluster_3,821.95
CUST_00458,335.8,1,970.94,1,1,1,111,Lost,Cluster_2,970.94
CUST_00459,49.1,4,2434.37,4,4,3,443,Loyal Customers,Cluster_4,608.59
CUST_00460,170.6,3,2414.98,2,4,3,243,Loyal Customers,Cluster_3,804.99
CUST_00461,23.9,5,981.79,5,5,1,551,Potential Loyalists,Cluster_1,196.36
CUST_00462,56.6,4,3470.96,4,4,4,444,Champions,Cluster_4,867.74
CUST_00463,21.3,4,2490.19,5,4,3,543,Loyal Customers,Cluster_1,622.55
CUST_00464,11.1,3,2119.48,5,4,3,543,Loyal Customers,Cluster_1,706.49
CUST_00465,186.8,3,2173.14,1,4,3,143,Loyal Customers,Cluster_3,724.38
CUST_00466,350.8,1,726.42,1,1,1,111,Lost,Cluster_2,726.42
CUST_00467,128.9,2,1006.12,2,2,1,221,Lost,Cluster_3,503.06
CUST_00468,334.9,2,1743.18,1,2,2,122,Lost,Cluster_3,871.59
CUST_00469,34.8,2,1844.34,4,2,3,423,New Customers,Cluster_3,922.17
CUST_00470,63.9,3,855.89,3,4,1,341,Potential Loyalists,Cluster_3,285.3
CUST_00471,17.0,2,916.52,5,2,1,521,New Customers,Cluster_1,458.26
CUST_00472,30.4,5,3341.72,4,5,4,454,Champions,Cluster_4,668.34
CUST_00473,25.4,4,2768.1,5,4,4,544,Champions,Cluster_1,692.02
CUST_00474,205.4,3,1848.48,1,4,3,143,Loyal Customers,Cluster_3,616.16
CUST_00475,55.6,4,1767.44,4,4,2,442,Potential Loyalists,Cluster_4,441.86
CUST_00476,326.6,3,836.83,1,4,1,141,At Risk,Cluster_3,278.94
CUST_00477,9.5,5,2785.15,5,5,4,554,Champions,Cluster_1,557.03
CUST_00478,76.1,6,2932.93,3,5,4,354,Loyal Customers,Cluster_4,488.82
CUST_00479,42.2,1,1601.6,4,1,2,412,New Customers,Cluster_3,1601.6
CUST_00480,54.2,2,913.12,4,2,1,421,New Customers,Cluster_3,456.56
CUST_00481,64.8,5,4223.28,3,5,5,355,Loyal Customers,Cluster_4,844.66
CUST_00482,17.0,2,2147.41,5,2,3,523,New Customers,Cluster_1,1073.7
CUST_00483,187.1,5,5331.0,1,5,5,155,Loyal Customers,Cluster_4,1066.2
CUST_00484,17.6,2,622.14,5,2,1,521,New Customers,Cluster_2,311.07
CUST_00485,41.4,2,1603.25,4,2,2,422,New Customers,Cluster_3,801.62
CUST_00486,254.2,5,4366.96,1,5,5,155,Loyal Customers,Cluster_4,873.39
CUST_00487,132.4,4,5292.98,2,4,5,245,Loyal Customers,Cluster_4,1323.24
CUST_00488,13.2,6,2769.97,5,5,4,554,Champions,Cluster_1,461.66
CUST_00490,113.6,3,2104.83,2,4,3,243,Loyal Customers,Cluster_3,701.61
CUST_00492,105.4,4,3857.43,2,4,5,245,Loyal Customers,Cluster_4,964.36
CUST_00493,50.0,6,3888.87,4,5,5,455,Champions,Cluster_4,648.14
CUST_00494,31.9,3,2343.77,4,4,3,443,Loyal Customers,Cluster_1,781.26
CUST_00495,69.1,3,1531.91,3,4,2,342,Potential Loyalists,Cluster_3,510.64
CUST_00496,56.8,3,2895.55,4,4,4,444,Champions,Cluster_3,965.18
CUST_00498,38.6,2,1809.14,4,2,3,423,New Customers,Cluster_3,904.57
CUST_00499,249.5,2,1172.36,1,2,2,122,Lost,Cluster_3,586.18
CUST_00500,133.3,4,1818.83,2,4,3,243,Loyal Customers,Cluster_3,454.71
CUST_00501,212.7,1,755.89,1,1,1,111,Lost,Cluster_2,755.89
CUST_00502,30.0,2,1852.76,4,2,3,423,New Customers,Cluster_3,926.38
CUST_00503,351.0,1,798.44,1,1,1,111,Lost,Cluster_2,798.44
CUST_00504,105.7,4,2060.56,2,4,3,243,Loyal Customers,Cluster_4,515.14
CUST_00505,27.8,4,923.13,4,4,1,441,Potential Loyalists,Cluster_1,230.78
CUST_00506,105.1,3,3208.07,2,4,4,244,Loyal Customers,Cluster_3,1069.36
CUST_00507,50.3,3,2697.69,4,4,4,444,Champions,Cluster_3,899.23
CUST_00508,93.0,2,1283.0,3,2,2,322,Potential Loyalists,Cluster_3,641.5
CUST_00509,73.4,3,2115.71,3,4,3,343,Loyal Customers,Cluster_3,705.24
CUST_00511,86.5,7,3105.82,3,5,4,354,Loyal Customers,Cluster_4,443.69
CUST_00512,300.8,1,737.51,1,1,1,111,Lost,Cluster_2,737.51
CUST_00513,77.4,3,4943.09,3,4,5,345,Loyal Customers,Cluster_4,1647.7
CUST_00514,6.5,4,3696.41,5,4,5,545,Champions,Cluster_1,924.1
CUST_00515,119.7,4,2460.85,2,4,3,243,Loyal Customers,Cluster_4,615.21
CUST_00516,327.2,1,1459.0,1,1,2,112,Lost,Cluster_2,1459.0
CUST_00517,163.9,3,2356.54,2,4,3,243,Loyal Customers,Cluster_3,785.51
CUST_00518,118.3,7,5928.76,2,5,5,255,Loyal Customers,Cluster_4,846.97
CUST_00519,56.5,4,3222.05,4,4,4,444,Champions,Cluster_4,805.51
CUST_00520,16.2,1,238.64,5,1,1,511,New Customers,Cluster_2,238.64
CUST_00522,124.9,5,3904.47,2,5,5,255,Loyal Customers,Cluster_4,780.89
CUST_00523,295.4,1,788.77,1,1,1,111,Lost,Cluster_2,788.77
CUST_00524,86.7,2,611.06,3,2,1,321,Potential Loyalists,Cluster_2,305.53
CUST_00525,164.6,2,565.9,2,2,1,221,Lost,Cluster_2,282.95
CUST_00526,76.3,2,1954.43,3,2,3,323,Potential Loyalists,Cluster_3,977.22
CUST_00527,82.8,2,1262.76,3,2,2,322,Potential Loyalists,Cluster_3,631.38
CUST_00528,328.5,2,1220.47,1,2,2,122,Lost,Cluster_3,610.24
CUST_00529,185.9,4,4891.77,1,4,5,145,Loyal Customers,Cluster_4,1222.94
CUST_00530,131.1,3,1143.48,2,4,2,242,At Risk,Cluster_3,381.16
CUST_00531,93.1,3,2200.76,3,4,3,343,Loyal Customers,Cluster_3,733.59
CUST_00532,4.4,4,4329.62,5,4,5,545,Champions,Cluster_1,1082.4
CUST_00533,37.1,10,9338.93,4,5,5,455,Champions,Cluster_4,933.89
CUST_00534,237.4,1,415.47,1,1,1,111,Lost,Cluster_2,415.47
CUST_00535,69.8,6,4717.67,3,5,5,355,Loyal Customers,Cluster_4,786.28
CUST_00536,57.3,5,4702.01,4,5,5,455,Champions,Cluster_4,940.4
CUST_00537,5.7,2,1749.88,5,2,2,522,New Customers,Cluster_1,874.94
CUST_00538,116.4,5,4365.1,2,5,5,255,Loyal Customers,Cluster_4,873.02
CUST_00539,331.0,1,567.15,1,1,1,111,Lost,Cluster_2,567.15
CUST_00540,6.9,6,3540.73,5,5,4,554,Champions,Cluster_1,590.12
CUST_00541,23.4,4,1990.87,5,4,3,543,Loyal Customers,Cluster_1,497.72
CUST_00542,180.5,1,537.09,1,1,1,111,Lost,Cluster_2,537.09
CUST_00543,231.5,1,878.56,1,1,1,111,Lost,Cluster_2,878.56
CUST_00544,4.3,3,2789.08,5,4,4,544,Champions,Cluster_1,929.69
CUST_00545,8.2,4,4273.63,5,4,5,545,Champions,Cluster_1,1068.41
CUST_00546,100.5,2,971.31,3,2,1,321,Potential Loyalists,Cluster_3,485.65
CUST_00547,118.5,6,4740.97,2,5,5,255,Loyal Customers,Cluster_4,790.16
CUST_00548,8.4,2,2512.4,5,2,3,523,New Customers,Cluster_1,1256.2
CUST_00549,86.3,3,3315.9,3,4,4,344,Loyal Customers,Cluster_3,1105.3
CUST_00550,35.5,4,4279.48,4,4,5,445,Champions,Cluster_4,1069.87
CUST_00551,102.1,4,2191.08,3,4,3,343,Loyal Customers,Cluster_4,547.77
CUST_00552,81.2,2,1280.48,3,2,2,322,Potential Loyalists,Cluster_3,640.24
CUST_00553,85.5,1,1675.2,3,1,2,312,Potential Loyalists,Cluster_3,1675.2
CUST_00554,295.2,2,2363.13,1,2,3,123,Potential Loyalists,Cluster_3,1181.57
CUST_00555,68.6,3,4455.68,3,4,5,345,Loyal Customers,Cluster_4,1485.23
CUST_00556,218.8,2,771.22,1,2,1,121,Lost,Cluster_2,385.61
CUST_00557,7.6,3,3594.25,5,4,4,544,Champions,Cluster_1,1198.08
CUST_00558,63.1,4,2608.25,3,4,4,344,Loyal Customers,Cluster_4,652.06
CUST_00559,179.7,4,5678.18,1,4,5,145,Loyal Customers,Cluster_4,1419.55
CUST_00560,30.4,4,1984.85,4,4,3,443,Loyal Customers,Cluster_1,496.21
CUST_00561,2.8,6,4977.17,5,5,5,555,Champions,Cluster_1,829.53
CUST_00562,39.2,3,1713.7,4,4,2,442,Potential Loyalists,Cluster_3,571.23
CUST_00563,25.2,6,5218.24,5,5,5,555,Champions,Cluster_4,869.71
CUST_00564,267.4,4,2884.24,1,4,4,144,Loyal Customers,Cluster_4,721.06
CUST_00565,139.4,3,1644.28,2,4,2,242,At Risk,Cluster_3,548.09
CUST_00566,54.6,3,1997.18,4,4,3,443,Loyal Customers,Cluster_3,665.73
CUST_00567,54.5,3,2039.3,4,4,3,443,Loyal Customers,Cluster_3,679.77
CUST_00568,340.8,1,371.41,1,1,1,111,Lost,Cluster_2,371.41
CUST_00569,238.9,4,3681.27,1,4,5,145,Loyal Customers,Cluster_4,920.32
CUST_00570,21.4,3,1611.71,5,4,2,542,Potential Loyalists,Cluster_1,537.24
CUST_00571,54.4,3,1747.25,4,4,2,442,Potential Loyalists,Cluster_3,582.42
CUST_00572,41.5,5,2926.25,4,5,4,454,Champions,Cluster_4,585.25
CUST_00573,113.9,3,2663.09,2,4,4,244,Loyal Customers,Cluster_3,887.7
CUST_00574,59.0,5,4302.43,3,5,5,355,Loyal Customers,Cluster_4,860.49
CUST_00575,272.8,1,644.43,1,1,1,111,Lost,Cluster_2,644.43
CUST_00576,19.1,3,1610.07,5,4,2,542,Potential Loyalists,Cluster_1,536.69
CUST_00577,56.3,3,5777.21,4,4,5,445,Champions,Cluster_4,1925.74
CUST_00579,96.1,3,2736.46,3,4,4,344,Loyal Customers,Cluster_3,912.15
CUST_00580,54.7,3,2649.39,4,4,4,444,Champions,Cluster_3,883.13
CUST_00581,14.5,6,5139.38,5,5,5,555,Champions,Cluster_1,856.56
CUST_00582,64.7,3,2249.94,3,4,3,343,Loyal Customers,Cluster_3,749.98
CUST_00584,98.8,4,3613.21,3,4,4,344,Loyal Customers,Cluster_4,903.3
CUST_00585,124.8,3,5903.33,2,4,5,245,Loyal Customers,Cluster_4,1967.78
CUST_00586,39.8,2,176.79,4,2,1,421,New Customers,Cluster_2,88.39
CUST_00587,24.8,9,5908.63,5,5,5,555,Champions,Cluster_4,656.51
CUST_00588,153.5,1,588.49,2,1,1,211,Lost,Cluster_2,588.49
CUST_00589,51.6,4,3480.01,4,4,4,444,Champions,Cluster_4,870.0
CUST_00590,125.9,1,235.14,2,1,1,211,Lost,Cluster_2,235.14
CUST_00591,147.7,5,3503.81,2,5,4,254,Loyal Customers,Cluster_4,700.76
CUST_00592,10.3,2,154.42,5,2,1,521,New Customers,Cluster_2,77.21
CUST_00593,217.0,5,5741.97,1,5,5,155,Loyal Customers,Cluster_4,1148.39
CUST_00594,28.8,3,2662.03,4,4,4,444,Champions,Cluster_1,887.34
CUST_00595,111.1,4,2538.4,2,4,3,243,Loyal Customers,Cluster_4,634.6
CUST_00596,182.8,4,3348.87,1,4,4,144,Loyal Customers,Cluster_4,837.22
CUST_00597,65.8,3,2627.42,3,4,4,344,Loyal Customers,Cluster_3,875.81
CUST_00598,37.0,6,2735.0,4,5,4,454,Champions,Cluster_4,455.83
CUST_00599,80.2,3,1344.28,3,4,2,342,Potential Loyalists,Cluster_3,448.09
CUST_00600,267.1,1,386.38,1,1,1,111,Lost,Cluster_2,386.38
CUST_00601,12.9,2,1466.12,5,2,2,522,New Customers,Cluster_1,733.06
CUST_00602,27.6,5,2470.76,4,5,3,453,Loyal Customers,Cluster_1,494.15
CUST_00603,191.3,1,1419.83,1,1,2,112,Lost,Cluster_2,1419.83
CUST_00604,208.2,4,3439.81,1,4,4,144,Loyal Customers,Cluster_4,859.95
CUST_00605,111.2,6,3552.64,2,5,4,254,Loyal Customers,Cluster_4,592.11
CUST_00606,42.1,5,6194.3,4,5,5,455,Champions,Cluster_4,1238.86
CUST_00607,314.7,2,3216.35,1,2,4,124,Potential Loyalists,Cluster_3,1608.17
CUST_00608,142.3,3,3775.77,2,4,5,245,Loyal Customers,Cluster_3,1258.59
CUST_00609,63.9,3,2098.88,3,4,3,343,Loyal Customers,Cluster_3,699.63
CUST_00610,112.5,2,1313.31,2,2,2,222,Lost,Cluster_3,656.65
CUST_00611,11.1,2,774.37,5,2,1,521,New Customers,Cluster_1,387.19
CUST_00612,29.9,4,2458.43,4,4,3,443,Loyal Customers,Cluster_1,614.61
CUST_00613,69.2,5,3101.42,3,5,4,354,Loyal Customers,Cluster_4,620.28
CUST_00614,302.1,1,585.0,1,1,1,111,Lost,Cluster_2,585.0
CUST_00615,11.9,4,3418.69,5,4,4,544,Champions,Cluster_1,854.67
CUST_00616,356.8,2,1649.2,1,2,2,122,Lost,Cluster_3,824.6
CUST_00617,26.2,5,3295.94,5,5,4,554,Champions,Cluster_1,659.19
CUST_00618,93.6,1,3106.17,3,1,4,314,Potential Loyalists,Cluster_3,3106.17
CUST_00619,15.5,3,2729.03,5,4,4,544,Champions,Cluster_1,909.68
CUST_00620,110.0,1,968.57,2,1,1,211,Lost,Cluster_2,968.57
CUST_00621,8.7,4,3369.55,5,4,4,544,Champions,Cluster_1,842.39
CUST_00622,147.4,3,1115.49,2,4,2,242,At Risk,Cluster_3,371.83
CUST_00623,156.0,4,3768.58,2,4,5,245,Loyal Customers,Cluster_4,942.14
CUST_00624,113.4,3,2592.68,2,4,4,244,Loyal Customers,Cluster_3,864.23
CUST_00625,79.1,3,1523.1,3,4,2,342,Potential Loyalists,Cluster_3,507.7
CUST_00626,27.9,4,4444.3,4,4,5,445,Champions,Cluster_4,1111.08
CUST_00627,70.8,3,2749.37,3,4,4,344,Loyal Customers,Cluster_3,916.46
CUST_00628,92.0,3,1665.57,3,4,2,342,Potential Loyalists,Cluster_3,555.19
CUST_00629,3.7,4,2346.22,5,4,3,543,Loyal Customers,Cluster_1,586.55
CUST_00630,28.2,3,2848.23,4,4,4,444,Champions,Cluster_1,949.41
CUST_00631,36.7,6,2611.13,4,5,4,454,Champions,Cluster_4,435.19
CUST_00632,3.0,8,5051.56,5,5,5,555,Champions,Cluster_1,631.45
CUST_00633,22.1,3,2018.01,5,4,3,543,Loyal Customers,Cluster_1,672.67
CUST_00634,6.5,4,5296.98,5,4,5,545,Champions,Cluster_1,1324.24
CUST_00635,22.4,4,2921.2,5,4,4,544,Champions,Cluster_1,730.3
CUST_00636,4.6,4,2925.69,5,4,4,544,Champions,Cluster_1,731.42
CUST_00637,110.6,4,1947.56,2,4,3,243,Loyal Customers,Cluster_4,486.89
CUST_00638,26.9,3,1954.34,5,4,3,543,Loyal Customers,Cluster_1,651.45
CUST_00639,47.7,3,2929.09,4,4,4,444,Champions,Cluster_4,976.36
CUST_00640,356.0,2,611.72,1,2,1,121,Lost,Cluster_2,305.86
CUST_00641,169.2,2,506.7,2,2,1,221,Lost,Cluster_2,253.35
CUST_00642,169.1,1,11.24,2,1,1,211,Lost,Cluster_2,11.24
CUST_00643,148.9,3,3112.78,2,4,4,244,Loyal Customers,Cluster_3,1037.59
CUST_00644,2.7,6,1568.28,5,5,2,552,Potential Loyalists,Cluster_1,261.38
CUST_00645,0.6,3,2192.08,5,4,3,543,Loyal Customers,Cluster_1,730.69
CUST_00646,0.3,6,3116.74,5,5,4,554,Champions,Cluster_1,519.46
CUST_00647,208.0,2,1255.69,1,2,2,122,Lost,Cluster_3,627.85
CUST_00648,60.9,5,3739.58,3,5,5,355,Loyal Customers,Cluster_4,747.92
CUST_00649,43.8,7,3800.71,4,5,5,455,Champions,Cluster_4,542.96
CUST_00650,44.5,3,2519.11,4,4,3,443,Loyal Customers,Cluster_3,839.7
CUST_00651,330.1,1,469.87,1,1,1,111,Lost,Cluster_2,469.87
CUST_00652,26.4,5,2300.16,5,5,3,553,Loyal Customers,Cluster_1,460.03
CUST_00653,270.9,3,1435.67,1,4,2,142,At Risk,Cluster_3,478.56
CUST_00654,35.5,3,3391.01,4,4,4,444,Champions,Cluster_1,1130.34
CUST_00655,3.5,3,1714.88,5,4,2,542,Potential Loyalists,Cluster_1,571.63
CUST_00656,237.5,3,2228.4,1,4,3,143,Loyal Customers,Cluster_3,742.8
CUST_00657,10.3,6,5963.76,5,5,5,555,Champions,Cluster_1,993.96
CUST_00658,33.9,2,1007.65,4,2,1,421,New Customers,Cluster_3,503.82
CUST_00659,71.7,2,1331.98,3,2,2,322,Potential Loyalists,Cluster_3,665.99
CUST_00661,114.6,2,792.18,2,2,1,221,Lost,Cluster_3,396.09
CUST_00662,78.1,3,1742.69,3,4,2,342,Potential Loyalists,Cluster_3,580.9
CUST_00663,327.1,1,395.9,1,1,1,111,Lost,Cluster_2,395.9
CUST_00664,124.5,5,2268.64,2,5,3,253,Loyal Customers,Cluster_4,453.73
CUST_00665,295.8,2,1655.73,1,2,2,122,Lost,Cluster_3,827.87
CUST_00666,55.4,6,6010.8,4,5,5,455,Champions,Cluster_4,1001.8
CUST_00667,96.1,4,2524.37,3,4,3,343,Loyal Customers,Cluster_4,631.09
CUST_00668,72.2,6,5786.7,3,5,5,355,Loyal Customers,Cluster_4,964.45
CUST_00669,246.6,1,669.87,1,1,1,111,Lost,Cluster_2,669.87
CUST_00670,342.7,2,1081.62,1,2,2,122,Lost,Cluster_3,540.81
CUST_00672,87.0,1,128.81,3,1,1,311,Potential Loyalists,Cluster_2,128.81
CUST_00673,85.7,6,3766.01,3,5,5,355,Loyal Customers,Cluster_4,627.67
CUST_00674,238.1,1,858.39,1,1,1,111,Lost,Cluster_2,858.39
CUST_00675,345.2,1,746.74,1,1,1,111,Lost,Cluster_2,746.74
CUST_00676,13.8,7,4836.42,5,5,5,555,Champions,Cluster_1,690.92
CUST_00677,68.2,1,694.98,3,1,1,311,Potential Loyalists,Cluster_2,694.98
CUST_00678,345.9,1,693.6,1,1,1,111,Lost,Cluster_2,693.6
CUST_00679,6.8,3,1860.41,5,4,3,543,Loyal Customers,Cluster_1,620.14
CUST_00680,71.9,3,2055.62,3,4,3,343,Loyal Customers,Cluster_3,685.21
CUST_00681,119.9,4,2502.64,2,4,3,243,Loyal Customers,Cluster_4,625.66
CUST_00682,125.7,2,1326.33,2,2,2,222,Lost,Cluster_3,663.16
CUST_00683,123.6,2,3324.65,2,2,4,224,Potential Loyalists,Cluster_3,1662.33
CUST_00684,322.1,3,3309.21,1,4,4,144,Loyal Customers,Cluster_3,1103.07
CUST_00685,154.8,2,218.75,2,2,1,221,Lost,Cluster_2,109.38
CUST_00687,9.0,1,744.14,5,1,1,511,New Customers,Cluster_2,744.14
CUST_00688,84.8,1,21.94,3,1,1,311,Potential Loyalists,Cluster_2,21.94
CUST_00689,91.7,2,838.48,3,2,1,321,Potential Loyalists,Cluster_3,419.24
CUST_00690,74.8,1,310.78,3,1,1,311,Potential Loyalists,Cluster_2,310.78
CUST_00691,30.2,5,4356.1,4,5,5,455,Champions,Cluster_4,871.22
CUST_00692,222.9,3,2463.1,1,4,3,143,Loyal Customers,Cluster_3,821.03
CUST_00693,223.7,2,2563.88,1,2,3,123,Potential Loyalists,Cluster_3,1281.94
CUST_00696,84.8,2,1557.66,3,2,2,322,Potential Loyalists,Cluster_3,778.83
CUST_00697,17.6,5,2803.8,5,5,4,554,Champions,Cluster_1,560.76
CUST_00698,113.4,2,1146.36,2,2,2,222,Lost,Cluster_3,573.18
CUST_00699,73.5,5,3398.56,3,5,4,354,Loyal Customers,Cluster_4,679.71
CUST_00700,11.7,4,3908.51,5,4,5,545,Champions,Cluster_1,977.13
CUST_00701,109.7,5,3585.45,2,5,4,254,Loyal Customers,Cluster_4,717.09
CUST_00702,220.5,5,4196.78,1,5,5,155,Loyal Customers,Cluster_4,839.36
CUST_00704,35.0,3,258.05,4,4,1,441,Potential Loyalists,Cluster_2,86.02
CUST_00705,37.9,1,175.88,4,1,1,411,New Customers,Cluster_2,175.88
CUST_00706,259.9,1,597.44,1,1,1,111,Lost,Cluster_2,597.44
CUST_00707,50.0,4,2662.27,4,4,4,444,Champions,Cluster_4,665.57
CUST_00708,69.8,2,1378.52,3,2,2,322,Potential Loyalists,Cluster_3,689.26
CUST_00709,12.5,4,3507.83,5,4,4,544,Champions,Cluster_1,876.96
CUST_00710,132.5,5,4348.79,2,5,5,255,Loyal Customers,Cluster_4,869.76
CUST_00712,291.1,2,751.88,1,2,1,121,Lost,Cluster_2,375.94
CUST_00713,127.0,4,2487.43,2,4,3,243,Loyal Customers,Cluster_4,621.86
CUST_00714,2.2,6,5816.92,5,5,5,555,Champions,Cluster_1,969.49
CUST_00715,111.3,5,5692.94,2,5,5,255,Loyal Customers,Cluster_4,1138.59
CUST_00716,188.4,1,636.91,1,1,1,111,Lost,Cluster_2,636.91
CUST_00717,360.8,1,219.69,1,1,1,111,Lost,Cluster_2,219.69
CUST_00718,43.5,6,2887.46,4,5,4,454,Champions,Cluster_4,481.24
CUST_00719,40.0,5,4212.21,4,5,5,455,Champions,Cluster_4,842.44
CUST_00720,115.3,4,3417.05,2,4,4,244,Loyal Customers,Cluster_4,854.26
CUST_00721,14.0,4,2923.76,5,4,4,544,Champions,Cluster_1,730.94
CUST_00722,81.0,4,2786.22,3,4,4,344,Loyal Customers,Cluster_4,696.55
CUST_00723,220.5,1,493.64,1,1,1,111,Lost,Cluster_2,493.64
CUST_00724,66.0,4,5867.24,3,4,5,345,Loyal Customers,Cluster_4,1466.81
CUST_00725,19.8,3,3377.91,5,4,4,544,Champions,Cluster_1,1125.97
CUST_00726,5.9,6,3051.84,5,5,4,554,Champions,Cluster_1,508.64
CUST_00727,9.2,4,2125.26,5,4,3,543,Loyal Customers,Cluster_1,531.32
CUST_00728,144.6,5,5656.3,2,5,5,255,Loyal Customers,Cluster_4,1131.26
CUST_00729,170.3,2,1255.34,2,2,2,222,Lost,Cluster_3,627.67
CUST_00730,57.6,5,5765.56,4,5,5,455,Champions,Cluster_4,1153.11
CUST_00731,168.4,2,2340.0,2,2,3,223,Potential Loyalists,Cluster_3,1170.0
CUST_00732,30.1,3,2209.78,4,4,3,443,Loyal Customers,Cluster_1,736.59
CUST_00733,67.3,7,5173.59,3,5,5,355,Loyal Customers,Cluster_4,739.08
CUST_00734,4.4,5,1916.7,5,5,3,553,Loyal Customers,Cluster_1,383.34
CUST_00735,5.3,7,5624.5,5,5,5,555,Champions,Cluster_1,803.5
CUST_00736,194.5,1,1786.3,1,1,3,113,Potential Loyalists,Cluster_3,1786.3
CUST_00737,189.5,6,4793.03,1,5,5,155,Loyal Customers,Cluster_4,798.84
CUST_00738,25.1,4,3092.76,5,4,4,544,Champions,Cluster_1,773.19
CUST_00739,63.5,6,5553.22,3,5,5,355,Loyal Customers,Cluster_4,925.54
CUST_00740,23.9,6,5383.97,5,5,5,555,Champions,Cluster_4,897.33
CUST_00741,41.8,3,4332.17,4,4,5,445,Champions,Cluster_4,1444.06
CUST_00742,31.9,2,1894.31,4,2,3,423,New Customers,Cluster_3,947.15
CUST_00743,102.6,2,1906.81,3,2,3,323,Potential Loyalists,Cluster_3,953.4
CUST_00744,224.2,2,215.33,1,2,1,121,Lost,Cluster_2,107.67
CUST_00745,87.0,5,4728.38,3,5,5,355,Loyal Customers,Cluster_4,945.68
CUST_00747,50.8,4,2593.71,4,4,4,444,Champions,Cluster_4,648.43
CUST_00749,51.7,4,3877.83,4,4,5,445,Champions,Cluster_4,969.46
CUST_00750,13.9,10,7150.99,5,5,5,555,Champions,Cluster_4,715.1
CUST_00751,69.0,2,1074.8,3,2,2,322,Potential Loyalists,Cluster_3,537.4
CUST_00752,94.3,2,2539.17,3,2,3,323,Potential Loyalists,Cluster_3,1269.59
CUST_00753,121.3,1,1121.43,2,1,2,212,Lost,Cluster_2,1121.43
CUST_00754,43.4,6,5613.81,4,5,5,455,Champions,Cluster_4,935.64
CUST_00755,66.8,2,1095.09,3,2,2,322,Potential Loyalists,Cluster_3,547.54
CUST_00756,49.7,2,1403.64,4,2,2,422,New Customers,Cluster_3,701.82
CUST_00757,82.5,2,984.65,3,2,1,321,Potential Loyalists,Cluster_3,492.32
CUST_00758,330.5,2,1877.84,1,2,3,123,Potential Loyalists,Cluster_3,938.92
CUST_00759,276.7,2,2561.74,1,2,3,123,Potential Loyalists,Cluster_3,1280.87
CUST_00760,139.9,1,955.42,2,1,1,211,Lost,Cluster_2,955.42
CUST_00761,102.0,3,2950.51,3,4,4,344,Loyal Customers,Cluster_3,983.5
CUST_00762,277.0,1,160.73,1,1,1,111,Lost,Cluster_2,160.73
CUST_00763,72.2,3,2214.77,3,4,3,343,Loyal Customers,Cluster_3,738.26
CUST_00764,185.6,2,1803.22,1,2,3,123,Potential Loyalists,Cluster_3,901.61
CUST_00765,20.8,4,3832.57,5,4,5,545,Champions,Cluster_1,958.14
CUST_00766,218.4,1,175.88,1,1,1,111,Lost,Cluster_2,175.88
CUST_00767,153.0,3,1718.6,2,4,2,242,At Risk,Cluster_3,572.87
CUST_00768,108.0,3,2381.49,2,4,3,243,Loyal Customers,Cluster_3,793.83
CUST_00769,160.8,4,4071.98,2,4,5,245,Loyal Customers,Cluster_4,1018.0
CUST_00770,176.6,3,2839.4,1,4,4,144,Loyal Customers,Cluster_3,946.47
CUST_00771,7.3,8,5951.99,5,5,5,555,Champions,Cluster_1,744.0
CUST_00772,87.9,2,950.01,3,2,1,321,Potential Loyalists,Cluster_3,475.0
CUST_00773,87.4,2,805.12,3,2,1,321,Potential Loyalists,Cluster_3,402.56
CUST_00774,50.7,2,875.46,4,2,1,421,New Customers,Cluster_3,437.73
CUST_00776,106.6,2,1289.35,2,2,2,222,Lost,Cluster_3,644.67
CUST_00777,123.4,2,1775.32,2,2,3,223,Potential Loyalists,Cluster_3,887.66
CUST_00778,140.0,3,1812.82,2,4,3,243,Loyal Customers,Cluster_3,604.27
CUST_00779,19.0,3,1819.14,5,4,3,543,Loyal Customers,Cluster_1,606.38
CUST_00780,78.3,3,2883.1,3,4,4,344,Loyal Customers,Cluster_3,961.03
CUST_00781,31.3,5,2427.89,4,5,3,453,Loyal Customers,Cluster_4,485.58
CUST_00783,75.7,7,4754.98,3,5,5,355,Loyal Customers,Cluster_4,679.28
CUST_00784,230.7,1,677.81,1,1,1,111,Lost,Cluster_2,677.81
CUST_00785,29.1,4,1883.64,4,4,3,443,Loyal Customers,Cluster_1,470.91
CUST_00786,45.3,1,2376.56,4,1,3,413,New Customers,Cluster_3,2376.56
CUST_00788,13.1,3,1406.91,5,4,2,542,Potential Loyalists,Cluster_1,468.97
CUST_00789,46.4,4,1781.76,4,4,3,443,Loyal Customers,Cluster_4,445.44
CUST_00790,88.5,2,1152.62,3,2,2,322,Potential Loyalists,Cluster_3,576.31
CUST_00791,26.3,4,5534.05,5,4,5,545,Champions,Cluster_4,1383.51
CUST_00792,58.7,5,3577.31,4,5,4,454,Champions,Cluster_4,715.46
CUST_00793,245.5,4,3286.54,1,4,4,144,Loyal Customers,Cluster_4,821.63
CUST_00794,203.8,1,1090.81,1,1,2,112,Lost,Cluster_2,1090.81
CUST_00795,116.4,3,1679.85,2,4,2,242,At Risk,Cluster_3,559.95
CUST_00796,111.6,2,1985.78,2,2,3,223,Potential Loyalists,Cluster_3,992.89
CUST_00797,15.8,3,4841.74,5,4,5,545,Champions,Cluster_1,1613.91
CUST_00798,137.3,3,3417.14,2,4,4,244,Loyal Customers,Cluster_3,1139.05
CUST_00799,162.7,4,1920.33,2,4,3,243,Loyal Customers,Cluster_3,480.08
CUST_00800,49.4,1,729.84,4,1,1,411,New Customers,Cluster_2,729.84
CUST_00801,269.8,2,2545.77,1,2,3,123,Potential Loyalists,Cluster_3,1272.88
CUST_00802,37.5,3,2839.32,4,4,4,444,Champions,Cluster_1,946.44
CUST_00803,27.4,2,1855.92,4,2,3,423,New Customers,Cluster_3,927.96
CUST_00804,20.3,5,4638.63,5,5,5,555,Champions,Cluster_1,927.73
CUST_00805,11.9,7,4525.28,5,5,5,555,Champions,Cluster_1,646.47
CUST_00806,197.1,3,2294.77,1,4,3,143,Loyal Customers,Cluster_3,764.92
CUST_00807,37.6,1,112.64,4,1,1,411,New Customers,Cluster_2,112.64
CUST_00808,119.7,4,4137.7,2,4,5,245,Loyal Customers,Cluster_4,1034.42
CUST_00809,90.9,3,1540.35,3,4,2,342,Potential Loyalists,Cluster_3,513.45
CUST_00810,15.5,3,2435.64,5,4,3,543,Loyal Customers,Cluster_1,811.88
CUST_00811,174.7,4,3604.01,2,4,4,244,Loyal Customers,Cluster_4,901.0
CUST_00812,16.5,2,1705.19,5,2,2,522,New Customers,Cluster_1,852.6
CUST_00813,182.0,5,6261.05,1,5,5,155,Loyal Customers,Cluster_4,1252.21
CUST_00814,272.4,2,2194.33,1,2,3,123,Potential Loyalists,Cluster_3,1097.16
CUST_00815,105.4,1,942.97,2,1,1,211,Lost,Cluster_2,942.97
CUST_00816,16.5,6,5898.15,5,5,5,555,Champions,Cluster_1,983.02
CUST_00817,56.3,3,1471.79,4,4,2,442,Potential Loyalists,Cluster_3,490.6
CUST_00818,54.8,4,2404.26,4,4,3,443,Loyal Customers,Cluster_4,601.07
CUST_00819,63.9,2,750.49,3,2,1,321,Potential Loyalists,Cluster_3,375.25
CUST_00820,45.9,4,2743.4,4,4,4,444,Champions,Cluster_4,685.85
CUST_00821,67.0,2,1469.13,3,2,2,322,Potential Loyalists,Cluster_3,734.57
CUST_00823,41.0,4,3307.76,4,4,4,444,Champions,Cluster_4,826.94
CUST_00824,89.1,1,651.82,3,1,1,311,Potential Loyalists,Cluster_2,651.82
CUST_00825,61.0,2,888.36,3,2,1,321,Potential Loyalists,Cluster_3,444.18
CUST_00826,52.8,2,2069.0,4,2,3,423,New Customers,Cluster_3,1034.5
CUST_00827,5.3,3,4815.93,5,4,5,545,Champions,Cluster_1,1605.31
CUST_00828,11.3,6,2546.84,5,5,3,553,Loyal Customers,Cluster_1,424.47
CUST_00829,31.0,5,3319.52,4,5,4,454,Champions,Cluster_4,663.9
CUST_00830,224.8,2,1518.68,1,2,2,122,Lost,Cluster_3,759.34
CUST_00831,71.7,2,2673.56,3,2,4,324,Potential Loyalists,Cluster_3,1336.78
CUST_00832,1.4,2,1140.15,5,2,2,522,New Customers,Cluster_1,570.08
CUST_00833,222.0,3,961.38,1,4,1,141,At Risk,Cluster_3,320.46
CUST_00834,99.0,2,1810.4,3,2,3,323,Potential Loyalists,Cluster_3,905.2
CUST_00835,28.8,2,1534.12,4,2,2,422,New Customers,Cluster_3,767.06
CUST_00836,73.3,4,2756.13,3,4,4,344,Loyal Customers,Cluster_4,689.03
CUST_00837,223.6,1,17.38,1,1,1,111,Lost,Cluster_2,17.38
CUST_00838,54.2,3,2626.27,4,4,4,444,Champions,Cluster_3,875.42
CUST_00839,10.1,4,2469.84,5,4,3,543,Loyal Customers,Cluster_1,617.46
CUST_00840,184.6,1,1088.97,1,1,2,112,Lost,Cluster_2,1088.97
CUST_00841,21.3,5,4161.32,5,5,5,555,Champions,Cluster_1,832.26
CUST_00842,87.6,4,2313.37,3,4,3,343,Loyal Customers,Cluster_4,578.34
CUST_00843,257.9,3,2556.73,1,4,3,143,Loyal Customers,Cluster_3,852.24
CUST_00844,16.4,3,2844.82,5,4,4,544,Champions,Cluster_1,948.27
CUST_00846,192.4,4,4023.81,1,4,5,145,Loyal Customers,Cluster_4,1005.95
CUST_00847,50.1,3,3250.01,4,4,4,444,Champions,Cluster_4,1083.34
CUST_00848,111.8,3,1805.63,2,4,3,243,Loyal Customers,Cluster_3,601.88
CUST_00849,191.8,4,3792.22,1,4,5,145,Loyal Customers,Cluster_4,948.05
CUST_00850,55.5,4,3351.45,4,4,4,444,Champions,Cluster_4,837.86
CUST_00851,30.1,2,2558.92,4,2,3,423,New Customers,Cluster_3,1279.46
CUST_00852,0.7,2,2007.04,5,2,3,523,New Customers,Cluster_1,1003.52
CUST_00853,258.6,2,406.12,1,2,1,121,Lost,Cluster_2,203.06
CUST_00854,141.8,4,1772.23,2,4,2,242,At Risk,Cluster_3,443.06
CUST_00855,47.4,4,1506.31,4,4,2,442,Potential Loyalists,Cluster_4,376.58
CUST_00856,287.7,1,91.86,1,1,1,111,Lost,Cluster_2,91.86
CUST_00857,72.8,4,2299.41,3,4,3,343,Loyal Customers,Cluster_4,574.85
CUST_00858,83.5,1,219.76,3,1,1,311,Potential Loyalists,Cluster_2,219.76
CUST_00859,4.8,3,2342.92,5,4,3,543,Loyal Customers,Cluster_1,780.97
CUST_00860,18.2,5,3759.02,5,5,5,555,Champions,Cluster_1,751.8
CUST_00861,87.5,3,3054.83,3,4,4,344,Loyal Customers,Cluster_3,1018.28
CUST_00862,84.5,1,291.79,3,1,1,311,Potential Loyalists,Cluster_2,291.79
CUST_00863,36.6,3,2355.86,4,4,3,443,Loyal Customers,Cluster_1,785.29
CUST_00864,141.6,3,1346.01,2,4,2,242,At Risk,Cluster_3,448.67
CUST_00865,263.2,1,370.44,1,1,1,111,Lost,Cluster_2,370.44
CUST_00866,323.0,1,1398.81,1,1,2,112,Lost,Cluster_2,1398.81
CUST_00867,307.7,1,1571.98,1,1,2,112,Lost,Cluster_2,1571.98
CUST_00868,5.2,2,1968.38,5,2,3,523,New Customers,Cluster_1,984.19
CUST_00869,37.3,4,2097.46,4,4,3,443,Loyal Customers,Cluster_4,524.37
CUST_00870,88.5,2,490.08,3,2,1,321,Potential Loyalists,Cluster_2,245.04
CUST_00871,189.1,2,2058.94,1,2,3,123,Potential Loyalists,Cluster_3,1029.47
CUST_00872,138.7,3,2123.4,2,4,3,243,Loyal Customers,Cluster_3,707.8
CUST_00873,246.6,1,62.22,1,1,1,111,Lost,Cluster_2,62.22
CUST_00874,30.1,3,2447.71,4,4,3,443,Loyal Customers,Cluster_1,815.9
CUST_00875,158.6,1,186.66,2,1,1,211,Lost,Cluster_2,186.66
CUST_00876,167.5,2,896.55,2,2,1,221,Lost,Cluster_3,448.27
CUST_00877,78.2,5,4296.42,3,5,5,355,Loyal Customers,Cluster_4,859.28
CUST_00878,21.7,4,4816.03,5,4,5,545,Champions,Cluster_1,1204.01
CUST_00879,43.8,2,1226.2,4,2,2,422,New Customers,Cluster_3,613.1
CUST_00882,70.6,4,3317.48,3,4,4,344,Loyal Customers,Cluster_4,829.37
CUST_00883,72.8,1,2624.23,3,1,4,314,Potential Loyalists,Cluster_3,2624.23
CUST_00884,52.4,2,1244.34,4,2,2,422,New Customers,Cluster_3,622.17
CUST_00885,136.2,1,989.92,2,1,1,211,Lost,Cluster_2,989.92
CUST_00886,162.1,4,2340.42,2,4,3,243,Loyal Customers,Cluster_4,585.11
CUST_00887,57.0,3,261.69,4,4,1,441,Potential Loyalists,Cluster_2,87.23
CUST_00888,97.7,3,1597.97,3,4,2,342,Potential Loyalists,Cluster_3,532.66
CUST_00889,133.2,3,2715.59,2,4,4,244,Loyal Customers,Cluster_3,905.2
CUST_00890,6.5,5,4572.55,5,5,5,555,Champions,Cluster_1,914.51
CUST_00891,80.8,3,1852.96,3,4,3,343,Loyal Customers,Cluster_3,617.65
CUST_00892,69.7,4,2326.76,3,4,3,343,Loyal Customers,Cluster_4,581.69
CUST_00893,108.8,4,3335.05,2,4,4,244,Loyal Customers,Cluster_4,833.76
CUST_00895,70.1,2,904.25,3,2,1,321,Potential Loyalists,Cluster_3,452.12
CUST_00896,18.7,4,4388.75,5,4,5,545,Champions,Cluster_1,1097.19
CUST_00897,59.5,3,1063.31,3,4,2,342,Potential Loyalists,Cluster_3,354.44
CUST_00898,34.5,4,2193.04,4,4,3,443,Loyal Customers,Cluster_1,548.26
CUST_00899,92.9,2,1629.84,3,2,2,322,Potential Loyalists,Cluster_3,814.92
CUST_00900,6.6,2,2011.2,5,2,3,523,New Customers,Cluster_1,1005.6
CUST_00901,57.4,3,1557.18,4,4,2,442,Potential Loyalists,Cluster_3,519.06
CUST_00902,104.5,2,781.38,2,2,1,221,Lost,Cluster_3,390.69
CUST_00903,103.1,6,5013.43,3,5,5,355,Loyal Customers,Cluster_4,835.57
CUST_00904,94.6,6,3630.41,3,5,4,354,Loyal Customers,Cluster_4,605.07
CUST_00905,79.4,6,3326.67,3,5,4,354,Loyal Customers,Cluster_4,554.45
CUST_00906,272.0,1,1225.82,1,1,2,112,Lost,Cluster_2,1225.82
CUST_00907,22.9,3,2630.42,5,4,4,544,Champions,Cluster_1,876.81
CUST_00908,365.8,1,1595.59,1,1,2,112,Lost,Cluster_2,1595.59
CUST_00909,47.0,7,5444.4,4,5,5,455,Champions,Cluster_4,777.77
CUST_00910,48.8,4,2921.37,4,4,4,444,Champions,Cluster_4,730.34
CUST_00911,19.7,7,5714.67,5,5,5,555,Champions,Cluster_4,816.38
CUST_00912,83.5,2,2329.05,3,2,3,323,Potential Loyalists,Cluster_3,1164.53
CUST_00913,41.8,5,2722.05,4,5,4,454,Champions,Cluster_4,544.41
CUST_00914,38.1,4,1488.97,4,4,2,442,Potential Loyalists,Cluster_1,372.24
CUST_00916,38.0,2,674.47,4,2,1,421,New Customers,Cluster_2,337.24
CUST_00917,98.4,3,2304.45,3,4,3,343,Loyal Customers,Cluster_3,768.15
CUST_00918,168.9,1,453.99,2,1,1,211,Lost,Cluster_2,453.99
CUST_00919,37.0,3,6672.86,4,4,5,445,Champions,Cluster_4,2224.29
CUST_00920,70.0,4,4584.23,3,4,5,345,Loyal Customers,Cluster_4,1146.06
CUST_00921,75.3,4,1449.01,3,4,2,342,Potential Loyalists,Cluster_3,362.25
CUST_00922,0.4,3,1938.21,5,4,3,543,Loyal Customers,Cluster_1,646.07
CUST_00923,102.8,2,1322.58,3,2,2,322,Potential Loyalists,Cluster_3,661.29
CUST_00924,44.4,6,4054.46,4,5,5,455,Champions,Cluster_4,675.74
CUST_00925,32.0,6,4941.72,4,5,5,455,Champions,Cluster_4,823.62
CUST_00926,123.4,3,2797.62,2,4,4,244,Loyal Customers,Cluster_3,932.54
CUST_00927,38.5,4,2761.35,4,4,4,444,Champions,Cluster_4,690.34
CUST_00929,177.9,2,2134.61,1,2,3,123,Potential Loyalists,Cluster_3,1067.31
CUST_00930,85.1,1,702.4,3,1,1,311,Potential Loyalists,Cluster_2,702.4
CUST_00931,15.1,2,1002.55,5,2,1,521,New Customers,Cluster_1,501.27
CUST_00932,203.9,2,1528.56,1,2,2,122,Lost,Cluster_3,764.28
CUST_00933,207.7,6,5896.88,1,5,5,155,Loyal Customers,Cluster_4,982.81
CUST_00934,23.9,3,2839.39,5,4,4,544,Champions,Cluster_1,946.46
CUST_00935,164.1,2,1453.98,2,2,2,222,Lost,Cluster_3,726.99
CUST_00936,221.6,1,1426.11,1,1,2,112,Lost,Cluster_2,1426.11
CUST_00937,3.7,4,4071.08,5,4,5,545,Champions,Cluster_1,1017.77
CUST_00938,6.6,4,3197.07,5,4,4,544,Champions,Cluster_1,799.27
CUST_00939,85.9,2,3822.86,3,2,5,325,Potential Loyalists,Cluster_3,1911.43
CUST_00940,1.6,4,1535.59,5,4,2,542,Potential Loyalists,Cluster_1,383.9
CUST_00941,138.3,5,3864.45,2,5,5,255,Loyal Customers,Cluster_4,772.89
CUST_00942,108.8,2,948.71,2,2,1,221,Lost,Cluster_3,474.36
CUST_00943,171.7,3,1310.35,2,4,2,242,At Risk,Cluster_3,436.78
CUST_00944,184.8,2,1823.97,1,2,3,123,Potential Loyalists,Cluster_3,911.99
CUST_00945,247.6,3,2163.29,1,4,3,143,Loyal Customers,Cluster_3,721.1
CUST_00946,134.4,1,990.3,2,1,1,211,Lost,Cluster_2,990.3
CUST_00947,159.5,3,2736.83,2,4,4,244,Loyal Customers,Cluster_3,912.28
CUST_00948,206.5,3,3095.13,1,4,4,144,Loyal Customers,Cluster_3,1031.71
CUST_00949,88.1,3,4597.67,3,4,5,345,Loyal Customers,Cluster_4,1532.56
CUST_00950,26.2,3,3605.77,5,4,4,544,Champions,Cluster_1,1201.92
CUST_00951,40.3,4,1779.66,4,4,3,443,Loyal Customers,Cluster_4,444.92
CUST_00953,132.3,6,9490.02,2,5,5,255,Loyal Customers,Cluster_4,1581.67
CUST_00955,6.8,4,2684.63,5,4,4,544,Champions,Cluster_1,671.16
CUST_00956,261.9,3,2007.53,1,4,3,143,Loyal Customers,Cluster_3,669.18
CUST_00957,337.0,1,32.85,1,1,1,111,Lost,Cluster_2,32.85
CUST_00958,11.1,4,2204.02,5,4,3,543,Loyal Customers,Cluster_1,551.0
CUST_00959,42.6,1,3857.98,4,1,5,415,New Customers,Cluster_3,3857.98
CUST_00960,79.6,3,997.2,3,4,1,341,Potential Loyalists,Cluster_3,332.4
CUST_00961,212.2,2,258.44,1,2,1,121,Lost,Cluster_2,129.22
CUST_00962,6.5,6,4227.14,5,5,5,555,Champions,Cluster_1,704.52
CUST_00963,104.7,4,4249.17,2,4,5,245,Loyal Customers,Cluster_4,1062.29
CUST_00964,17.4,5,3931.0,5,5,5,555,Champions,Cluster_1,786.2
CUST_00965,250.5,1,375.57,1,1,1,111,Lost,Cluster_2,375.57
CUST_00966,150.3,4,3877.23,2,4,5,245,Loyal Customers,Cluster_4,969.31
CUST_00967,2.7,1,932.85,5,1,1,511,New Customers,Cluster_1,932.85
CUST_00968,32.9,5,3913.57,4,5,5,455,Champions,Cluster_4,782.71
CUST_00969,301.4,4,3337.76,1,4,4,144,Loyal Customers,Cluster_4,834.44
CUST_00970,89.4,3,2112.66,3,4,3,343,Loyal Customers,Cluster_3,704.22
CUST_00971,50.1,2,2713.95,4,2,4,424,New Customers,Cluster_3,1356.97
CUST_00973,193.5,2,1486.58,1,2,2,122,Lost,Cluster_3,743.29
CUST_00974,100.8,1,831.15,3,1,1,311,Potential Loyalists,Cluster_2,831.15
CUST_00975,137.3,1,1157.18,2,1,2,212,Lost,Cluster_2,1157.18
CUST_00976,7.4,5,4406.21,5,5,5,555,Champions,Cluster_1,881.24
CUST_00978,124.9,6,5808.7,2,5,5,255,Loyal Customers,Cluster_4,968.12
CUST_00979,241.5,1,625.81,1,1,1,111,Lost,Cluster_2,625.81
CUST_00980,179.3,1,1422.01,1,1,2,112,Lost,Cluster_2,1422.01
CUST_00981,48.5,5,2200.58,4,5,3,453,Loyal Customers,Cluster_4,440.12
CUST_00982,22.1,3,2674.78,5,4,4,544,Champions,Cluster_1,891.59
CUST_00983,196.4,1,807.53,1,1,1,111,Lost,Cluster_2,807.53
CUST_00984,190.7,1,846.02,1,1,1,111,Lost,Cluster_2,846.02
CUST_00985,16.6,4,2425.29,5,4,3,543,Loyal Customers,Cluster_1,606.32
CUST_00986,137.8,3,3194.5,2,4,4,244,Loyal Customers,Cluster_3,1064.83
CUST_00987,160.0,5,1953.56,2,5,3,253,Loyal Customers,Cluster_4,390.71
CUST_00988,81.4,3,2291.73,3,4,3,343,Loyal Customers,Cluster_3,763.91
CUST_00989,28.4,1,560.57,4,1,1,411,New Customers,Cluster_2,560.57
CUST_00990,180.0,1,714.15,1,1,1,111,Lost,Cluster_2,714.15
CUST_00991,31.4,4,1589.16,4,4,2,442,Potential Loyalists,Cluster_1,397.29
CUST_00993,353.7,1,466.03,1,1,1,111,Lost,Cluster_2,466.03
CUST_00994,33.2,6,4566.91,4,5,5,455,Champions,Cluster_4,761.15
CUST_00995,138.5,4,4814.44,2,4,5,245,Loyal Customers,Cluster_4,1203.61
CUST_00996,45.4,3,888.91,4,4,1,441,Potential Loyalists,Cluster_3,296.3
CUST_00997,13.9,4,3117.24,5,4,4,544,Champions,Cluster_1,779.31
CUST_00998,12.9,2,1681.74,5,2,2,522,New Customers,Cluster_1,840.87
CUST_00999,74.5,2,401.67,3,2,1,321,Potential Loyalists,Cluster_2,200.84
CUST_01000,9.2,4,2192.53,5,4,3,543,Loyal Customers,Cluster_1,548.13
CUST_01001,141.7,6,8821.33,2,5,5,255,Loyal Customers,Cluster_4,1470.22
CUST_01002,8.3,4,2919.05,5,4,4,544,Champions,Cluster_1,729.76
CUST_01003,72.0,4,3808.39,3,4,5,345,Loyal Customers,Cluster_4,952.1
CUST_01004,277.3,1,2035.6,1,1,3,113,Potential Loyalists,Cluster_3,2035.6
CUST_01005,83.9,4,4787.12,3,4,5,345,Loyal Customers,Cluster_4,1196.78
CUST_01006,179.6,2,1727.77,1,2,2,122,Lost,Cluster_3,863.88
CUST_01007,114.6,4,3175.88,2,4,4,244,Loyal Customers,Cluster_4,793.97
CUST_01008,217.2,2,1738.24,1,2,2,122,Lost,Cluster_3,869.12
CUST_01009,67.6,1,817.85,3,1,1,311,Potential Loyalists,Cluster_2,817.85
CUST_01010,126.2,4,2321.26,2,4,3,243,Loyal Customers,Cluster_4,580.32
CUST_01011,86.0,4,7263.98,3,4,5,345,Loyal Customers,Cluster_4,1815.99
CUST_01012,44.9,2,893.75,4,2,1,421,New Customers,Cluster_3,446.88
CUST_01013,39.8,4,2484.71,4,4,3,443,Loyal Customers,Cluster_4,621.18
CUST_01014,107.2,4,2863.94,2,4,4,244,Loyal Customers,Cluster_4,715.99
CUST_01015,258.4,1,924.84,1,1,1,111,Lost,Cluster_2,924.84
CUST_01016,238.9,3,1563.7,1,4,2,142,At Risk,Cluster_3,521.23
CUST_01017,29.9,8,4757.37,4,5,5,455,Champions,Cluster_4,594.67
CUST_01018,54.7,3,1455.43,4,4,2,442,Potential Loyalists,Cluster_3,485.14
CUST_01019,42.0,10,6372.73,4,5,5,455,Champions,Cluster_4,637.27
CUST_01020,94.6,6,5067.53,3,5,5,355,Loyal Customers,Cluster_4,844.59
CUST_01021,9.7,3,2324.94,5,4,3,543,Loyal Customers,Cluster_1,774.98
CUST_01022,106.7,2,772.37,2,2,1,221,Lost,Cluster_3,386.19
CUST_01023,41.2,2,2035.92,4,2,3,423,New Customers,Cluster_3,1017.96
CUST_01024,43.0,3,2137.22,4,4,3,443,Loyal Customers,Cluster_3,712.41
CUST_01025,42.9,7,7950.25,4,5,5,455,Champions,Cluster_4,1135.75
CUST_01026,321.5,2,1350.28,1,2,2,122,Lost,Cluster_3,675.14
CUST_01027,99.8,3,2084.64,3,4,3,343,Loyal Customers,Cluster_3,694.88
CUST_01028,169.0,1,1441.27,2,1,2,212,Lost,Cluster_2,1441.27
CUST_01029,186.7,2,1453.17,1,2,2,122,Lost,Cluster_3,726.59
CUST_01030,20.0,5,2943.37,5,5,4,554,Champions,Cluster_1,588.67
CUST_01031,0.8,2,3116.43,5,2,4,524,New Customers,Cluster_1,1558.21
CUST_01032,96.3,2,1197.77,3,2,2,322,Potential Loyalists,Cluster_3,598.88
CUST_01033,17.8,7,3053.33,5,5,4,554,Champions,Cluster_1,436.19
CUST_01034,175.2,4,3691.62,2,4,5,245,Loyal Customers,Cluster_4,922.9
CUST_01035,175.3,2,1303.68,2,2,2,222,Lost,Cluster_3,651.84
CUST_01036,97.3,3,1220.15,3,4,2,342,Potential Loyalists,Cluster_3,406.72
CUST_01037,97.5,2,2853.54,3,2,4,324,Potential Loyalists,Cluster_3,1426.77
CUST_01038,22.4,3,2239.62,5,4,3,543,Loyal Customers,Cluster_1,746.54
CUST_01039,212.3,2,327.7,1,2,1,121,Lost,Cluster_2,163.85
CUST_01040,141.7,2,4822.52,2,2,5,225,Potential Loyalists,Cluster_3,2411.26
CUST_01041,187.5,2,256.65,1,2,1,121,Lost,Cluster_2,128.32
CUST_01042,103.3,2,659.5,3,2,1,321,Potential Loyalists,Cluster_2,329.75
CUST_01043,48.9,4,2403.04,4,4,3,443,Loyal Customers,Cluster_4,600.76
CUST_01044,3.1,4,1634.03,5,4,2,542,Potential Loyalists,Cluster_1,408.51
CUST_01045,220.6,2,242.83,1,2,1,121,Lost,Cluster_2,121.42
CUST_01046,3.4,3,2301.55,5,4,3,543,Loyal Customers,Cluster_1,767.18
CUST_01047,249.1,3,2627.89,1,4,4,144,Loyal Customers,Cluster_3,875.96
CUST_01048,66.5,1,472.93,3,1,1,311,Potential Loyalists,Cluster_2,472.93
CUST_01049,289.4,1,1073.13,1,1,2,112,Lost,Cluster_2,1073.13
CUST_01050,228.0,1,236.53,1,1,1,111,Lost,Cluster_2,236.53
CUST_01051,75.8,2,3874.74,3,2,5,325,Potential Loyalists,Cluster_3,1937.37
CUST_01053,316.2,1,373.06,1,1,1,111,Lost,Cluster_2,373.06
CUST_01054,86.9,3,2352.74,3,4,3,343,Loyal Customers,Cluster_3,784.25
CUST_01055,60.9,1,52.14,3,1,1,311,Potential Loyalists,Cluster_2,52.14
CUST_01056,24.8,2,950.7,5,2,1,521,New Customers,Cluster_3,475.35
CUST_01057,11.5,3,1220.92,5,4,2,542,Potential Loyalists,Cluster_1,406.97
CUST_01058,23.5,4,1722.73,5,4,2,542,Potential Loyalists,Cluster_1,430.68
CUST_01059,212.5,3,1186.46,1,4,2,142,At Risk,Cluster_3,395.49
CUST_01060,33.2,6,6936.35,4,5,5,455,Champions,Cluster_4,1156.06
CUST_01061,266.8,2,1226.08,1,2,2,122,Lost,Cluster_3,613.04
CUST_01062,266.0,4,4295.73,1,4,5,145,Loyal Customers,Cluster_4,1073.93
CUST_01063,15.6,3,2035.29,5,4,3,543,Loyal Customers,Cluster_1,678.43
CUST_01064,3.4,1,151.51,5,1,1,511,New Customers,Cluster_2,151.51
CUST_01065,225.8,3,1863.38,1,4,3,143,Loyal Customers,Cluster_3,621.13
CUST_01066,40.8,2,834.29,4,2,1,421,New Customers,Cluster_3,417.14
CUST_01067,76.0,2,1357.05,3,2,2,322,Potential Loyalists,Cluster_3,678.52
CUST_01068,149.8,2,938.62,2,2,1,221,Lost,Cluster_3,469.31
CUST_01069,169.4,5,2504.94,2,5,3,253,Loyal Customers,Cluster_4,500.99
CUST_01070,244.2,2,2245.88,1,2,3,123,Potential Loyalists,Cluster_3,1122.94
CUST_01072,278.9,1,648.4,1,1,1,111,Lost,Cluster_2,648.4
CUST_01073,26.3,3,490.49,5,4,1,541,Potential Loyalists,Cluster_3,163.5
CUST_01074,86.8,3,2009.8,3,4,3,343,Loyal Customers,Cluster_3,669.93
CUST_01076,51.3,2,720.49,4,2,1,421,New Customers,Cluster_3,360.25
CUST_01077,348.9,1,387.32,1,1,1,111,Lost,Cluster_2,387.32
CUST_01078,67.5,4,2943.44,3,4,4,344,Loyal Customers,Cluster_4,735.86
CUST_01079,128.0,5,3615.8,2,5,4,254,Loyal Customers,Cluster_4,723.16
CUST_01080,357.2,1,1407.04,1,1,2,112,Lost,Cluster_2,1407.04
CUST_01081,82.8,3,3551.05,3,4,4,344,Loyal Customers,Cluster_4,1183.68
CUST_01082,169.7,1,1200.2,2,1,2,212,Lost,Cluster_2,1200.2
CUST_01083,67.7,5,4373.35,3,5,5,355,Loyal Customers,Cluster_4,874.67
CUST_01084,36.8,6,7512.98,4,5,5,455,Champions,Cluster_4,1252.16
CUST_01085,33.6,3,2953.44,4,4,4,444,Champions,Cluster_1,984.48
CUST_01086,34.9,6,3896.9,4,5,5,455,Champions,Cluster_4,649.48
CUST_01088,51.1,3,2586.68,4,4,4,444,Champions,Cluster_3,862.23
CUST_01089,4.0,5,3332.59,5,5,4,554,Champions,Cluster_1,666.52
CUST_01090,57.3,3,861.48,4,4,1,441,Potential Loyalists,Cluster_3,287.16
CUST_01091,64.3,2,1607.33,3,2,2,322,Potential Loyalists,Cluster_3,803.66
CUST_01092,10.2,2,2986.0,5,2,4,524,New Customers,Cluster_1,1493.0
CUST_01093,5.7,4,2232.94,5,4,3,543,Loyal Customers,Cluster_1,558.24
CUST_01094,74.7,4,3467.3,3,4,4,344,Loyal Customers,Cluster_4,866.83
CUST_01095,57.3,3,758.76,4,4,1,441,Potential Loyalists,Cluster_3,252.92
CUST_01096,122.3,4,3288.83,2,4,4,244,Loyal Customers,Cluster_4,822.21
CUST_01097,314.7,2,2066.55,1,2,3,123,Potential Loyalists,Cluster_3,1033.28
CUST_01098,94.7,1,1008.02,3,1,1,311,Potential Loyalists,Cluster_2,1008.02
CUST_01099,85.7,2,1025.04,3,2,1,321,Potential Loyalists,Cluster_3,512.52
CUST_01100,147.3,6,3667.13,2,5,4,254,Loyal Customers,Cluster_4,611.19
CUST_01101,81.4,2,1922.99,3,2,3,323,Potential Loyalists,Cluster_3,961.5
CUST_01102,330.8,1,625.15,1,1,1,111,Lost,Cluster_2,625.15
CUST_01103,78.2,3,724.93,3,4,1,341,Potential Loyalists,Cluster_3,241.64
CUST_01104,23.1,7,9254.23,5,5,5,555,Champions,Cluster_4,1322.03
CUST_01105,25.4,6,6836.19,5,5,5,555,Champions,Cluster_4,1139.37
CUST_01106,31.2,3,1912.69,4,4,3,443,Loyal Customers,Cluster_1,637.56
CUST_01107,126.8,4,3566.91,2,4,4,244,Loyal Customers,Cluster_4,891.73
CUST_01108,58.6,2,875.6,4,2,1,421,New Customers,Cluster_3,437.8
CUST_01109,157.8,2,1769.89,2,2,2,222,Lost,Cluster_3,884.95
CUST_01110,185.6,1,186.53,1,1,1,111,Lost,Cluster_2,186.53
CUST_01111,163.1,1,218.65,2,1,1,211,Lost,Cluster_2,218.65
CUST_01112,26.3,4,5265.12,5,4,5,545,Champions,Cluster_1,1316.28
CUST_01113,49.1,2,360.62,4,2,1,421,New Customers,Cluster_2,180.31
CUST_01114,138.3,2,850.86,2,2,1,221,Lost,Cluster_3,425.43
CUST_01115,162.6,1,159.49,2,1,1,211,Lost,Cluster_2,159.49
CUST_01116,166.7,3,1293.77,2,4,2,242,At Risk,Cluster_3,431.26
CUST_01117,43.5,3,1617.9,4,4,2,442,Potential Loyalists,Cluster_3,539.3
CUST_01118,147.3,3,3077.4,2,4,4,244,Loyal Customers,Cluster_3,1025.8
CUST_01120,142.0,4,2902.2,2,4,4,244,Loyal Customers,Cluster_4,725.55
CUST_01121,254.2,1,282.26,1,1,1,111,Lost,Cluster_2,282.26
CUST_01122,23.2,5,3002.42,5,5,4,554,Champions,Cluster_1,600.48
CUST_01123,187.8,3,2458.07,1,4,3,143,Loyal Customers,Cluster_3,819.36
CUST_01124,4.8,6,2906.76,5,5,4,554,Champions,Cluster_1,484.46
CUST_01125,117.7,6,3081.25,2,5,4,254,Loyal Customers,Cluster_4,513.54
CUST_01126,75.9,5,3302.31,3,5,4,354,Loyal Customers,Cluster_4,660.46
CUST_01127,10.1,4,3067.34,5,4,4,544,Champions,Cluster_1,766.84
CUST_01128,135.1,4,1915.88,2,4,3,243,Loyal Customers,Cluster_3,478.97
CUST_01129,129.7,2,3452.64,2,2,4,224,Potential Loyalists,Cluster_3,1726.32
CUST_01130,14.6,2,1005.45,5,2,1,521,New Customers,Cluster_1,502.73
CUST_01131,9.1,5,4238.6,5,5,5,555,Champions,Cluster_1,847.72
CUST_01132,37.0,4,2822.88,4,4,4,444,Champions,Cluster_4,705.72
CUST_01133,6.1,5,4254.61,5,5,5,555,Champions,Cluster_1,850.92
CUST_01134,92.3,3,3315.51,3,4,4,344,Loyal Customers,Cluster_3,1105.17
CUST_01135,80.1,4,4817.54,3,4,5,345,Loyal Customers,Cluster_4,1204.38
CUST_01136,29.3,3,3950.73,4,4,5,445,Champions,Cluster_1,1316.91
CUST_01137,140.8,3,2576.09,2,4,3,243,Loyal Customers,Cluster_3,858.7
CUST_01138,5.9,4,4762.99,5,4,5,545,Champions,Cluster_1,1190.75
CUST_01139,268.1,3,1981.14,1,4,3,143,Loyal Customers,Cluster_3,660.38
CUST_01140,38.8,3,2079.6,4,4,3,443,Loyal Customers,Cluster_3,693.2
CUST_01141,74.5,4,2767.48,3,4,4,344,Loyal Customers,Cluster_4,691.87
CUST_01142,111.7,2,1956.56,2,2,3,223,Potential Loyalists,Cluster_3,978.28
CUST_01143,242.0,2,1065.34,1,2,2,122,Lost,Cluster_3,532.67
CUST_01144,334.9,1,1442.66,1,1,2,112,Lost,Cluster_2,1442.66
CUST_01145,24.9,5,2876.68,5,5,4,554,Champions,Cluster_1,575.34
CUST_01146,16.4,4,1244.02,5,4,2,542,Potential Loyalists,Cluster_1,311.0
CUST_01147,30.8,2,2516.63,4,2,3,423,New Customers,Cluster_3,1258.32
CUST_01148,27.0,2,569.54,5,2,1,521,New Customers,Cluster_2,284.77
CUST_01149,39.5,3,2183.57,4,4,3,443,Loyal Customers,Cluster_3,727.86
CUST_01150,32.5,3,1514.26,4,4,2,442,Potential Loyalists,Cluster_3,504.75
CUST_01151,75.6,5,1686.19,3,5,2,352,Potential Loyalists,Cluster_4,337.24
CUST_01152,134.2,2,633.73,2,2,1,221,Lost,Cluster_2,316.87
CUST_01153,262.8,2,1904.98,1,2,3,123,Potential Loyalists,Cluster_3,952.49
CUST_01154,187.0,3,1436.59,1,4,2,142,At Risk,Cluster_3,478.86
CUST_01155,63.8,4,2900.61,3,4,4,344,Loyal Customers,Cluster_4,725.15
CUST_01156,177.3,2,492.76,1,2,1,121,Lost,Cluster_2,246.38
CUST_01157,65.6,4,1632.05,3,4,2,342,Potential Loyalists,Cluster_4,408.01
CUST_01158,142.8,1,562.46,2,1,1,211,Lost,Cluster_2,562.46
CUST_01159,84.0,4,4254.96,3,4,5,345,Loyal Customers,Cluster_4,1063.74
CUST_01160,47.6,4,1141.93,4,4,2,442,Potential Loyalists,Cluster_3,285.48
CUST_01161,143.0,3,1461.03,2,4,2,242,At Risk,Cluster_3,487.01
CUST_01162,132.3,2,1242.51,2,2,2,222,Lost,Cluster_3,621.25
CUST_01163,283.0,1,1352.94,1,1,2,112,Lost,Cluster_2,1352.94
CUST_01164,37.5,3,402.16,4,4,1,441,Potential Loyalists,Cluster_2,134.05
CUST_01165,101.4,6,4477.51,3,5,5,355,Loyal Customers,Cluster_4,746.25
CUST_01166,84.0,3,2711.45,3,4,4,344,Loyal Customers,Cluster_3,903.82
CUST_01167,33.8,2,2505.18,4,2,3,423,New Customers,Cluster_3,1252.59
CUST_01168,223.1,5,3296.82,1,5,4,154,Loyal Customers,Cluster_4,659.36
CUST_01169,57.3,3,1395.66,4,4,2,442,Potential Loyalists,Cluster_3,465.22
CUST_01170,96.5,2,2895.11,3,2,4,324,Potential Loyalists,Cluster_3,1447.56
CUST_01171,274.9,1,206.48,1,1,1,111,Lost,Cluster_2,206.48
CUST_01172,186.8,3,3190.17,1,4,4,144,Loyal Customers,Cluster_3,1063.39
CUST_01173,64.7,1,304.9,3,1,1,311,Potential Loyalists,Cluster_2,304.9
CUST_01174,89.6,4,4076.73,3,4,5,345,Loyal Customers,Cluster_4,1019.18
CUST_01175,278.3,2,2017.52,1,2,3,123,Potential Loyalists,Cluster_3,1008.76
CUST_01176,207.2,4,4101.42,1,4,5,145,Loyal Customers,Cluster_4,1025.36
CUST_01177,200.1,4,3681.53,1,4,5,145,Loyal Customers,Cluster_4,920.38
CUST_01178,32.6,3,3136.98,4,4,4,444,Champions,Cluster_1,1045.66
CUST_01179,96.9,5,3966.06,3,5,5,355,Loyal Customers,Cluster_4,793.21
CUST_01180,81.9,2,3061.07,3,2,4,324,Potential Loyalists,Cluster_3,1530.54
CUST_01181,67.1,2,2223.08,3,2,3,323,Potential Loyalists,Cluster_3,1111.54
CUST_01182,1.2,2,1456.55,5,2,2,522,New Customers,Cluster_1,728.27
CUST_01183,5.9,4,2761.73,5,4,4,544,Champions,Cluster_1,690.43
CUST_01184,171.3,3,2585.49,2,4,4,244,Loyal Customers,Cluster_3,861.83
CUST_01185,71.8,8,4067.4,3,5,5,355,Loyal Customers,Cluster_4,508.43
CUST_01186,25.5,2,1780.36,5,2,3,523,New Customers,Cluster_3,890.18
CUST_01187,5.7,5,3938.26,5,5,5,555,Champions,Cluster_1,787.65
CUST_01188,7.8,8,4212.03,5,5,5,555,Champions,Cluster_1,526.5
CUST_01189,54.8,1,1203.93,4,1,2,412,New Customers,Cluster_2,1203.93
CUST_01190,364.2,1,1329.67,1,1,2,112,Lost,Cluster_2,1329.67
CUST_01191,17.1,4,3079.72,5,4,4,544,Champions,Cluster_1,769.93
CUST_01192,91.8,3,3229.6,3,4,4,344,Loyal Customers,Cluster_3,1076.53
CUST_01193,109.8,3,2450.38,2,4,3,243,Loyal Customers,Cluster_3,816.79
CUST_01194,43.2,6,3992.65,4,5,5,455,Champions,Cluster_4,665.44
CUST_01196,107.1,6,5029.6,2,5,5,255,Loyal Customers,Cluster_4,838.27
CUST_01197,76.5,1,940.25,3,1,1,311,Potential Loyalists,Cluster_2,940.25
CUST_01198,190.5,2,1138.28,1,2,2,122,Lost,Cluster_3,569.14
CUST_01199,232.3,2,2025.1,1,2,3,123,Potential Loyalists,Cluster_3,1012.55
CUST_01200,64.5,3,1393.86,3,4,2,342,Potential Loyalists,Cluster_3,464.62
CUST_01201,221.6,2,3563.26,1,2,4,124,Potential Loyalists,Cluster_3,1781.63
CUST_01202,227.4,1,830.59,1,1,1,111,Lost,Cluster_2,830.59
CUST_01203,115.5,2,490.98,2,2,1,221,Lost,Cluster_2,245.49
CUST_01204,127.8,2,2073.49,2,2,3,223,Potential Loyalists,Cluster_3,1036.74
CUST_01205,59.4,7,4736.67,3,5,5,355,Loyal Customers,Cluster_4,676.67
CUST_01206,86.4,4,3968.22,3,4,5,345,Loyal Customers,Cluster_4,992.05
CUST_01207,38.8,5,5128.53,4,5,5,455,Champions,Cluster_4,1025.71
CUST_01208,42.7,4,3472.31,4,4,4,444,Champions,Cluster_4,868.08
CUST_01209,9.5,5,2821.74,5,5,4,554,Champions,Cluster_1,564.35
CUST_01210,56.1,4,4839.71,4,4,5,445,Champions,Cluster_4,1209.93
CUST_01211,115.1,7,3332.92,2,5,4,254,Loyal Customers,Cluster_4,476.13
CUST_01212,273.2,2,3091.62,1,2,4,124,Potential Loyalists,Cluster_3,1545.81
CUST_01213,167.4,3,1643.53,2,4,2,242,At Risk,Cluster_3,547.84
CUST_01214,72.1,2,1446.46,3,2,2,322,Potential Loyalists,Cluster_3,723.23
CUST_01215,43.6,1,1123.82,4,1,2,412,New Customers,Cluster_2,1123.82
CUST_01216,40.9,3,1857.75,4,4,3,443,Loyal Customers,Cluster_3,619.25
CUST_01217,302.1,1,1394.19,1,1,2,112,Lost,Cluster_2,1394.19
CUST_01218,14.0,3,2225.74,5,4,3,543,Loyal Customers,Cluster_1,741.91
CUST_01219,9.2,4,1945.43,5,4,3,543,Loyal Customers,Cluster_1,486.36
CUST_01220,66.5,3,1144.43,3,4,2,342,Potential Loyalists,Cluster_3,381.48
CUST_01221,21.7,2,1921.44,5,2,3,523,New Customers,Cluster_1,960.72
CUST_01222,326.8,1,1891.11,1,1,3,113,Potential Loyalists,Cluster_3,1891.11
CUST_01223,95.5,3,1416.68,3,4,2,342,Potential Loyalists,Cluster_3,472.23
CUST_01224,31.0,6,4297.45,4,5,5,455,Champions,Cluster_4,716.24
CUST_01225,230.1,1,588.62,1,1,1,111,Lost,Cluster_2,588.62
CUST_01226,10.3,4,3277.37,5,4,4,544,Champions,Cluster_1,819.34
CUST_01227,15.1,3,1494.5,5,4,2,542,Potential Loyalists,Cluster_1,498.17
CUST_01228,41.8,2,1141.26,4,2,2,422,New Customers,Cluster_3,570.63
CUST_01229,35.4,4,3006.17,4,4,4,444,Champions,Cluster_4,751.54
CUST_01230,5.8,5,4168.77,5,5,5,555,Champions,Cluster_1,833.75
CUST_01231,14.7,3,1536.54,5,4,2,542,Potential Loyalists,Cluster_1,512.18
CUST_01232,21.7,3,904.43,5,4,1,541,Potential Loyalists,Cluster_1,301.48
CUST_01234,175.5,4,1801.7,2,4,3,243,Loyal Customers,Cluster_3,450.43
CUST_01235,64.4,4,2956.67,3,4,4,344,Loyal Customers,Cluster_4,739.17
CUST_01236,35.8,4,3898.48,4,4,5,445,Champions,Cluster_4,974.62
CUST_01237,201.9,3,1440.55,1,4,2,142,At Risk,Cluster_3,480.18
CUST_01238,38.1,5,3065.01,4,5,4,454,Champions,Cluster_4,613.0
CUST_01239,274.3,3,1940.96,1,4,3,143,Loyal Customers,Cluster_3,646.99
CUST_01240,128.4,2,1480.29,2,2,2,222,Lost,Cluster_3,740.14
CUST_01241,45.5,5,3198.17,4,5,4,454,Champions,Cluster_4,639.63
CUST_01242,22.4,5,4122.37,5,5,5,555,Champions,Cluster_1,824.47
CUST_01243,225.8,1,352.71,1,1,1,111,Lost,Cluster_2,352.71
CUST_01244,222.0,2,1433.88,1,2,2,122,Lost,Cluster_3,716.94
CUST_01245,83.9,3,2152.55,3,4,3,343,Loyal Customers,Cluster_3,717.52
CUST_01246,94.3,2,1546.48,3,2,2,322,Potential Loyalists,Cluster_3,773.24
CUST_01247,322.7,2,638.35,1,2,1,121,Lost,Cluster_2,319.18
CUST_01248,9.3,7,4604.7,5,5,5,555,Champions,Cluster_1,657.81
CUST_01249,5.2,7,2332.65,5,5,3,553,Loyal Customers,Cluster_1,333.24
CUST_01250,20.7,3,2304.8,5,4,3,543,Loyal Customers,Cluster_1,768.27
CUST_01251,128.3,1,1374.04,2,1,2,212,Lost,Cluster_2,1374.04
CUST_01252,74.7,7,5087.32,3,5,5,355,Loyal Customers,Cluster_4,726.76
CUST_01253,96.7,2,1182.01,3,2,2,322,Potential Loyalists,Cluster_3,591.0
CUST_01254,90.5,1,666.44,3,1,1,311,Potential Loyalists,Cluster_2,666.44
CUST_01255,67.4,2,2917.31,3,2,4,324,Potential Loyalists,Cluster_3,1458.65
CUST_01256,122.1,6,3406.26,2,5,4,254,Loyal Customers,Cluster_4,567.71
CUST_01257,88.0,1,393.17,3,1,1,311,Potential Loyalists,Cluster_2,393.17
CUST_01258,69.8,3,938.35,3,4,1,341,Potential Loyalists,Cluster_3,312.78
CUST_01259,171.1,2,1061.91,2,2,2,222,Lost,Cluster_3,530.96
CUST_01260,207.7,2,2829.3,1,2,4,124,Potential Loyalists,Cluster_3,1414.65
CUST_01261,171.9,2,920.5,2,2,1,221,Lost,Cluster_3,460.25
CUST_01262,120.7,4,4576.43,2,4,5,245,Loyal Customers,Cluster_4,1144.11
CUST_01263,85.1,4,2095.63,3,4,3,343,Loyal Customers,Cluster_4,523.91
CUST_01264,67.7,3,3303.54,3,4,4,344,Loyal Customers,Cluster_4,1101.18
CUST_01265,287.2,1,280.35,1,1,1,111,Lost,Cluster_2,280.35
CUST_01266,8.1,3,851.69,5,4,1,541,Potential Loyalists,Cluster_1,283.9
CUST_01267,107.3,5,4105.36,2,5,5,255,Loyal Customers,Cluster_4,821.07
CUST_01268,22.4,5,2809.14,5,5,4,554,Champions,Cluster_1,561.83
CUST_01269,63.7,3,2292.23,3,4,3,343,Loyal Customers,Cluster_3,764.08
CUST_01270,41.1,2,1897.61,4,2,3,423,New Customers,Cluster_3,948.8
CUST_01271,15.0,2,1201.46,5,2,2,522,New Customers,Cluster_1,600.73
CUST_01272,64.8,5,2928.76,3,5,4,354,Loyal Customers,Cluster_4,585.75
CUST_01273,36.0,3,1844.83,4,4,3,443,Loyal Customers,Cluster_3,614.94
CUST_01274,29.6,2,1189.55,4,2,2,422,New Customers,Cluster_3,594.77
CUST_01275,13.6,3,1884.1,5,4,3,543,Loyal Customers,Cluster_1,628.03
CUST_01276,181.0,1,23.08,1,1,1,111,Lost,Cluster_2,23.08
CUST_01278,90.8,2,2574.51,3,2,3,323,Potential Loyalists,Cluster_3,1287.26
CUST_01279,2.4,4,3125.18,5,4,4,544,Champions,Cluster_1,781.29
CUST_01280,147.8,1,73.09,2,1,1,211,Lost,Cluster_2,73.09
CUST_01281,37.7,7,3201.94,4,5,4,454,Champions,Cluster_4,457.42
CUST_01282,145.0,1,552.28,2,1,1,211,Lost,Cluster_2,552.28
CUST_01283,37.5,5,5329.84,4,5,5,455,Champions,Cluster_4,1065.97
CUST_01284,4.2,7,3054.47,5,5,4,554,Champions,Cluster_1,436.35
CUST_01285,196.5,5,6334.57,1,5,5,155,Loyal Customers,Cluster_4,1266.91
CUST_01286,6.3,4,5172.41,5,4,5,545,Champions,Cluster_1,1293.1
CUST_01287,131.1,4,1523.14,2,4,2,242,At Risk,Cluster_3,380.79
CUST_01288,318.0,4,3494.02,1,4,4,144,Loyal Customers,Cluster_4,873.5
CUST_01289,176.8,2,3811.75,1,2,5,125,Potential Loyalists,Cluster_3,1905.88
CUST_01290,245.9,1,303.95,1,1,1,111,Lost,Cluster_2,303.95
CUST_01291,6.4,4,2018.3,5,4,3,543,Loyal Customers,Cluster_1,504.57
CUST_01292,5.4,6,3866.25,5,5,5,555,Champions,Cluster_1,644.38
CUST_01293,150.4,3,3517.49,2,4,4,244,Loyal Customers,Cluster_3,1172.5
CUST_01294,205.8,1,271.68,1,1,1,111,Lost,Cluster_2,271.68
CUST_01295,127.8,3,1043.25,2,4,2,242,At Risk,Cluster_3,347.75
CUST_01296,44.9,3,989.53,4,4,1,441,Potential Loyalists,Cluster_3,329.84
CUST_01297,17.4,5,2027.64,5,5,3,553,Loyal Customers,Cluster_1,405.53
CUST_01298,149.2,1,407.84,2,1,1,211,Lost,Cluster_2,407.84
CUST_01299,179.7,3,1923.76,1,4,3,143,Loyal Customers,Cluster_3,641.25
CUST_01300,24.4,5,2323.74,5,5,3,553,Loyal Customers,Cluster_1,464.75
CUST_01301,40.0,2,2024.5,4,2,3,423,New Customers,Cluster_3,1012.25
CUST_01302,50.1,4,2543.59,4,4,3,443,Loyal Customers,Cluster_4,635.9
CUST_01303,35.3,3,1357.87,4,4,2,442,Potential Loyalists,Cluster_3,452.62
CUST_01304,8.3,4,3910.45,5,4,5,545,Champions,Cluster_1,977.61
CUST_01305,71.9,4,2797.4,3,4,4,344,Loyal Customers,Cluster_4,699.35
CUST_01306,31.4,2,1462.75,4,2,2,422,New Customers,Cluster_3,731.38
CUST_01307,59.2,5,3647.16,3,5,4,354,Loyal Customers,Cluster_4,729.43
CUST_01308,80.9,4,2957.71,3,4,4,344,Loyal Customers,Cluster_4,739.43
CUST_01309,300.8,1,2639.16,1,1,4,114,Potential Loyalists,Cluster_3,2639.16
CUST_01310,12.3,5,2888.54,5,5,4,554,Champions,Cluster_1,577.71
CUST_01311,141.0,2,505.67,2,2,1,221,Lost,Cluster_2,252.84
CUST_01312,145.3,3,2309.98,2,4,3,243,Loyal Customers,Cluster_3,769.99
CUST_01313,62.8,4,3209.24,3,4,4,344,Loyal Customers,Cluster_4,802.31
CUST_01314,262.5,2,576.16,1,2,1,121,Lost,Cluster_2,288.08
CUST_01315,89.3,4,3550.03,3,4,4,344,Loyal Customers,Cluster_4,887.51
CUST_01316,286.6,2,636.45,1,2,1,121,Lost,Cluster_2,318.23
CUST_01317,98.4,2,1169.43,3,2,2,322,Potential Loyalists,Cluster_3,584.72
CUST_01318,215.2,4,3606.91,1,4,4,144,Loyal Customers,Cluster_4,901.73
CUST_01319,62.5,3,3334.3,3,4,4,344,Loyal Customers,Cluster_4,1111.43
CUST_01320,44.2,2,2570.37,4,2,3,423,New Customers,Cluster_3,1285.18
CUST_01321,53.6,4,2529.82,4,4,3,443,Loyal Customers,Cluster_4,632.46
CUST_01322,3.0,3,2511.49,5,4,3,543,Loyal Customers,Cluster_1,837.16
CUST_01323,31.5,2,2982.82,4,2,4,424,New Customers,Cluster_3,1491.41
CUST_01324,30.4,3,4068.97,4,4,5,445,Champions,Cluster_1,1356.32
CUST_01325,73.8,4,2591.47,3,4,4,344,Loyal Customers,Cluster_4,647.87
CUST_01326,92.6,4,2997.97,3,4,4,344,Loyal Customers,Cluster_4,749.49
CUST_01327,68.1,1,484.21,3,1,1,311,Potential Loyalists,Cluster_2,484.21
CUST_01328,13.7,4,2974.9,5,4,4,544,Champions,Cluster_1,743.73
CUST_01329,30.4,4,3879.07,4,4,5,445,Champions,Cluster_4,969.77
CUST_01330,37.9,4,1913.12,4,4,3,443,Loyal Customers,Cluster_4,478.28
CUST_01331,29.4,2,2100.11,4,2,3,423,New Customers,Cluster_3,1050.06
CUST_01333,30.4,5,4564.41,4,5,5,455,Champions,Cluster_4,912.88
CUST_01334,33.8,4,2851.04,4,4,4,444,Champions,Cluster_4,712.76
CUST_01335,105.7,5,3488.32,2,5,4,254,Loyal Customers,Cluster_4,697.66
CUST_01336,206.7,2,1154.5,1,2,2,122,Lost,Cluster_3,577.25
CUST_01337,98.7,5,6502.69,3,5,5,355,Loyal Customers,Cluster_4,1300.54
CUST_01338,15.4,5,2430.33,5,5,3,553,Loyal Customers,Cluster_1,486.07
CUST_01339,43.0,5,3339.86,4,5,4,454,Champions,Cluster_4,667.97
CUST_01340,59.1,6,5551.63,3,5,5,355,Loyal Customers,Cluster_4,925.27
CUST_01341,140.0,5,2992.03,2,5,4,254,Loyal Customers,Cluster_4,598.41
CUST_01342,3.4,6,6355.44,5,5,5,555,Champions,Cluster_1,1059.24
CUST_01343,293.5,2,952.34,1,2,1,121,Lost,Cluster_3,476.17
CUST_01344,4.3,3,1099.24,5,4,2,542,Potential Loyalists,Cluster_1,366.41
CUST_01345,74.5,1,170.25,3,1,1,311,Potential Loyalists,Cluster_2,170.25
CUST_01346,35.0,2,1115.64,4,2,2,422,New Customers,Cluster_3,557.82
CUST_01347,51.1,4,3651.23,4,4,4,444,Champions,Cluster_4,912.81
CUST_01348,88.4,2,1355.11,3,2,2,322,Potential Loyalists,Cluster_3,677.55
CUST_01349,268.9,1,341.05,1,1,1,111,Lost,Cluster_2,341.05
CUST_01350,77.8,3,2970.38,3,4,4,344,Loyal Customers,Cluster_3,990.13
CUST_01351,7.1,2,1471.49,5,2,2,522,New Customers,Cluster_1,735.75
CUST_01352,116.7,1,2526.52,2,1,3,213,Potential Loyalists,Cluster_3,2526.52
CUST_01353,6.0,5,3288.98,5,5,4,554,Champions,Cluster_1,657.8
CUST_01354,59.7,1,1350.4,3,1,2,312,Potential Loyalists,Cluster_2,1350.4
CUST_01355,120.7,4,2034.97,2,4,3,243,Loyal Customers,Cluster_4,508.74
CUST_01356,357.2,1,457.06,1,1,1,111,Lost,Cluster_2,457.06
CUST_01357,16.1,4,3604.04,5,4,4,544,Champions,Cluster_1,901.01
CUST_01358,30.3,5,4949.26,4,5,5,455,Champions,Cluster_4,989.85
CUST_01359,216.9,4,3212.52,1,4,4,144,Loyal Customers,Cluster_4,803.13
CUST_01360,28.2,2,1225.94,4,2,2,422,New Customers,Cluster_3,612.97
CUST_01361,62.2,1,880.77,3,1,1,311,Potential Loyalists,Cluster_2,880.77
CUST_01362,48.5,4,3257.32,4,4,4,444,Champions,Cluster_4,814.33
CUST_01363,87.4,2,2167.22,3,2,3,323,Potential Loyalists,Cluster_3,1083.61
CUST_01364,27.4,2,3239.57,4,2,4,424,New Customers,Cluster_1,1619.79
CUST_01365,59.8,3,1299.99,3,4,2,342,Potential Loyalists,Cluster_3,433.33
CUST_01366,11.7,4,3632.3,5,4,4,544,Champions,Cluster_1,908.08
CUST_01367,83.8,4,2178.57,3,4,3,343,Loyal Customers,Cluster_4,544.64
CUST_01369,73.1,2,945.74,3,2,1,321,Potential Loyalists,Cluster_3,472.87
CUST_01370,39.6,2,1226.14,4,2,2,422,New Customers,Cluster_3,613.07
CUST_01371,7.3,8,5744.44,5,5,5,555,Champions,Cluster_1,718.05
CUST_01372,46.2,3,4027.89,4,4,5,445,Champions,Cluster_4,1342.63
CUST_01373,255.5,2,322.57,1,2,1,121,Lost,Cluster_2,161.28
CUST_01374,58.7,3,2064.14,4,4,3,443,Loyal Customers,Cluster_3,688.05
CUST_01375,21.8,6,4252.08,5,5,5,555,Champions,Cluster_4,708.68
CUST_01376,192.5,1,645.77,1,1,1,111,Lost,Cluster_2,645.77
CUST_01377,10.2,3,1558.3,5,4,2,542,Potential Loyalists,Cluster_1,519.43
CUST_01379,136.3,1,430.49,2,1,1,211,Lost,Cluster_2,430.49
CUST_01380,24.0,1,923.29,5,1,1,511,New Customers,Cluster_2,923.29
CUST_01381,32.1,4,2908.21,4,4,4,444,Champions,Cluster_4,727.05
CUST_01382,78.3,9,6714.42,3,5,5,355,Loyal Customers,Cluster_4,746.05
CUST_01383,110.6,6,3530.82,2,5,4,254,Loyal Customers,Cluster_4,588.47
CUST_01384,37.4,6,6031.35,4,5,5,455,Champions,Cluster_4,1005.23
CUST_01385,202.3,2,786.63,1,2,1,121,Lost,Cluster_2,393.31
CUST_01386,102.3,3,908.12,3,4,1,341,Potential Loyalists,Cluster_3,302.71
CUST_01387,34.8,2,2563.38,4,2,3,423,New Customers,Cluster_3,1281.69
CUST_01388,53.7,2,1750.63,4,2,2,422,New Customers,Cluster_3,875.32
CUST_01389,149.4,3,760.98,2,4,1,241,At Risk,Cluster_3,253.66
CUST_01390,8.0,3,2386.35,5,4,3,543,Loyal Customers,Cluster_1,795.45
CUST_01391,301.3,1,832.54,1,1,1,111,Lost,Cluster_2,832.54
CUST_01392,9.8,4,2582.99,5,4,3,543,Loyal Customers,Cluster_1,645.75
CUST_01393,154.9,3,922.71,2,4,1,241,At Risk,Cluster_3,307.57
CUST_01394,78.4,3,1596.39,3,4,2,342,Potential Loyalists,Cluster_3,532.13
CUST_01395,302.4,1,595.28,1,1,1,111,Lost,Cluster_2,595.28
CUST_01396,7.3,5,7402.33,5,5,5,555,Champions,Cluster_1,1480.47
CUST_01397,224.9,2,1912.82,1,2,3,123,Potential Loyalists,Cluster_3,956.41
CUST_01398,28.1,3,2789.98,4,4,4,444,Champions,Cluster_1,929.99
CUST_01399,26.1,6,3566.44,5,5,4,554,Champions,Cluster_4,594.41
CUST_01400,186.0,2,2035.38,1,2,3,123,Potential Loyalists,Cluster_3,1017.69
CUST_01401,336.5,1,688.51,1,1,1,111,Lost,Cluster_2,688.51
CUST_01402,199.1,4,3877.41,1,4,5,145,Loyal Customers,Cluster_4,969.35
CUST_01403,131.3,3,1121.18,2,4,2,242,At Risk,Cluster_3,373.73
CUST_01404,34.9,3,2873.27,4,4,4,444,Champions,Cluster_1,957.76
CUST_01405,55.2,5,2947.44,4,5,4,454,Champions,Cluster_4,589.49
CUST_01406,216.4,3,3258.42,1,4,4,144,Loyal Customers,Cluster_3,1086.14
CUST_01407,88.6,1,1000.21,3,1,1,311,Potential Loyalists,Cluster_2,1000.21
CUST_01408,0.6,5,2799.97,5,5,4,554,Champions,Cluster_1,559.99
CUST_01409,200.8,4,6111.77,1,4,5,145,Loyal Customers,Cluster_4,1527.94
CUST_01410,1.0,5,2998.03,5,5,4,554,Champions,Cluster_1,599.61
CUST_01411,0.3,5,5261.63,5,5,5,555,Champions,Cluster_1,1052.33
CUST_01412,207.8,3,1133.25,1,4,2,142,At Risk,Cluster_3,377.75
CUST_01413,356.5,1,930.29,1,1,1,111,Lost,Cluster_2,930.29
CUST_01414,176.9,4,3649.77,1,4,4,144,Loyal Customers,Cluster_4,912.44
CUST_01415,8.2,5,2603.73,5,5,4,554,Champions,Cluster_1,520.75
CUST_01417,95.5,3,2413.7,3,4,3,343,Loyal Customers,Cluster_3,804.57
CUST_01418,0.6,1,182.62,5,1,1,511,New Customers,Cluster_2,182.62
CUST_01419,311.7,1,32.2,1,1,1,111,Lost,Cluster_2,32.2
CUST_01420,98.7,1,1204.87,3,1,2,312,Potential Loyalists,Cluster_2,1204.87
CUST_01421,100.2,5,3021.27,3,5,4,354,Loyal Customers,Cluster_4,604.25
CUST_01423,53.2,1,159.45,4,1,1,411,New Customers,Cluster_2,159.45
CUST_01424,68.0,5,5259.22,3,5,5,355,Loyal Customers,Cluster_4,1051.84
CUST_01425,2.0,3,1543.19,5,4,2,542,Potential Loyalists,Cluster_1,514.4
CUST_01426,24.3,3,1810.23,5,4,3,543,Loyal Customers,Cluster_1,603.41
CUST_01427,26.0,4,1992.65,5,4,3,543,Loyal Customers,Cluster_1,498.16
CUST_01428,168.1,2,1896.12,2,2,3,223,Potential Loyalists,Cluster_3,948.06
CUST_01429,21.1,2,2268.25,5,2,3,523,New Customers,Cluster_1,1134.12
CUST_01430,3.0,4,3795.73,5,4,5,545,Champions,Cluster_1,948.93
CUST_01431,17.4,3,1736.11,5,4,2,542,Potential Loyalists,Cluster_1,578.7
CUST_01432,93.4,2,917.43,3,2,1,321,Potential Loyalists,Cluster_3,458.71
CUST_01433,148.4,2,1527.47,2,2,2,222,Lost,Cluster_3,763.74
CUST_01434,179.6,1,222.81,1,1,1,111,Lost,Cluster_2,222.81
CUST_01435,24.7,2,3434.33,5,2,4,524,New Customers,Cluster_1,1717.16
CUST_01436,118.9,3,2731.57,2,4,4,244,Loyal Customers,Cluster_3,910.52
CUST_01437,31.6,4,2991.23,4,4,4,444,Champions,Cluster_1,747.81
CUST_01438,100.0,1,448.27,3,1,1,311,Potential Loyalists,Cluster_2,448.27
CUST_01439,29.1,3,850.5,4,4,1,441,Potential Loyalists,Cluster_3,283.5
CUST_01440,192.4,2,1387.08,1,2,2,122,Lost,Cluster_3,693.54
CUST_01441,46.3,5,6741.42,4,5,5,455,Champions,Cluster_4,1348.28
CUST_01442,37.6,3,815.17,4,4,1,441,Potential Loyalists,Cluster_3,271.72
CUST_01443,44.4,5,3632.75,4,5,4,454,Champions,Cluster_4,726.55
CUST_01444,269.4,3,1627.52,1,4,2,142,At Risk,Cluster_3,542.51
CUST_01445,127.2,2,1198.19,2,2,2,222,Lost,Cluster_3,599.1
CUST_01446,243.8,3,4053.47,1,4,5,145,Loyal Customers,Cluster_3,1351.16
CUST_01447,297.5,1,2000.48,1,1,3,113,Potential Loyalists,Cluster_3,2000.48
CUST_01448,156.1,2,3071.81,2,2,4,224,Potential Loyalists,Cluster_3,1535.9
CUST_01449,208.7,2,3732.8,1,2,5,125,Potential Loyalists,Cluster_3,1866.4
CUST_01450,5.9,2,2501.6,5,2,3,523,New Customers,Cluster_1,1250.8
CUST_01451,338.0,1,1664.57,1,1,2,112,Lost,Cluster_2,1664.57
CUST_01452,201.5,2,200.19,1,2,1,121,Lost,Cluster_2,100.09
CUST_01453,19.1,3,1014.42,5,4,1,541,Potential Loyalists,Cluster_1,338.14
CUST_01454,47.1,2,3012.28,4,2,4,424,New Customers,Cluster_3,1506.14
CUST_01455,141.3,3,4103.55,2,4,5,245,Loyal Customers,Cluster_4,1367.85
CUST_01456,67.2,5,3504.62,3,5,4,354,Loyal Customers,Cluster_4,700.92
CUST_01457,305.4,1,307.36,1,1,1,111,Lost,Cluster_2,307.36
CUST_01458,345.8,1,1263.79,1,1,2,112,Lost,Cluster_2,1263.79
CUST_01459,163.3,3,1309.97,2,4,2,242,At Risk,Cluster_3,436.66
CUST_01460,8.8,2,1596.87,5,2,2,522,New Customers,Cluster_1,798.43
CUST_01461,74.1,2,1772.38,3,2,3,323,Potential Loyalists,Cluster_3,886.19
CUST_01462,279.3,1,986.06,1,1,1,111,Lost,Cluster_2,986.06
CUST_01463,17.4,5,3163.72,5,5,4,554,Champions,Cluster_1,632.74
CUST_01464,107.3,1,401.62,2,1,1,211,Lost,Cluster_2,401.62
CUST_01465,181.7,3,2444.04,1,4,3,143,Loyal Customers,Cluster_3,814.68
CUST_01466,5.6,4,4924.09,5,4,5,545,Champions,Cluster_1,1231.02
CUST_01467,104.1,3,3115.22,2,4,4,244,Loyal Customers,Cluster_3,1038.41
CUST_01468,35.9,4,3344.93,4,4,4,444,Champions,Cluster_4,836.23
CUST_01469,48.2,4,2261.08,4,4,3,443,Loyal Customers,Cluster_4,565.27
CUST_01470,11.0,7,4200.24,5,5,5,555,Champions,Cluster_1,600.03
CUST_01471,236.5,2,305.98,1,2,1,121,Lost,Cluster_2,152.99
CUST_01472,35.7,2,4015.3,4,2,5,425,New Customers,Cluster_3,2007.65
CUST_01473,93.5,4,2027.64,3,4,3,343,Loyal Customers,Cluster_4,506.91
CUST_01475,191.6,2,890.69,1,2,1,121,Lost,Cluster_3,445.35
CUST_01476,4.2,5,4336.28,5,5,5,555,Champions,Cluster_1,867.26
CUST_01477,72.6,2,519.83,3,2,1,321,Potential Loyalists,Cluster_2,259.92
CUST_01478,97.8,2,1083.22,3,2,2,322,Potential Loyalists,Cluster_3,541.61
CUST_01479,211.6,1,753.3,1,1,1,111,Lost,Cluster_2,753.3
CUST_01480,92.3,5,4458.16,3,5,5,355,Loyal Customers,Cluster_4,891.63
CUST_01481,11.5,8,6649.9,5,5,5,555,Champions,Cluster_1,831.24
CUST_01482,113.5,6,4808.56,2,5,5,255,Loyal Customers,Cluster_4,801.43
CUST_01483,166.7,4,1431.36,2,4,2,242,At Risk,Cluster_3,357.84
CUST_01484,84.1,4,3859.81,3,4,5,345,Loyal Customers,Cluster_4,964.95
CUST_01485,4.5,3,2063.4,5,4,3,543,Loyal Customers,Cluster_1,687.8
CUST_01486,156.5,5,4680.12,2,5,5,255,Loyal Customers,Cluster_4,936.02
CUST_01487,15.2,4,1694.3,5,4,2,542,Potential Loyalists,Cluster_1,423.57
CUST_01488,75.5,1,194.02,3,1,1,311,Potential Loyalists,Cluster_2,194.02
CUST_01489,16.3,5,4786.07,5,5,5,555,Champions,Cluster_1,957.21
CUST_01490,257.0,1,697.75,1,1,1,111,Lost,Cluster_2,697.75
CUST_01491,21.1,5,4241.53,5,5,5,555,Champions,Cluster_1,848.31
CUST_01492,175.7,2,1544.69,2,2,2,222,Lost,Cluster_3,772.35
CUST_01494,16.9,1,692.86,5,1,1,511,New Customers,Cluster_2,692.86
CUST_01495,337.8,1,273.39,1,1,1,111,Lost,Cluster_2,273.39
CUST_01496,35.4,1,345.82,4,1,1,411,New Customers,Cluster_2,345.82
CUST_01497,137.8,2,1666.44,2,2,2,222,Lost,Cluster_3,833.22
CUST_01499,36.5,3,2484.16,4,4,3,443,Loyal Customers,Cluster_1,828.05
CUST_01500,118.0,5,5543.68,2,5,5,255,Loyal Customers,Cluster_4,1108.74
CUST_01501,192.1,3,1869.27,1,4,3,143,Loyal Customers,Cluster_3,623.09
CUST_01502,89.8,3,1073.99,3,4,2,342,Potential Loyalists,Cluster_3,358.0
CUST_01503,63.0,5,4750.95,3,5,5,355,Loyal Customers,Cluster_4,950.19
CUST_01504,20.5,4,2379.27,5,4,3,543,Loyal Customers,Cluster_1,594.82
CUST_01505,123.5,4,2485.06,2,4,3,243,Loyal Customers,Cluster_4,621.26
CUST_01506,39.0,3,2347.38,4,4,3,443,Loyal Customers,Cluster_3,782.46
CUST_01507,47.0,4,2671.05,4,4,4,444,Champions,Cluster_4,667.76
CUST_01508,168.3,2,1441.77,2,2,2,222,Lost,Cluster_3,720.88
CUST_01509,46.2,3,2251.71,4,4,3,443,Loyal Customers,Cluster_3,750.57
CUST_01510,39.3,2,1855.94,4,2,3,423,New Customers,Cluster_3,927.97
CUST_01511,10.3,4,952.71,5,4,1,541,Potential Loyalists,Cluster_1,238.18
CUST_01512,182.2,5,2294.03,1,5,3,153,Loyal Customers,Cluster_4,458.81
CUST_01513,100.2,2,602.79,3,2,1,321,Potential Loyalists,Cluster_2,301.39
CUST_01514,258.3,3,2855.34,1,4,4,144,Loyal Customers,Cluster_3,951.78
CUST_01516,48.6,3,1410.1,4,4,2,442,Potential Loyalists,Cluster_3,470.03
CUST_01517,45.4,4,3593.42,4,4,4,444,Champions,Cluster_4,898.36
CUST_01518,122.6,5,5433.67,2,5,5,255,Loyal Customers,Cluster_4,1086.73
CUST_01519,101.2,2,2405.97,3,2,3,323,Potential Loyalists,Cluster_3,1202.98
CUST_01520,105.6,4,5017.01,2,4,5,245,Loyal Customers,Cluster_4,1254.25
CUST_01521,84.0,5,3552.59,3,5,4,354,Loyal Customers,Cluster_4,710.52
CUST_01522,323.9,1,374.38,1,1,1,111,Lost,Cluster_2,374.38
CUST_01523,147.0,3,875.48,2,4,1,241,At Risk,Cluster_3,291.83
CUST_01525,35.7,3,1794.45,4,4,3,443,Loyal Customers,Cluster_3,598.15
CUST_01526,109.3,4,3666.33,2,4,4,244,Loyal Customers,Cluster_4,916.58
CUST_01527,50.7,2,2872.38,4,2,4,424,New Customers,Cluster_3,1436.19
CUST_01528,177.2,3,1891.85,1,4,3,143,Loyal Customers,Cluster_3,630.62
CUST_01529,13.0,6,7881.85,5,5,5,555,Champions,Cluster_1,1313.64
CUST_01530,153.0,5,6763.75,2,5,5,255,Loyal Customers,Cluster_4,1352.75
CUST_01531,71.8,4,3697.28,3,4,5,345,Loyal Customers,Cluster_4,924.32
CUST_01532,161.9,3,1377.46,2,4,2,242,At Risk,Cluster_3,459.15
CUST_01533,148.0,1,729.74,2,1,1,211,Lost,Cluster_2,729.74
CUST_01534,248.2,2,3223.06,1,2,4,124,Potential Loyalists,Cluster_3,1611.53
CUST_01535,94.3,1,278.4,3,1,1,311,Potential Loyalists,Cluster_2,278.4
CUST_01536,31.3,3,4154.97,4,4,5,445,Champions,Cluster_1,1384.99
CUST_01537,122.7,4,1577.24,2,4,2,242,At Risk,Cluster_3,394.31
CUST_01538,20.5,3,1472.4,5,4,2,542,Potential Loyalists,Cluster_1,490.8
CUST_01539,66.0,2,2584.64,3,2,4,324,Potential Loyalists,Cluster_3,1292.32
CUST_01540,28.3,3,2889.78,4,4,4,444,Champions,Cluster_1,963.26
CUST_01541,26.6,4,2235.78,5,4,3,543,Loyal Customers,Cluster_1,558.95
CUST_01542,36.3,4,2580.71,4,4,3,443,Loyal Customers,Cluster_4,645.18
CUST_01543,252.9,2,2224.15,1,2,3,123,Potential Loyalists,Cluster_3,1112.08
CUST_01545,147.3,4,5523.76,2,4,5,245,Loyal Customers,Cluster_4,1380.94
CUST_01546,41.8,7,4935.4,4,5,5,455,Champions,Cluster_4,705.06
CUST_01547,68.5,3,1571.33,3,4,2,342,Potential Loyalists,Cluster_3,523.78
CUST_01548,126.4,3,3790.0,2,4,5,245,Loyal Customers,Cluster_3,1263.33
CUST_01549,66.8,2,830.06,3,2,1,321,Potential Loyalists,Cluster_3,415.03
CUST_01552,145.6,2,1461.75,2,2,2,222,Lost,Cluster_3,730.88
CUST_01553,47.4,4,4746.33,4,4,5,445,Champions,Cluster_4,1186.58
CUST_01554,101.2,1,1565.84,3,1,2,312,Potential Loyalists,Cluster_3,1565.84
CUST_01555,201.3,5,4053.5,1,5,5,155,Loyal Customers,Cluster_4,810.7
CUST_01556,63.4,2,1316.77,3,2,2,322,Potential Loyalists,Cluster_3,658.38
CUST_01557,53.7,3,2425.79,4,4,3,443,Loyal Customers,Cluster_3,808.6
CUST_01558,207.8,5,2973.06,1,5,4,154,Loyal Customers,Cluster_4,594.61
CUST_01559,86.3,3,784.87,3,4,1,341,Potential Loyalists,Cluster_3,261.62
CUST_01560,300.2,1,1019.91,1,1,1,111,Lost,Cluster_2,1019.91
CUST_01561,83.4,4,2266.32,3,4,3,343,Loyal Customers,Cluster_4,566.58
CUST_01562,60.8,7,5123.41,3,5,5,355,Loyal Customers,Cluster_4,731.92
CUST_01563,20.7,7,6177.87,5,5,5,555,Champions,Cluster_4,882.55
CUST_01564,112.0,4,2852.65,2,4,4,244,Loyal Customers,Cluster_4,713.16
CUST_01565,112.1,2,2948.19,2,2,4,224,Potential Loyalists,Cluster_3,1474.1
CUST_01566,259.1,1,846.0,1,1,1,111,Lost,Cluster_2,846.0
CUST_01567,62.3,3,2480.91,3,4,3,343,Loyal Customers,Cluster_3,826.97
CUST_01568,208.3,3,1466.59,1,4,2,142,At Risk,Cluster_3,488.86
CUST_01569,224.0,4,4652.53,1,4,5,145,Loyal Customers,Cluster_4,1163.13
CUST_01570,287.1,2,1477.22,1,2,2,122,Lost,Cluster_3,738.61
CUST_01571,28.0,2,1168.56,4,2,2,422,New Customers,Cluster_3,584.28
CUST_01572,73.6,1,2201.51,3,1,3,313,Potential Loyalists,Cluster_3,2201.51
CUST_01573,174.0,2,1732.47,2,2,2,222,Lost,Cluster_3,866.24
CUST_01574,30.4,4,3660.34,4,4,4,444,Champions,Cluster_4,915.09
CUST_01575,2.1,5,1897.18,5,5,3,553,Loyal Customers,Cluster_1,379.44
CUST_01576,38.5,4,2811.69,4,4,4,444,Champions,Cluster_4,702.92
CUST_01577,19.0,2,1664.12,5,2,2,522,New Customers,Cluster_1,832.06
CUST_01578,120.6,1,1981.25,2,1,3,213,Potential Loyalists,Cluster_3,1981.25
CUST_01579,6.2,4,2943.71,5,4,4,544,Champions,Cluster_1,735.93
CUST_01580,190.3,2,1506.58,1,2,2,122,Lost,Cluster_3,753.29
CUST_01581,29.5,3,3757.59,4,4,5,445,Champions,Cluster_1,1252.53
CUST_01582,256.3,1,729.09,1,1,1,111,Lost,Cluster_2,729.09
CUST_01583,35.8,3,1257.39,4,4,2,442,Potential Loyalists,Cluster_3,419.13
CUST_01584,4.4,3,950.65,5,4,1,541,Potential Loyalists,Cluster_1,316.88
CUST_01585,87.5,3,2571.36,3,4,3,343,Loyal Customers,Cluster_3,857.12
CUST_01586,48.2,5,1826.45,4,5,3,453,Loyal Customers,Cluster_4,365.29
CUST_01587,53.4,2,2202.98,4,2,3,423,New Customers,Cluster_3,1101.49
CUST_01588,67.5,4,1990.23,3,4,3,343,Loyal Customers,Cluster_4,497.56
CUST_01589,75.3,3,1775.22,3,4,3,343,Loyal Customers,Cluster_3,591.74
CUST_01590,85.9,2,1560.19,3,2,2,322,Potential Loyalists,Cluster_3,780.1
CUST_01591,130.3,3,423.34,2,4,1,241,At Risk,Cluster_2,141.11
CUST_01592,102.7,3,1550.14,3,4,2,342,Potential Loyalists,Cluster_3,516.71
CUST_01593,61.5,5,2681.62,3,5,4,354,Loyal Customers,Cluster_4,536.32
CUST_01594,103.1,3,1478.93,3,4,2,342,Potential Loyalists,Cluster_3,492.98
CUST_01595,58.2,4,1506.97,4,4,2,442,Potential Loyalists,Cluster_3,376.74
CUST_01596,104.5,2,2378.13,2,2,3,223,Potential Loyalists,Cluster_3,1189.07
CUST_01597,25.8,4,1573.04,5,4,2,542,Potential Loyalists,Cluster_1,393.26
CUST_01598,53.0,5,2766.46,4,5,4,454,Champions,Cluster_4,553.29
CUST_01599,204.1,3,1218.66,1,4,2,142,At Risk,Cluster_3,406.22
CUST_01600,10.2,5,2858.59,5,5,4,554,Champions,Cluster_1,571.72
CUST_01601,84.2,5,3502.52,3,5,4,354,Loyal Customers,Cluster_4,700.5
CUST_01602,217.9,1,840.38,1,1,1,111,Lost,Cluster_2,840.38
CUST_01603,142.8,7,5648.4,2,5,5,255,Loyal Customers,Cluster_4,806.91
CUST_01604,35.6,3,694.34,4,4,1,441,Potential Loyalists,Cluster_3,231.45
CUST_01605,249.8,3,2269.36,1,4,3,143,Loyal Customers,Cluster_3,756.45
CUST_01606,290.4,2,629.33,1,2,1,121,Lost,Cluster_2,314.67
CUST_01607,133.8,4,3306.96,2,4,4,244,Loyal Customers,Cluster_4,826.74
CUST_01608,138.0,3,2252.06,2,4,3,243,Loyal Customers,Cluster_3,750.69
CUST_01609,175.9,3,3131.58,2,4,4,244,Loyal Customers,Cluster_3,1043.86
CUST_01610,5.8,8,5606.68,5,5,5,555,Champions,Cluster_1,700.84
CUST_01611,169.7,3,1153.14,2,4,2,242,At Risk,Cluster_3,384.38
CUST_01612,35.1,4,3378.08,4,4,4,444,Champions,Cluster_4,844.52
CUST_01613,10.0,1,463.58,5,1,1,511,New Customers,Cluster_2,463.58
CUST_01614,4.9,3,3166.41,5,4,4,544,Champions,Cluster_1,1055.47
CUST_01615,94.6,2,1202.75,3,2,2,322,Potential Loyalists,Cluster_3,601.38
CUST_01616,7.0,3,1891.93,5,4,3,543,Loyal Customers,Cluster_1,630.64
CUST_01617,48.2,5,2765.93,4,5,4,454,Champions,Cluster_4,553.19
CUST_01618,27.3,6,3319.96,5,5,4,554,Champions,Cluster_4,553.33
CUST_01619,208.5,1,884.57,1,1,1,111,Lost,Cluster_2,884.57
CUST_01620,199.5,5,2679.63,1,5,4,154,Loyal Customers,Cluster_4,535.93
CUST_01621,32.1,2,2720.95,4,2,4,424,New Customers,Cluster_3,1360.47
CUST_01622,95.5,5,2742.4,3,5,4,354,Loyal Customers,Cluster_4,548.48
CUST_01623,313.0,2,1312.05,1,2,2,122,Lost,Cluster_3,656.02
CUST_01624,62.5,4,3324.01,3,4,4,344,Loyal Customers,Cluster_4,831.0
CUST_01626,67.7,2,1363.72,3,2,2,322,Potential Loyalists,Cluster_3,681.86
CUST_01627,82.8,5,2370.89,3,5,3,353,Loyal Customers,Cluster_4,474.18
CUST_01628,37.5,3,4733.4,4,4,5,445,Champions,Cluster_4,1577.8
CUST_01629,61.6,3,3266.43,3,4,4,344,Loyal Customers,Cluster_4,1088.81
CUST_01630,15.3,2,1240.99,5,2,2,522,New Customers,Cluster_1,620.5
CUST_01631,10.8,7,6423.21,5,5,5,555,Champions,Cluster_1,917.6
CUST_01632,5.3,2,1346.32,5,2,2,522,New Customers,Cluster_1,673.16
CUST_01633,81.3,4,2273.54,3,4,3,343,Loyal Customers,Cluster_4,568.38
CUST_01634,127.5,5,5009.79,2,5,5,255,Loyal Customers,Cluster_4,1001.96
CUST_01635,104.4,1,1297.34,2,1,2,212,Lost,Cluster_2,1297.34
CUST_01636,33.7,5,6785.82,4,5,5,455,Champions,Cluster_4,1357.16
CUST_01637,73.7,1,247.43,3,1,1,311,Potential Loyalists,Cluster_2,247.43
CUST_01638,171.1,2,1154.39,2,2,2,222,Lost,Cluster_3,577.2
CUST_01639,7.8,1,861.5,5,1,1,511,New Customers,Cluster_1,861.5
CUST_01640,78.9,2,1876.39,3,2,3,323,Potential Loyalists,Cluster_3,938.2
CUST_01641,50.0,9,4585.0,4,5,5,455,Champions,Cluster_4,509.44
CUST_01642,48.1,5,2219.96,4,5,3,453,Loyal Customers,Cluster_4,443.99
CUST_01643,118.2,3,2889.24,2,4,4,244,Loyal Customers,Cluster_3,963.08
CUST_01644,73.4,3,3020.23,3,4,4,344,Loyal Customers,Cluster_3,1006.74
CUST_01645,171.8,4,2021.75,2,4,3,243,Loyal Customers,Cluster_3,505.44
CUST_01646,66.0,7,5126.26,3,5,5,355,Loyal Customers,Cluster_4,732.32
CUST_01647,105.9,4,4198.37,2,4,5,245,Loyal Customers,Cluster_4,1049.59
CUST_01648,112.0,4,2721.73,2,4,4,244,Loyal Customers,Cluster_4,680.43
CUST_01649,180.2,5,4346.89,1,5,5,155,Loyal Customers,Cluster_4,869.38
CUST_01650,137.6,5,5608.7,2,5,5,255,Loyal Customers,Cluster_4,1121.74
CUST_01651,72.3,2,2317.02,3,2,3,323,Potential Loyalists,Cluster_3,1158.51
CUST_01652,69.7,5,4439.02,3,5,5,355,Loyal Customers,Cluster_4,887.8
CUST_01653,186.3,3,3326.29,1,4,4,144,Loyal Customers,Cluster_3,1108.76
CUST_01654,339.8,2,1838.44,1,2,3,123,Potential Loyalists,Cluster_3,919.22
CUST_01655,20.8,3,1628.46,5,4,2,542,Potential Loyalists,Cluster_1,542.82
CUST_01656,10.3,4,5240.17,5,4,5,545,Champions,Cluster_1,1310.04
CUST_01657,64.9,3,3122.8,3,4,4,344,Loyal Customers,Cluster_3,1040.93
CUST_01658,35.0,3,2879.17,4,4,4,444,Champions,Cluster_1,959.72
CUST_01659,115.9,2,848.82,2,2,1,221,Lost,Cluster_3,424.41
CUST_01660,28.6,6,3009.22,4,5,4,454,Champions,Cluster_4,501.54
CUST_01661,44.8,3,3572.37,4,4,4,444,Champions,Cluster_4,1190.79
CUST_01662,31.2,4,4384.13,4,4,5,445,Champions,Cluster_4,1096.03
CUST_01664,87.5,5,3636.65,3,5,4,354,Loyal Customers,Cluster_4,727.33
CUST_01665,29.3,5,2194.21,4,5,3,453,Loyal Customers,Cluster_1,438.84
CUST_01666,27.6,3,801.1,4,4,1,441,Potential Loyalists,Cluster_3,267.03
CUST_01668,78.2,3,2305.89,3,4,3,343,Loyal Customers,Cluster_3,768.63
CUST_01669,0.7,3,2096.83,5,4,3,543,Loyal Customers,Cluster_1,698.94
CUST_01670,16.4,6,4590.67,5,5,5,555,Champions,Cluster_1,765.11
CUST_01672,1.3,4,5461.04,5,4,5,545,Champions,Cluster_1,1365.26
CUST_01673,17.1,4,1380.23,5,4,2,542,Potential Loyalists,Cluster_1,345.06
CUST_01674,58.2,1,77.18,4,1,1,411,New Customers,Cluster_2,77.18
CUST_01675,225.3,2,1747.91,1,2,2,122,Lost,Cluster_3,873.96
CUST_01676,33.2,5,3819.6,4,5,5,455,Champions,Cluster_4,763.92
CUST_01677,324.5,1,2804.28,1,1,4,114,Potential Loyalists,Cluster_3,2804.28
CUST_01678,46.2,3,1999.56,4,4,3,443,Loyal Customers,Cluster_3,666.52
CUST_01679,251.3,3,4104.36,1,4,5,145,Loyal Customers,Cluster_3,1368.12
CUST_01680,27.8,3,1695.16,4,4,2,442,Potential Loyalists,Cluster_1,565.05
CUST_01681,58.2,2,708.19,4,2,1,421,New Customers,Cluster_2,354.1
CUST_01682,281.2,1,596.53,1,1,1,111,Lost,Cluster_2,596.53
CUST_01683,6.2,6,1861.61,5,5,3,553,Loyal Customers,Cluster_1,310.27
CUST_01684,107.6,4,3548.47,2,4,4,244,Loyal Customers,Cluster_4,887.12
CUST_01685,214.0,3,1834.55,1,4,3,143,Loyal Customers,Cluster_3,611.52
CUST_01686,9.2,2,2578.52,5,2,3,523,New Customers,Cluster_1,1289.26
CUST_01687,23.4,2,1889.0,5,2,3,523,New Customers,Cluster_1,944.5
CUST_01688,23.2,3,2370.47,5,4,3,543,Loyal Customers,Cluster_1,790.16
CUST_01689,54.6,5,4262.09,4,5,5,455,Champions,Cluster_4,852.42
CUST_01690,28.2,3,2652.64,4,4,4,444,Champions,Cluster_1,884.21
CUST_01691,204.2,2,962.49,1,2,1,121,Lost,Cluster_3,481.25
CUST_01692,66.8,2,2093.86,3,2,3,323,Potential Loyalists,Cluster_3,1046.93
CUST_01693,118.7,3,2981.17,2,4,4,244,Loyal Customers,Cluster_3,993.72
CUST_01694,39.9,2,1605.97,4,2,2,422,New Customers,Cluster_3,802.99
CUST_01695,10.1,3,1600.23,5,4,2,542,Potential Loyalists,Cluster_1,533.41
CUST_01696,5.7,2,691.11,5,2,1,521,New Customers,Cluster_1,345.56
CUST_01698,110.8,2,1576.69,2,2,2,222,Lost,Cluster_3,788.35
CUST_01699,104.5,3,2123.76,2,4,3,243,Loyal Customers,Cluster_3,707.92
CUST_01700,114.3,7,5074.44,2,5,5,255,Loyal Customers,Cluster_4,724.92
CUST_01701,85.1,2,2278.48,3,2,3,323,Potential Loyalists,Cluster_3,1139.24
CUST_01702,10.0,6,4999.8,5,5,5,555,Champions,Cluster_1,833.3
CUST_01703,167.0,2,1152.49,2,2,2,222,Lost,Cluster_3,576.25
CUST_01704,31.9,4,4847.37,4,4,5,445,Champions,Cluster_4,1211.84
CUST_01705,10.3,4,2305.04,5,4,3,543,Loyal Customers,Cluster_1,576.26
CUST_01706,116.7,4,3128.82,2,4,4,244,Loyal Customers,Cluster_4,782.21
CUST_01707,4.7,1,1154.21,5,1,2,512,New Customers,Cluster_1,1154.21
CUST_01708,63.2,3,2511.36,3,4,3,343,Loyal Customers,Cluster_3,837.12
CUST_01709,157.9,3,2263.34,2,4,3,243,Loyal Customers,Cluster_3,754.45
CUST_01710,5.2,1,39.34,5,1,1,511,New Customers,Cluster_2,39.34
CUST_01711,19.7,4,2436.47,5,4,3,543,Loyal Customers,Cluster_1,609.12
CUST_01712,23.4,1,197.95,5,1,1,511,New Customers,Cluster_2,197.95
CUST_01713,156.7,3,1989.89,2,4,3,243,Loyal Customers,Cluster_3,663.3
CUST_01714,296.0,1,640.74,1,1,1,111,Lost,Cluster_2,640.74
CUST_01715,182.0,3,1903.61,1,4,3,143,Loyal Customers,Cluster_3,634.54
CUST_01716,181.8,1,804.37,1,1,1,111,Lost,Cluster_2,804.37
CUST_01717,157.0,3,2976.01,2,4,4,244,Loyal Customers,Cluster_3,992.0
CUST_01718,127.2,3,2726.45,2,4,4,244,Loyal Customers,Cluster_3,908.82
CUST_01719,181.2,3,2124.18,1,4,3,143,Loyal Customers,Cluster_3,708.06
CUST_01720,49.0,2,1966.16,4,2,3,423,New Customers,Cluster_3,983.08
CUST_01721,7.8,4,3934.24,5,4,5,545,Champions,Cluster_1,983.56
CUST_01722,220.6,3,2520.24,1,4,3,143,Loyal Customers,Cluster_3,840.08
CUST_01724,68.3,3,2393.41,3,4,3,343,Loyal Customers,Cluster_3,797.8
CUST_01725,22.8,5,4613.37,5,5,5,555,Champions,Cluster_1,922.67
CUST_01726,319.7,1,626.93,1,1,1,111,Lost,Cluster_2,626.93
CUST_01727,226.2,3,2958.9,1,4,4,144,Loyal Customers,Cluster_3,986.3
CUST_01728,40.2,6,3234.56,4,5,4,454,Champions,Cluster_4,539.09
CUST_01730,110.3,3,2234.89,2,4,3,243,Loyal Customers,Cluster_3,744.96
CUST_01731,52.1,2,1815.55,4,2,3,423,New Customers,Cluster_3,907.77
CUST_01733,28.9,4,4056.02,4,4,5,445,Champions,Cluster_4,1014.0
CUST_01734,18.4,4,2008.72,5,4,3,543,Loyal Customers,Cluster_1,502.18
CUST_01735,148.6,3,1812.14,2,4,3,243,Loyal Customers,Cluster_3,604.05
CUST_01736,12.0,4,2630.3,5,4,4,544,Champions,Cluster_1,657.58
CUST_01737,2.8,6,6896.64,5,5,5,555,Champions,Cluster_1,1149.44
CUST_01738,97.9,3,1833.11,3,4,3,343,Loyal Customers,Cluster_3,611.04
CUST_01739,207.9,2,2493.05,1,2,3,123,Potential Loyalists,Cluster_3,1246.53
CUST_01740,84.4,2,1299.42,3,2,2,322,Potential Loyalists,Cluster_3,649.71
CUST_01741,20.9,6,4949.03,5,5,5,555,Champions,Cluster_4,824.84
CUST_01742,211.2,3,2601.17,1,4,4,144,Loyal Customers,Cluster_3,867.06
CUST_01743,67.7,3,3087.34,3,4,4,344,Loyal Customers,Cluster_3,1029.11
CUST_01744,44.3,5,4335.43,4,5,5,455,Champions,Cluster_4,867.09
CUST_01745,29.5,5,2751.63,4,5,4,454,Champions,Cluster_4,550.33
CUST_01746,84.4,7,3868.57,3,5,5,355,Loyal Customers,Cluster_4,552.65
CUST_01747,209.0,2,1574.58,1,2,2,122,Lost,Cluster_3,787.29
CUST_01748,255.2,5,3591.89,1,5,4,154,Loyal Customers,Cluster_4,718.38
CUST_01750,23.1,2,1031.69,5,2,1,521,New Customers,Cluster_3,515.85
CUST_01751,34.3,2,1165.13,4,2,2,422,New Customers,Cluster_3,582.57
CUST_01752,148.2,2,3449.34,2,2,4,224,Potential Loyalists,Cluster_3,1724.67
CUST_01753,163.8,2,2010.01,2,2,3,223,Potential Loyalists,Cluster_3,1005.0
CUST_01754,23.7,4,1657.05,5,4,2,542,Potential Loyalists,Cluster_1,414.26
CUST_01756,60.2,5,3867.58,3,5,5,355,Loyal Customers,Cluster_4,773.52
CUST_01757,132.8,2,1959.01,2,2,3,223,Potential Loyalists,Cluster_3,979.5
CUST_01758,37.8,1,290.74,4,1,1,411,New Customers,Cluster_2,290.74
CUST_01759,58.8,6,4623.39,3,5,5,355,Loyal Customers,Cluster_4,770.57
CUST_01760,335.1,1,536.73,1,1,1,111,Lost,Cluster_2,536.73
CUST_01761,209.0,2,520.54,1,2,1,121,Lost,Cluster_2,260.27
CUST_01762,14.2,7,4224.86,5,5,5,555,Champions,Cluster_1,603.55
CUST_01763,52.9,1,1215.86,4,1,2,412,New Customers,Cluster_2,1215.86
CUST_01764,45.2,3,1732.59,4,4,2,442,Potential Loyalists,Cluster_3,577.53
CUST_01765,168.7,3,1839.9,2,4,3,243,Loyal Customers,Cluster_3,613.3
CUST_01766,159.2,1,752.34,2,1,1,211,Lost,Cluster_2,752.34
CUST_01767,222.2,2,1811.67,1,2,3,123,Potential Loyalists,Cluster_3,905.84
CUST_01768,94.0,3,2010.15,3,4,3,343,Loyal Customers,Cluster_3,670.05
CUST_01769,53.2,4,1707.74,4,4,2,442,Potential Loyalists,Cluster_4,426.94
CUST_01770,80.7,4,3343.32,3,4,4,344,Loyal Customers,Cluster_4,835.83
CUST_01771,80.2,2,1049.76,3,2,2,322,Potential Loyalists,Cluster_3,524.88
CUST_01772,20.6,4,4415.69,5,4,5,545,Champions,Cluster_1,1103.92
CUST_01773,36.6,3,1771.55,4,4,2,442,Potential Loyalists,Cluster_3,590.52
CUST_01774,234.9,2,1207.81,1,2,2,122,Lost,Cluster_3,603.9
CUST_01775,86.7,1,75.96,3,1,1,311,Potential Loyalists,Cluster_2,75.96
CUST_01776,149.3,3,2828.21,2,4,4,244,Loyal Customers,Cluster_3,942.74
CUST_01777,3.0,5,4890.82,5,5,5,555,Champions,Cluster_1,978.16
CUST_01778,29.8,4,3731.81,4,4,5,445,Champions,Cluster_4,932.95
CUST_01779,109.3,2,1397.83,2,2,2,222,Lost,Cluster_3,698.91
CUST_01780,36.3,4,1960.16,4,4,3,443,Loyal Customers,Cluster_1,490.04
CUST_01781,7.5,3,2156.98,5,4,3,543,Loyal Customers,Cluster_1,718.99
CUST_01782,82.1,2,994.14,3,2,1,321,Potential Loyalists,Cluster_3,497.07
CUST_01783,114.9,3,1360.61,2,4,2,242,At Risk,Cluster_3,453.54
CUST_01784,112.8,4,1923.85,2,4,3,243,Loyal Customers,Cluster_4,480.96
CUST_01785,45.3,3,3931.0,4,4,5,445,Champions,Cluster_4,1310.33
CUST_01786,177.4,4,4381.54,1,4,5,145,Loyal Customers,Cluster_4,1095.38
CUST_01787,51.9,4,2096.08,4,4,3,443,Loyal Customers,Cluster_4,524.02
CUST_01788,266.9,1,36.85,1,1,1,111,Lost,Cluster_2,36.85
CUST_01789,9.5,1,422.84,5,1,1,511,New Customers,Cluster_2,422.84
CUST_01790,20.6,2,1520.17,5,2,2,522,New Customers,Cluster_1,760.09
CUST_01791,215.7,2,1743.63,1,2,2,122,Lost,Cluster_3,871.82
CUST_01792,20.5,5,2195.23,5,5,3,553,Loyal Customers,Cluster_1,439.05
CUST_01793,42.1,4,2481.51,4,4,3,443,Loyal Customers,Cluster_4,620.38
CUST_01794,80.4,4,1718.53,3,4,2,342,Potential Loyalists,Cluster_4,429.63
CUST_01795,42.2,3,2703.15,4,4,4,444,Champions,Cluster_3,901.05
CUST_01796,71.4,2,274.8,3,2,1,321,Potential Loyalists,Cluster_2,137.4
CUST_01797,69.3,3,3027.32,3,4,4,344,Loyal Customers,Cluster_3,1009.11
CUST_01798,205.0,3,3284.26,1,4,4,144,Loyal Customers,Cluster_3,1094.75
CUST_01799,32.3,1,828.18,4,1,1,411,New Customers,Cluster_2,828.18
CUST_01800,3.9,3,1288.57,5,4,2,542,Potential Loyalists,Cluster_1,429.52
CUST_01801,7.9,5,3255.75,5,5,4,554,Champions,Cluster_1,651.15
CUST_01802,18.6,1,584.53,5,1,1,511,New Customers,Cluster_2,584.53
CUST_01803,84.0,6,5596.59,3,5,5,355,Loyal Customers,Cluster_4,932.76
CUST_01804,35.0,7,6153.67,4,5,5,455,Champions,Cluster_4,879.1
CUST_01805,226.9,3,3785.8,1,4,5,145,Loyal Customers,Cluster_3,1261.93
CUST_01806,122.6,3,2389.07,2,4,3,243,Loyal Customers,Cluster_3,796.36
CUST_01807,86.6,5,5492.49,3,5,5,355,Loyal Customers,Cluster_4,1098.5
CUST_01808,153.8,2,2147.9,2,2,3,223,Potential Loyalists,Cluster_3,1073.95
CUST_01809,70.1,2,758.17,3,2,1,321,Potential Loyalists,Cluster_3,379.08
CUST_01810,283.9,1,197.95,1,1,1,111,Lost,Cluster_2,197.95
CUST_01811,96.4,6,5898.2,3,5,5,355,Loyal Customers,Cluster_4,983.03
CUST_01812,10.2,4,5425.08,5,4,5,545,Champions,Cluster_1,1356.27
CUST_01813,32.0,5,2046.37,4,5,3,453,Loyal Customers,Cluster_4,409.27
CUST_01814,77.7,5,4940.86,3,5,5,355,Loyal Customers,Cluster_4,988.17
CUST_01815,43.7,4,5617.1,4,4,5,445,Champions,Cluster_4,1404.28
CUST_01816,116.6,2,1921.99,2,2,3,223,Potential Loyalists,Cluster_3,961.0
CUST_01817,193.3,2,750.81,1,2,1,121,Lost,Cluster_2,375.4
CUST_01818,78.9,1,409.64,3,1,1,311,Potential Loyalists,Cluster_2,409.64
CUST_01819,62.5,4,3276.81,3,4,4,344,Loyal Customers,Cluster_4,819.2
CUST_01820,78.0,4,1022.85,3,4,1,341,Potential Loyalists,Cluster_3,255.71
CUST_01821,349.4,1,347.86,1,1,1,111,Lost,Cluster_2,347.86
CUST_01822,293.8,1,334.98,1,1,1,111,Lost,Cluster_2,334.98
CUST_01823,217.9,3,1859.33,1,4,3,143,Loyal Customers,Cluster_3,619.78
CUST_01824,97.4,5,5001.39,3,5,5,355,Loyal Customers,Cluster_4,1000.28
CUST_01825,12.9,2,1655.54,5,2,2,522,New Customers,Cluster_1,827.77
CUST_01826,176.9,2,600.2,1,2,1,121,Lost,Cluster_2,300.1
CUST_01827,75.8,7,6357.97,3,5,5,355,Loyal Customers,Cluster_4,908.28
CUST_01828,201.4,4,3801.15,1,4,5,145,Loyal Customers,Cluster_4,950.29
CUST_01829,141.2,2,2417.96,2,2,3,223,Potential Loyalists,Cluster_3,1208.98
CUST_01830,73.3,2,563.1,3,2,1,321,Potential Loyalists,Cluster_2,281.55
CUST_01831,20.5,1,866.18,5,1,1,511,New Customers,Cluster_2,866.18
CUST_01832,59.9,2,1260.86,3,2,2,322,Potential Loyalists,Cluster_3,630.43
CUST_01833,63.0,4,5449.84,3,4,5,345,Loyal Customers,Cluster_4,1362.46
CUST_01834,214.3,1,378.1,1,1,1,111,Lost,Cluster_2,378.1
CUST_01836,173.0,1,1524.55,2,1,2,212,Lost,Cluster_2,1524.55
CUST_01837,74.1,3,2227.1,3,4,3,343,Loyal Customers,Cluster_3,742.37
CUST_01838,311.6,1,451.98,1,1,1,111,Lost,Cluster_2,451.98
CUST_01839,275.1,1,503.5,1,1,1,111,Lost,Cluster_2,503.5
CUST_01840,22.1,4,2802.51,5,4,4,544,Champions,Cluster_1,700.63
CUST_01841,14.4,6,3720.37,5,5,5,555,Champions,Cluster_1,620.06
CUST_01842,138.7,4,1896.58,2,4,3,243,Loyal Customers,Cluster_3,474.14
CUST_01843,19.2,6,3480.29,5,5,4,554,Champions,Cluster_1,580.05
CUST_01844,185.1,1,1258.24,1,1,2,112,Lost,Cluster_2,1258.24
CUST_01845,94.3,4,1700.82,3,4,2,342,Potential Loyalists,Cluster_3,425.2
CUST_01846,13.2,4,2402.54,5,4,3,543,Loyal Customers,Cluster_1,600.63
CUST_01847,52.0,3,1482.81,4,4,2,442,Potential Loyalists,Cluster_3,494.27
CUST_01848,125.4,1,650.55,2,1,1,211,Lost,Cluster_2,650.55
CUST_01849,234.9,2,1708.3,1,2,2,122,Lost,Cluster_3,854.15
CUST_01850,27.6,4,2112.96,4,4,3,443,Loyal Customers,Cluster_1,528.24
CUST_01851,330.9,1,939.19,1,1,1,111,Lost,Cluster_2,939.19
CUST_01852,43.9,6,2890.46,4,5,4,454,Champions,Cluster_4,481.74
CUST_01853,16.4,5,5828.18,5,5,5,555,Champions,Cluster_1,1165.64
CUST_01854,226.7,2,364.88,1,2,1,121,Lost,Cluster_2,182.44
CUST_01855,260.0,1,303.16,1,1,1,111,Lost,Cluster_2,303.16
CUST_01856,239.8,2,1594.85,1,2,2,122,Lost,Cluster_3,797.42
CUST_01857,105.2,2,2275.06,2,2,3,223,Potential Loyalists,Cluster_3,1137.53
CUST_01858,38.3,5,4080.51,4,5,5,455,Champions,Cluster_4,816.1
CUST_01859,44.7,5,7661.05,4,5,5,455,Champions,Cluster_4,1532.21
CUST_01860,161.1,5,2136.57,2,5,3,253,Loyal Customers,Cluster_4,427.31
CUST_01861,150.8,2,1009.57,2,2,1,221,Lost,Cluster_3,504.79
CUST_01862,17.7,1,506.58,5,1,1,511,New Customers,Cluster_2,506.58
CUST_01863,5.4,7,7843.61,5,5,5,555,Champions,Cluster_1,1120.52
CUST_01864,71.9,7,7406.1,3,5,5,355,Loyal Customers,Cluster_4,1058.01
CUST_01865,167.6,2,2749.13,2,2,4,224,Potential Loyalists,Cluster_3,1374.57
CUST_01866,3.7,3,1332.13,5,4,2,542,Potential Loyalists,Cluster_1,444.04
CUST_01867,308.7,2,967.54,1,2,1,121,Lost,Cluster_3,483.77
CUST_01868,205.2,3,3117.07,1,4,4,144,Loyal Customers,Cluster_3,1039.02
CUST_01869,55.5,4,2517.23,4,4,3,443,Loyal Customers,Cluster_4,629.31
CUST_01870,135.5,5,4621.34,2,5,5,255,Loyal Customers,Cluster_4,924.27
CUST_01871,36.1,4,2713.78,4,4,4,444,Champions,Cluster_4,678.45
CUST_01872,4.8,4,4800.29,5,4,5,545,Champions,Cluster_1,1200.07
CUST_01873,39.2,5,7470.23,4,5,5,455,Champions,Cluster_4,1494.05
CUST_01874,43.6,3,2501.3,4,4,3,443,Loyal Customers,Cluster_3,833.77
CUST_01875,310.4,2,2715.95,1,2,4,124,Potential Loyalists,Cluster_3,1357.97
CUST_01876,139.6,4,3463.23,2,4,4,244,Loyal Customers,Cluster_4,865.81
CUST_01877,16.8,3,1777.37,5,4,3,543,Loyal Customers,Cluster_1,592.46
CUST_01878,258.5,1,1527.81,1,1,2,112,Lost,Cluster_2,1527.81
CUST_01879,3.3,3,2287.85,5,4,3,543,Loyal Customers,Cluster_1,762.62
CUST_01880,101.3,2,692.2,3,2,1,321,Potential Loyalists,Cluster_2,346.1
CUST_01881,5.9,1,1764.17,5,1,2,512,New Customers,Cluster_1,1764.17
CUST_01882,157.4,2,704.11,2,2,1,221,Lost,Cluster_2,352.06
CUST_01883,359.7,1,1031.52,1,1,1,111,Lost,Cluster_2,1031.52
CUST_01884,91.3,1,732.84,3,1,1,311,Potential Loyalists,Cluster_2,732.84
CUST_01885,42.9,1,1151.17,4,1,2,412,New Customers,Cluster_2,1151.17
CUST_01886,140.3,6,4781.74,2,5,5,255,Loyal Customers,Cluster_4,796.96
CUST_01887,19.6,2,1029.1,5,2,1,521,New Customers,Cluster_3,514.55
CUST_01888,110.5,5,3800.67,2,5,5,255,Loyal Customers,Cluster_4,760.13
CUST_01889,25.7,3,2415.02,5,4,3,543,Loyal Customers,Cluster_1,805.01
CUST_01890,173.8,4,2892.3,2,4,4,244,Loyal Customers,Cluster_4,723.08
CUST_01891,90.9,2,1078.34,3,2,2,322,Potential Loyalists,Cluster_3,539.17
CUST_01892,218.0,2,384.32,1,2,1,121,Lost,Cluster_2,192.16
CUST_01893,26.8,4,4348.39,5,4,5,545,Champions,Cluster_1,1087.1
CUST_01894,338.5,2,1566.64,1,2,2,122,Lost,Cluster_3,783.32
CUST_01895,151.1,4,3220.41,2,4,4,244,Loyal Customers,Cluster_4,805.1
CUST_01896,63.5,7,4267.95,3,5,5,355,Loyal Customers,Cluster_4,609.71
CUST_01897,10.7,3,1692.12,5,4,2,542,Potential Loyalists,Cluster_1,564.04
CUST_01898,136.7,3,1607.21,2,4,2,242,At Risk,Cluster_3,535.74
CUST_01899,91.7,5,3007.84,3,5,4,354,Loyal Customers,Cluster_4,601.57
CUST_01900,21.9,1,797.85,5,1,1,511,New Customers,Cluster_2,797.85
CUST_01901,111.2,2,2020.56,2,2,3,223,Potential Loyalists,Cluster_3,1010.28
CUST_01902,12.8,3,451.36,5,4,1,541,Potential Loyalists,Cluster_1,150.45
CUST_01903,113.5,3,1019.93,2,4,1,241,At Risk,Cluster_3,339.98
CUST_01904,95.9,2,2973.1,3,2,4,324,Potential Loyalists,Cluster_3,1486.55
CUST_01905,24.3,4,3485.93,5,4,4,544,Champions,Cluster_1,871.48
CUST_01906,167.1,2,1530.27,2,2,2,222,Lost,Cluster_3,765.13
CUST_01907,145.6,3,1412.08,2,4,2,242,At Risk,Cluster_3,470.69
CUST_01908,145.5,2,2824.84,2,2,4,224,Potential Loyalists,Cluster_3,1412.42
CUST_01909,86.8,3,770.97,3,4,1,341,Potential Loyalists,Cluster_3,256.99
CUST_01910,66.7,1,1374.19,3,1,2,312,Potential Loyalists,Cluster_2,1374.19
CUST_01911,101.6,3,1545.15,3,4,2,342,Potential Loyalists,Cluster_3,515.05
CUST_01912,173.5,2,2441.45,2,2,3,223,Potential Loyalists,Cluster_3,1220.72
CUST_01914,196.5,1,187.46,1,1,1,111,Lost,Cluster_2,187.46
CUST_01915,8.9,3,2057.51,5,4,3,543,Loyal Customers,Cluster_1,685.84
CUST_01917,241.0,1,648.9,1,1,1,111,Lost,Cluster_2,648.9
CUST_01919,19.4,5,4565.32,5,5,5,555,Champions,Cluster_1,913.06
CUST_01920,135.1,3,3607.1,2,4,4,244,Loyal Customers,Cluster_3,1202.37
CUST_01921,189.7,2,1515.14,1,2,2,122,Lost,Cluster_3,757.57
CUST_01922,121.8,4,3224.75,2,4,4,244,Loyal Customers,Cluster_4,806.19
CUST_01923,290.0,3,1015.33,1,4,1,141,At Risk,Cluster_3,338.44
CUST_01924,94.2,3,1905.51,3,4,3,343,Loyal Customers,Cluster_3,635.17
CUST_01925,70.0,7,4607.29,3,5,5,355,Loyal Customers,Cluster_4,658.18
CUST_01926,31.2,6,3167.68,4,5,4,454,Champions,Cluster_4,527.95
CUST_01927,158.5,5,3256.72,2,5,4,254,Loyal Customers,Cluster_4,651.34
CUST_01928,58.8,5,3808.94,3,5,5,355,Loyal Customers,Cluster_4,761.79
CUST_01929,71.9,5,6085.24,3,5,5,355,Loyal Customers,Cluster_4,1217.05
CUST_01931,13.7,3,454.16,5,4,1,541,Potential Loyalists,Cluster_1,151.39
CUST_01932,27.0,2,3310.03,5,2,4,524,New Customers,Cluster_1,1655.02
CUST_01933,100.2,1,426.76,3,1,1,311,Potential Loyalists,Cluster_2,426.76
CUST_01934,186.2,2,1085.35,1,2,2,122,Lost,Cluster_3,542.67
CUST_01935,33.1,7,7117.1,4,5,5,455,Champions,Cluster_4,1016.73
CUST_01936,95.7,2,1350.35,3,2,2,322,Potential Loyalists,Cluster_3,675.17
CUST_01937,218.7,1,834.1,1,1,1,111,Lost,Cluster_2,834.1
CUST_01938,52.4,3,2256.04,4,4,3,443,Loyal Customers,Cluster_3,752.01
CUST_01939,3.7,4,2792.01,5,4,4,544,Champions,Cluster_1,698.0
CUST_01940,89.5,6,3522.46,3,5,4,354,Loyal Customers,Cluster_4,587.08
CUST_01941,112.2,5,3645.73,2,5,4,254,Loyal Customers,Cluster_4,729.15
CUST_01942,245.4,1,862.65,1,1,1,111,Lost,Cluster_2,862.65
CUST_01943,7.6,4,1582.9,5,4,2,542,Potential Loyalists,Cluster_1,395.73
CUST_01944,56.4,7,4076.33,4,5,5,455,Champions,Cluster_4,582.33
CUST_01945,29.1,5,4771.08,4,5,5,455,Champions,Cluster_4,954.22
CUST_01946,148.0,4,3642.72,2,4,4,244,Loyal Customers,Cluster_4,910.68
CUST_01947,8.4,5,4045.67,5,5,5,555,Champions,Cluster_1,809.13
CUST_01949,1.3,3,1481.25,5,4,2,542,Potential Loyalists,Cluster_1,493.75
CUST_01950,15.9,4,4197.29,5,4,5,545,Champions,Cluster_1,1049.32
CUST_01951,17.4,7,5927.35,5,5,5,555,Champions,Cluster_4,846.76
CUST_01952,2.0,3,1718.52,5,4,2,542,Potential Loyalists,Cluster_1,572.84
CUST_01953,79.0,3,2316.52,3,4,3,343,Loyal Customers,Cluster_3,772.17
CUST_01954,40.8,4,1402.53,4,4,2,442,Potential Loyalists,Cluster_4,350.63
CUST_01955,107.9,2,764.76,2,2,1,221,Lost,Cluster_2,382.38
CUST_01956,217.1,3,1366.42,1,4,2,142,At Risk,Cluster_3,455.47
CUST_01957,225.7,5,2169.49,1,5,3,153,Loyal Customers,Cluster_4,433.9
CUST_01958,258.4,4,1324.08,1,4,2,142,At Risk,Cluster_3,331.02
CUST_01959,55.4,2,405.67,4,2,1,421,New Customers,Cluster_2,202.84
CUST_01960,49.6,2,1536.64,4,2,2,422,New Customers,Cluster_3,768.32
CUST_01961,161.8,3,3248.47,2,4,4,244,Loyal Customers,Cluster_3,1082.82
CUST_01962,10.9,4,3649.17,5,4,4,544,Champions,Cluster_1,912.29
CUST_01963,287.3,3,2575.09,1,4,3,143,Loyal Customers,Cluster_3,858.36
CUST_01964,59.7,5,5170.07,3,5,5,355,Loyal Customers,Cluster_4,1034.01
CUST_01965,16.8,3,1207.81,5,4,2,542,Potential Loyalists,Cluster_1,402.6
CUST_01966,155.0,4,2467.41,2,4,3,243,Loyal Customers,Cluster_4,616.85
CUST_01967,118.3,1,283.68,2,1,1,211,Lost,Cluster_2,283.68
CUST_01968,51.1,5,2520.59,4,5,3,453,Loyal Customers,Cluster_4,504.12
CUST_01969,237.6,2,2046.88,1,2,3,123,Potential Loyalists,Cluster_3,1023.44
CUST_01970,88.4,2,1091.59,3,2,2,322,Potential Loyalists,Cluster_3,545.79
CUST_01971,5.4,6,3559.95,5,5,4,554,Champions,Cluster_1,593.32
CUST_01972,96.7,3,2270.58,3,4,3,343,Loyal Customers,Cluster_3,756.86
CUST_01973,156.4,1,132.8,2,1,1,211,Lost,Cluster_2,132.8
CUST_01974,52.8,1,482.92,4,1,1,411,New Customers,Cluster_2,482.92
CUST_01975,318.9,2,1318.99,1,2,2,122,Lost,Cluster_3,659.5
CUST_01976,109.9,3,1039.47,2,4,2,242,At Risk,Cluster_3,346.49
CUST_01977,147.8,3,1759.08,2,4,2,242,At Risk,Cluster_3,586.36
CUST_01978,92.4,2,716.67,3,2,1,321,Potential Loyalists,Cluster_2,358.33
CUST_01979,124.0,3,1216.22,2,4,2,242,At Risk,Cluster_3,405.41
CUST_01980,110.0,5,5421.35,2,5,5,255,Loyal Customers,Cluster_4,1084.27
CUST_01981,65.6,2,1725.94,3,2,2,322,Potential Loyalists,Cluster_3,862.97
CUST_01982,39.7,5,3692.49,4,5,5,455,Champions,Cluster_4,738.5
CUST_01984,17.8,8,6280.27,5,5,5,555,Champions,Cluster_4,785.03
CUST_01985,344.9,1,1059.02,1,1,2,112,Lost,Cluster_2,1059.02
CUST_01986,61.5,4,5731.83,3,4,5,345,Loyal Customers,Cluster_4,1432.96
CUST_01987,182.9,3,2818.65,1,4,4,144,Loyal Customers,Cluster_3,939.55
CUST_01988,62.5,4,4751.11,3,4,5,345,Loyal Customers,Cluster_4,1187.78
CUST_01989,143.8,3,3825.89,2,4,5,245,Loyal Customers,Cluster_3,1275.3
CUST_01990,107.1,1,1378.21,2,1,2,212,Lost,Cluster_2,1378.21
CUST_01991,49.1,3,1271.99,4,4,2,442,Potential Loyalists,Cluster_3,424.0
CUST_01992,166.6,3,3573.97,2,4,4,244,Loyal Customers,Cluster_3,1191.32
CUST_01993,56.0,5,2336.86,4,5,3,453,Loyal Customers,Cluster_4,467.37
CUST_01994,110.5,3,2843.01,2,4,4,244,Loyal Customers,Cluster_3,947.67
CUST_01995,269.0,3,1140.5,1,4,2,142,At Risk,Cluster_3,380.17
CUST_01996,71.4,4,1329.35,3,4,2,342,Potential Loyalists,Cluster_3,332.34
CUST_01997,66.2,3,4577.51,3,4,5,345,Loyal Customers,Cluster_4,1525.84
CUST_01998,65.8,3,3435.75,3,4,4,344,Loyal Customers,Cluster_4,1145.25
CUST_01999,27.2,3,1510.6,5,4,2,542,Potential Loyalists,Cluster_1,503.53
CUST_02000,45.3,3,1460.69,4,4,2,442,Potential Loyalists,Cluster_3,486.9
CUST_02001,167.7,1,264.66,2,1,1,211,Lost,Cluster_2,264.66
CUST_02002,85.0,5,2422.05,3,5,3,353,Loyal Customers,Cluster_4,484.41
CUST_02003,69.9,1,36.85,3,1,1,311,Potential Loyalists,Cluster_2,36.85
CUST_02004,78.4,4,2233.91,3,4,3,343,Loyal Customers,Cluster_4,558.48
CUST_02005,161.1,2,401.94,2,2,1,221,Lost,Cluster_2,200.97
CUST_02006,30.0,7,4101.82,4,5,5,455,Champions,Cluster_4,585.97
CUST_02008,226.5,3,1231.82,1,4,2,142,At Risk,Cluster_3,410.61
CUST_02009,89.3,8,5187.51,3,5,5,355,Loyal Customers,Cluster_4,648.44
CUST_02010,149.4,4,569.57,2,4,1,241,At Risk,Cluster_3,142.39
CUST_02011,187.3,3,1420.16,1,4,2,142,At Risk,Cluster_3,473.39
CUST_02012,142.4,2,2300.3,2,2,3,223,Potential Loyalists,Cluster_3,1150.15
CUST_02013,5.4,5,3491.3,5,5,4,554,Champions,Cluster_1,698.26
CUST_02014,18.7,9,8436.89,5,5,5,555,Champions,Cluster_4,937.43
CUST_02015,5.4,6,1787.04,5,5,3,553,Loyal Customers,Cluster_1,297.84
CUST_02016,84.4,5,3348.8,3,5,4,354,Loyal Customers,Cluster_4,669.76
CUST_02017,155.5,2,1260.31,2,2,2,222,Lost,Cluster_3,630.15
CUST_02018,17.8,2,1632.8,5,2,2,522,New Customers,Cluster_1,816.4
CUST_02019,52.1,2,561.38,4,2,1,421,New Customers,Cluster_2,280.69
CUST_02020,23.6,3,1495.11,5,4,2,542,Potential Loyalists,Cluster_1,498.37
CUST_02021,36.4,2,198.96,4,2,1,421,New Customers,Cluster_2,99.48
CUST_02022,198.6,1,1264.84,1,1,2,112,Lost,Cluster_2,1264.84
CUST_02023,128.2,2,1541.55,2,2,2,222,Lost,Cluster_3,770.77
CUST_02024,185.8,2,1451.35,1,2,2,122,Lost,Cluster_3,725.67
CUST_02025,16.6,4,4895.23,5,4,5,545,Champions,Cluster_1,1223.81
CUST_02026,41.1,3,1908.18,4,4,3,443,Loyal Customers,Cluster_3,636.06
CUST_02027,72.1,5,2566.52,3,5,3,353,Loyal Customers,Cluster_4,513.3
CUST_02028,83.0,4,3467.93,3,4,4,344,Loyal Customers,Cluster_4,866.98
CUST_02029,152.5,6,5071.46,2,5,5,255,Loyal Customers,Cluster_4,845.24
CUST_02030,293.6,1,235.0,1,1,1,111,Lost,Cluster_2,235.0
CUST_02031,28.4,2,1823.73,4,2,3,423,New Customers,Cluster_3,911.87
CUST_02033,223.6,3,2597.86,1,4,4,144,Loyal Customers,Cluster_3,865.95
CUST_02034,231.4,3,1557.28,1,4,2,142,At Risk,Cluster_3,519.09
CUST_02035,42.6,1,1380.64,4,1,2,412,New Customers,Cluster_2,1380.64
CUST_02036,5.1,4,2749.3,5,4,4,544,Champions,Cluster_1,687.33
CUST_02037,86.9,3,2396.14,3,4,3,343,Loyal Customers,Cluster_3,798.71
CUST_02038,76.6,5,2121.38,3,5,3,353,Loyal Customers,Cluster_4,424.28
CUST_02039,86.9,3,3559.56,3,4,4,344,Loyal Customers,Cluster_4,1186.52
CUST_02040,175.6,5,2770.65,2,5,4,254,Loyal Customers,Cluster_4,554.13
CUST_02041,128.6,4,2525.59,2,4,3,243,Loyal Customers,Cluster_4,631.4
CUST_02042,123.1,2,1559.6,2,2,2,222,Lost,Cluster_3,779.8
CUST_02043,154.9,3,1336.19,2,4,2,242,At Risk,Cluster_3,445.4
CUST_02044,5.9,4,3332.39,5,4,4,544,Champions,Cluster_1,833.1
CUST_02045,27.5,4,2870.0,4,4,4,444,Champions,Cluster_1,717.5
CUST_02046,208.5,1,1268.13,1,1,2,112,Lost,Cluster_2,1268.13
CUST_02047,32.3,5,2474.13,4,5,3,453,Loyal Customers,Cluster_4,494.83
CUST_02048,37.7,2,848.94,4,2,1,421,New Customers,Cluster_3,424.47
CUST_02049,244.7,2,902.22,1,2,1,121,Lost,Cluster_3,451.11
CUST_02050,3.7,4,4591.33,5,4,5,545,Champions,Cluster_1,1147.83
CUST_02051,32.6,3,2838.31,4,4,4,444,Champions,Cluster_1,946.1
CUST_02052,164.5,3,2728.51,2,4,4,244,Loyal Customers,Cluster_3,909.5
CUST_02053,287.7,1,268.31,1,1,1,111,Lost,Cluster_2,268.31
CUST_02055,129.3,2,1675.53,2,2,2,222,Lost,Cluster_3,837.76
CUST_02056,351.3,1,1127.49,1,1,2,112,Lost,Cluster_2,1127.49
CUST_02057,107.6,1,867.24,2,1,1,211,Lost,Cluster_2,867.24
CUST_02058,98.6,3,1881.18,3,4,3,343,Loyal Customers,Cluster_3,627.06
CUST_02059,323.2,1,1724.27,1,1,2,112,Lost,Cluster_3,1724.27
CUST_02060,217.5,1,32.2,1,1,1,111,Lost,Cluster_2,32.2
CUST_02061,43.8,4,2325.13,4,4,3,443,Loyal Customers,Cluster_4,581.28
CUST_02062,49.4,6,6533.82,4,5,5,455,Champions,Cluster_4,1088.97
CUST_02063,68.2,4,3862.54,3,4,5,345,Loyal Customers,Cluster_4,965.63
CUST_02064,151.8,1,466.95,2,1,1,211,Lost,Cluster_2,466.95
CUST_02066,100.2,3,2937.42,3,4,4,344,Loyal Customers,Cluster_3,979.14
CUST_02067,55.3,4,4011.66,4,4,5,445,Champions,Cluster_4,1002.91
CUST_02068,53.7,5,3763.71,4,5,5,455,Champions,Cluster_4,752.74
CUST_02069,173.1,2,2206.76,2,2,3,223,Potential Loyalists,Cluster_3,1103.38
CUST_02070,323.1,1,1483.25,1,1,2,112,Lost,Cluster_2,1483.25
CUST_02071,130.9,2,740.95,2,2,1,221,Lost,Cluster_2,370.48
CUST_02072,27.3,4,3800.57,5,4,5,545,Champions,Cluster_1,950.14
CUST_02073,218.8,3,2135.77,1,4,3,143,Loyal Customers,Cluster_3,711.92
CUST_02074,94.1,2,1198.56,3,2,2,322,Potential Loyalists,Cluster_3,599.28
CUST_02076,117.2,1,54.79,2,1,1,211,Lost,Cluster_2,54.79
CUST_02077,64.9,3,1459.76,3,4,2,342,Potential Loyalists,Cluster_3,486.59
CUST_02078,84.6,4,2226.91,3,4,3,343,Loyal Customers,Cluster_4,556.73
CUST_02079,90.9,4,3712.69,3,4,5,345,Loyal Customers,Cluster_4,928.17
CUST_02080,150.8,2,1572.4,2,2,2,222,Lost,Cluster_3,786.2
CUST_02081,207.9,3,1342.4,1,4,2,142,At Risk,Cluster_3,447.47
CUST_02082,61.7,3,1887.44,3,4,3,343,Loyal Customers,Cluster_3,629.15
CUST_02083,32.7,3,5189.7,4,4,5,445,Champions,Cluster_4,1729.9
CUST_02084,61.3,3,1667.14,3,4,2,342,Potential Loyalists,Cluster_3,555.71
CUST_02086,152.3,3,1146.87,2,4,2,242,At Risk,Cluster_3,382.29
CUST_02087,210.8,3,2837.38,1,4,4,144,Loyal Customers,Cluster_3,945.79
CUST_02088,20.8,7,7466.58,5,5,5,555,Champions,Cluster_4,1066.65
CUST_02089,290.7,2,1653.6,1,2,2,122,Lost,Cluster_3,826.8
CUST_02090,59.9,1,656.77,3,1,1,311,Potential Loyalists,Cluster_2,656.77
CUST_02091,120.1,4,1834.34,2,4,3,243,Loyal Customers,Cluster_3,458.58
CUST_02093,215.1,3,1669.68,1,4,2,142,At Risk,Cluster_3,556.56
CUST_02094,9.9,2,2729.09,5,2,4,524,New Customers,Cluster_1,1364.55
CUST_02095,131.1,5,2629.11,2,5,4,254,Loyal Customers,Cluster_4,525.82
CUST_02096,108.8,7,2826.97,2,5,4,254,Loyal Customers,Cluster_4,403.85
CUST_02097,346.6,1,462.21,1,1,1,111,Lost,Cluster_2,462.21
CUST_02098,151.0,1,367.82,2,1,1,211,Lost,Cluster_2,367.82
CUST_02099,45.9,4,3189.84,4,4,4,444,Champions,Cluster_4,797.46
CUST_02100,105.0,3,2559.85,2,4,3,243,Loyal Customers,Cluster_3,853.28
CUST_02101,23.1,2,480.97,5,2,1,521,New Customers,Cluster_2,240.49
CUST_02102,181.7,1,229.11,1,1,1,111,Lost,Cluster_2,229.11
CUST_02103,30.7,3,2588.55,4,4,4,444,Champions,Cluster_1,862.85
CUST_02104,135.6,5,6715.88,2,5,5,255,Loyal Customers,Cluster_4,1343.18
CUST_02105,197.4,4,4057.08,1,4,5,145,Loyal Customers,Cluster_4,1014.27
CUST_02106,273.6,3,4150.93,1,4,5,145,Loyal Customers,Cluster_3,1383.64
CUST_02107,355.5,1,432.29,1,1,1,111,Lost,Cluster_2,432.29
CUST_02108,16.4,1,318.9,5,1,1,511,New Customers,Cluster_2,318.9
CUST_02109,52.9,3,1884.11,4,4,3,443,Loyal Customers,Cluster_3,628.04
CUST_02110,320.9,1,73.7,1,1,1,111,Lost,Cluster_2,73.7
CUST_02111,142.7,2,1733.91,2,2,2,222,Lost,Cluster_3,866.96
CUST_02112,45.3,5,5965.27,4,5,5,455,Champions,Cluster_4,1193.05
CUST_02113,348.2,1,473.2,1,1,1,111,Lost,Cluster_2,473.2
CUST_02114,35.4,2,579.01,4,2,1,421,New Customers,Cluster_2,289.5
CUST_02115,31.0,4,2524.76,4,4,3,443,Loyal Customers,Cluster_1,631.19
CUST_02116,29.2,3,2483.65,4,4,3,443,Loyal Customers,Cluster_1,827.88
CUST_02117,55.1,5,4220.75,4,5,5,455,Champions,Cluster_4,844.15
CUST_02118,15.0,5,3598.51,5,5,4,554,Champions,Cluster_1,719.7
CUST_02119,133.3,1,781.23,2,1,1,211,Lost,Cluster_2,781.23
CUST_02120,42.0,1,2642.05,4,1,4,414,New Customers,Cluster_3,2642.05
CUST_02121,138.2,4,3723.4,2,4,5,245,Loyal Customers,Cluster_4,930.85
CUST_02122,185.6,3,1934.24,1,4,3,143,Loyal Customers,Cluster_3,644.75
CUST_02123,63.1,3,2007.64,3,4,3,343,Loyal Customers,Cluster_3,669.21
CUST_02124,225.5,1,415.24,1,1,1,111,Lost,Cluster_2,415.24
CUST_02125,91.8,7,4507.25,3,5,5,355,Loyal Customers,Cluster_4,643.89
CUST_02126,47.5,2,2354.03,4,2,3,423,New Customers,Cluster_3,1177.02
CUST_02127,262.4,2,1114.66,1,2,2,122,Lost,Cluster_3,557.33
CUST_02128,14.7,4,1416.1,5,4,2,542,Potential Loyalists,Cluster_1,354.02
CUST_02129,115.6,6,4516.94,2,5,5,255,Loyal Customers,Cluster_4,752.82
CUST_02130,67.9,3,1718.25,3,4,2,342,Potential Loyalists,Cluster_3,572.75
CUST_02131,22.3,3,2723.31,5,4,4,544,Champions,Cluster_1,907.77
CUST_02132,194.4,2,1699.39,1,2,2,122,Lost,Cluster_3,849.7
CUST_02133,245.2,2,1699.93,1,2,2,122,Lost,Cluster_3,849.97
CUST_02134,238.9,3,894.8,1,4,1,141,At Risk,Cluster_3,298.27
CUST_02135,9.3,2,1281.14,5,2,2,522,New Customers,Cluster_1,640.57
CUST_02136,119.9,5,2309.9,2,5,3,253,Loyal Customers,Cluster_4,461.98
CUST_02137,42.5,2,2155.07,4,2,3,423,New Customers,Cluster_3,1077.54
CUST_02138,78.0,4,1995.45,3,4,3,343,Loyal Customers,Cluster_4,498.86
CUST_02139,141.8,3,4600.73,2,4,5,245,Loyal Customers,Cluster_4,1533.58
CUST_02140,12.5,2,1843.19,5,2,3,523,New Customers,Cluster_1,921.6
CUST_02141,248.4,1,1406.66,1,1,2,112,Lost,Cluster_2,1406.66
CUST_02142,117.1,4,2186.91,2,4,3,243,Loyal Customers,Cluster_4,546.73
CUST_02143,68.9,3,2688.02,3,4,4,344,Loyal Customers,Cluster_3,896.01
CUST_02144,20.4,6,3181.57,5,5,4,554,Champions,Cluster_1,530.26
CUST_02145,15.0,3,3861.27,5,4,5,545,Champions,Cluster_1,1287.09
CUST_02146,4.3,4,2061.16,5,4,3,543,Loyal Customers,Cluster_1,515.29
CUST_02147,17.2,6,5417.69,5,5,5,555,Champions,Cluster_1,902.95
CUST_02148,24.5,4,3704.58,5,4,5,545,Champions,Cluster_1,926.14
CUST_02149,43.1,7,5442.04,4,5,5,455,Champions,Cluster_4,777.43
CUST_02150,67.9,3,3385.72,3,4,4,344,Loyal Customers,Cluster_4,1128.57
CUST_02151,131.9,4,2477.72,2,4,3,243,Loyal Customers,Cluster_4,619.43
CUST_02152,4.0,2,2407.73,5,2,3,523,New Customers,Cluster_1,1203.87
CUST_02153,192.5,1,1178.2,1,1,2,112,Lost,Cluster_2,1178.2
CUST_02154,37.4,5,5192.98,4,5,5,455,Champions,Cluster_4,1038.6
CUST_02155,154.7,2,977.13,2,2,1,221,Lost,Cluster_3,488.56
CUST_02156,184.8,1,1314.4,1,1,2,112,Lost,Cluster_2,1314.4
CUST_02157,32.3,6,2561.7,4,5,3,453,Loyal Customers,Cluster_4,426.95
CUST_02158,43.8,2,1263.61,4,2,2,422,New Customers,Cluster_3,631.8
CUST_02159,55.7,2,574.25,4,2,1,421,New Customers,Cluster_2,287.12
CUST_02160,147.4,1,171.78,2,1,1,211,Lost,Cluster_2,171.78
CUST_02161,31.2,4,5567.73,4,4,5,445,Champions,Cluster_4,1391.93
CUST_02162,27.2,3,1187.29,5,4,2,542,Potential Loyalists,Cluster_1,395.76
CUST_02164,100.3,5,4095.56,3,5,5,355,Loyal Customers,Cluster_4,819.11
CUST_02165,180.8,4,1534.21,1,4,2,142,At Risk,Cluster_3,383.55
CUST_02166,136.7,2,1452.78,2,2,2,222,Lost,Cluster_3,726.39
CUST_02167,81.8,7,8134.35,3,5,5,355,Loyal Customers,Cluster_4,1162.05
CUST_02168,70.9,4,3850.52,3,4,5,345,Loyal Customers,Cluster_4,962.63
CUST_02169,9.2,3,2103.4,5,4,3,543,Loyal Customers,Cluster_1,701.13
CUST_02170,117.9,4,3304.42,2,4,4,244,Loyal Customers,Cluster_4,826.11
CUST_02171,8.0,2,1638.61,5,2,2,522,New Customers,Cluster_1,819.3
CUST_02172,39.0,3,2602.0,4,4,4,444,Champions,Cluster_3,867.33
CUST_02173,28.0,3,2339.26,4,4,3,443,Loyal Customers,Cluster_1,779.75
CUST_02174,80.4,3,3179.06,3,4,4,344,Loyal Customers,Cluster_3,1059.69
CUST_02175,173.3,5,5459.33,2,5,5,255,Loyal Customers,Cluster_4,1091.87
CUST_02176,113.5,6,4112.61,2,5,5,255,Loyal Customers,Cluster_4,685.43
CUST_02178,151.8,3,978.48,2,4,1,241,At Risk,Cluster_3,326.16
CUST_02179,51.9,5,1610.25,4,5,2,452,Potential Loyalists,Cluster_4,322.05
CUST_02181,12.5,3,2347.6,5,4,3,543,Loyal Customers,Cluster_1,782.53
CUST_02182,43.7,6,3738.0,4,5,5,455,Champions,Cluster_4,623.0
CUST_02183,51.8,2,1520.3,4,2,2,422,New Customers,Cluster_3,760.15
CUST_02184,86.6,2,3619.03,3,2,4,324,Potential Loyalists,Cluster_3,1809.52
CUST_02185,38.0,5,2364.61,4,5,3,453,Loyal Customers,Cluster_4,472.92
CUST_02186,33.1,5,5243.44,4,5,5,455,Champions,Cluster_4,1048.69
CUST_02187,245.7,4,3715.78,1,4,5,145,Loyal Customers,Cluster_4,928.95
CUST_02188,95.1,4,4138.21,3,4,5,345,Loyal Customers,Cluster_4,1034.55
CUST_02189,74.9,2,2067.5,3,2,3,323,Potential Loyalists,Cluster_3,1033.75
CUST_02190,185.3,2,765.2,1,2,1,121,Lost,Cluster_2,382.6
CUST_02191,186.0,2,1019.73,1,2,1,121,Lost,Cluster_3,509.87
CUST_02192,16.4,4,4869.45,5,4,5,545,Champions,Cluster_1,1217.36
CUST_02193,49.7,2,591.49,4,2,1,421,New Customers,Cluster_2,295.75
CUST_02194,24.2,6,6899.66,5,5,5,555,Champions,Cluster_4,1149.94
CUST_02195,112.1,1,477.39,2,1,1,211,Lost,Cluster_2,477.39
CUST_02196,285.9,2,1231.84,1,2,2,122,Lost,Cluster_3,615.92
CUST_02197,44.7,4,2308.86,4,4,3,443,Loyal Customers,Cluster_4,577.22
CUST_02198,57.7,3,1395.5,4,4,2,442,Potential Loyalists,Cluster_3,465.17
CUST_02199,195.0,2,1179.1,1,2,2,122,Lost,Cluster_3,589.55
CUST_02200,23.6,4,2344.56,5,4,3,543,Loyal Customers,Cluster_1,586.14
CUST_02201,153.4,6,3287.52,2,5,4,254,Loyal Customers,Cluster_4,547.92
CUST_02202,21.0,3,2006.81,5,4,3,543,Loyal Customers,Cluster_1,668.94
CUST_02203,73.7,3,1795.82,3,4,3,343,Loyal Customers,Cluster_3,598.61
CUST_02204,158.9,2,2718.95,2,2,4,224,Potential Loyalists,Cluster_3,1359.47
CUST_02205,65.2,4,5297.24,3,4,5,345,Loyal Customers,Cluster_4,1324.31
CUST_02206,36.1,5,3486.73,4,5,4,454,Champions,Cluster_4,697.35
CUST_02207,46.6,4,3102.61,4,4,4,444,Champions,Cluster_4,775.65
CUST_02208,25.9,5,5070.17,5,5,5,555,Champions,Cluster_4,1014.03
CUST_02209,31.3,5,3502.76,4,5,4,454,Champions,Cluster_4,700.55
CUST_02210,271.6,2,1640.84,1,2,2,122,Lost,Cluster_3,820.42
CUST_02211,101.4,4,5498.72,3,4,5,345,Loyal Customers,Cluster_4,1374.68
CUST_02212,135.9,5,5146.56,2,5,5,255,Loyal Customers,Cluster_4,1029.31
CUST_02213,203.2,4,3637.2,1,4,4,144,Loyal Customers,Cluster_4,909.3
CUST_02215,2.9,5,4242.93,5,5,5,555,Champions,Cluster_1,848.59
CUST_02216,150.2,2,818.44,2,2,1,221,Lost,Cluster_3,409.22
CUST_02217,47.1,4,3083.08,4,4,4,444,Champions,Cluster_4,770.77
CUST_02218,4.2,7,4288.46,5,5,5,555,Champions,Cluster_1,612.64
CUST_02219,131.1,3,4230.41,2,4,5,245,Loyal Customers,Cluster_4,1410.14
CUST_02220,142.0,3,1089.09,2,4,2,242,At Risk,Cluster_3,363.03
CUST_02221,46.5,4,2704.86,4,4,4,444,Champions,Cluster_4,676.22
CUST_02222,7.1,5,5222.45,5,5,5,555,Champions,Cluster_1,1044.49
CUST_02224,196.7,4,2318.93,1,4,3,143,Loyal Customers,Cluster_4,579.73
CUST_02225,46.3,5,5584.75,4,5,5,455,Champions,Cluster_4,1116.95
CUST_02226,162.4,2,1401.74,2,2,2,222,Lost,Cluster_3,700.87
CUST_02227,8.5,3,2212.19,5,4,3,543,Loyal Customers,Cluster_1,737.4
CUST_02228,207.3,1,673.47,1,1,1,111,Lost,Cluster_2,673.47
CUST_02229,212.2,2,1672.24,1,2,2,122,Lost,Cluster_3,836.12
CUST_02230,299.4,1,150.66,1,1,1,111,Lost,Cluster_2,150.66
CUST_02231,96.4,3,2747.66,3,4,4,344,Loyal Customers,Cluster_3,915.89
CUST_02232,16.8,2,1879.72,5,2,3,523,New Customers,Cluster_1,939.86
CUST_02233,111.2,2,157.75,2,2,1,221,Lost,Cluster_2,78.88
CUST_02234,250.8,1,1081.21,1,1,2,112,Lost,Cluster_2,1081.21
CUST_02235,52.4,3,1699.63,4,4,2,442,Potential Loyalists,Cluster_3,566.54
CUST_02236,168.9,4,2206.2,2,4,3,243,Loyal Customers,Cluster_4,551.55
CUST_02237,55.4,6,6713.55,4,5,5,455,Champions,Cluster_4,1118.92
CUST_02238,116.2,2,1982.63,2,2,3,223,Potential Loyalists,Cluster_3,991.32
CUST_02239,70.7,5,2903.69,3,5,4,354,Loyal Customers,Cluster_4,580.74
CUST_02240,28.9,5,3449.37,4,5,4,454,Champions,Cluster_4,689.87
CUST_02241,203.6,1,510.75,1,1,1,111,Lost,Cluster_2,510.75
CUST_02242,114.2,2,1033.84,2,2,2,222,Lost,Cluster_3,516.92
CUST_02243,182.1,3,3093.77,1,4,4,144,Loyal Customers,Cluster_3,1031.26
CUST_02244,31.7,2,1894.77,4,2,3,423,New Customers,Cluster_3,947.38
CUST_02245,83.0,5,5136.46,3,5,5,355,Loyal Customers,Cluster_4,1027.29
CUST_02246,173.2,2,3113.89,2,2,4,224,Potential Loyalists,Cluster_3,1556.94
CUST_02247,89.4,3,1705.17,3,4,2,342,Potential Loyalists,Cluster_3,568.39
CUST_02248,26.3,1,177.57,5,1,1,511,New Customers,Cluster_2,177.57
CUST_02249,186.9,4,2913.17,1,4,4,144,Loyal Customers,Cluster_4,728.29
CUST_02250,263.5,1,652.75,1,1,1,111,Lost,Cluster_2,652.75
CUST_02251,242.3,3,2923.47,1,4,4,144,Loyal Customers,Cluster_3,974.49
CUST_02252,171.8,1,153.68,2,1,1,211,Lost,Cluster_2,153.68
CUST_02253,257.4,1,868.76,1,1,1,111,Lost,Cluster_2,868.76
CUST_02254,72.8,5,1827.03,3,5,3,353,Loyal Customers,Cluster_4,365.41
CUST_02255,89.2,7,6214.15,3,5,5,355,Loyal Customers,Cluster_4,887.74
CUST_02256,139.4,5,2622.22,2,5,4,254,Loyal Customers,Cluster_4,524.44
CUST_02257,320.6,1,2606.02,1,1,4,114,Potential Loyalists,Cluster_3,2606.02
CUST_02258,93.3,2,1466.34,3,2,2,322,Potential Loyalists,Cluster_3,733.17
CUST_02259,86.1,7,5497.31,3,5,5,355,Loyal Customers,Cluster_4,785.33
CUST_02260,168.1,2,1075.04,2,2,2,222,Lost,Cluster_3,537.52
CUST_02261,69.7,3,3287.43,3,4,4,344,Loyal Customers,Cluster_4,1095.81
CUST_02262,47.5,5,3166.99,4,5,4,454,Champions,Cluster_4,633.4
CUST_02263,207.6,3,1139.12,1,4,2,142,At Risk,Cluster_3,379.71
CUST_02264,64.2,5,4260.93,3,5,5,355,Loyal Customers,Cluster_4,852.19
CUST_02265,81.2,6,4151.35,3,5,5,355,Loyal Customers,Cluster_4,691.89
CUST_02266,0.5,3,1238.72,5,4,2,542,Potential Loyalists,Cluster_1,412.91
CUST_02267,1.1,6,4276.14,5,5,5,555,Champions,Cluster_1,712.69
CUST_02268,26.7,4,1903.75,5,4,3,543,Loyal Customers,Cluster_1,475.94
CUST_02269,99.8,4,4737.42,3,4,5,345,Loyal Customers,Cluster_4,1184.36
CUST_02270,47.1,3,2195.72,4,4,3,443,Loyal Customers,Cluster_3,731.91
CUST_02271,176.1,4,4459.69,1,4,5,145,Loyal Customers,Cluster_4,1114.92
CUST_02272,249.7,4,2890.53,1,4,4,144,Loyal Customers,Cluster_4,722.63
CUST_02273,167.0,1,1211.6,2,1,2,212,Lost,Cluster_2,1211.6
CUST_02274,22.8,3,4596.34,5,4,5,545,Champions,Cluster_1,1532.11
CUST_02275,37.6,2,2098.3,4,2,3,423,New Customers,Cluster_3,1049.15
CUST_02277,18.3,7,4572.08,5,5,5,555,Champions,Cluster_1,653.15
CUST_02278,33.6,1,574.34,4,1,1,411,New Customers,Cluster_2,574.34
CUST_02279,144.4,2,2486.35,2,2,3,223,Potential Loyalists,Cluster_3,1243.17
CUST_02280,77.0,1,596.41,3,1,1,311,Potential Loyalists,Cluster_2,596.41
CUST_02281,114.1,5,4068.41,2,5,5,255,Loyal Customers,Cluster_4,813.68
CUST_02282,256.9,4,3293.62,1,4,4,144,Loyal Customers,Cluster_4,823.4
CUST_02283,152.8,1,325.66,2,1,1,211,Lost,Cluster_2,325.66
CUST_02284,4.1,2,952.0,5,2,1,521,New Customers,Cluster_1,476.0
CUST_02285,274.5,3,2478.6,1,4,3,143,Loyal Customers,Cluster_3,826.2
CUST_02286,102.5,2,1221.91,3,2,2,322,Potential Loyalists,Cluster_3,610.96
CUST_02287,10.7,6,4570.59,5,5,5,555,Champions,Cluster_1,761.76
CUST_02288,41.5,3,3860.81,4,4,5,445,Champions,Cluster_4,1286.94
CUST_02289,34.6,5,4609.19,4,5,5,455,Champions,Cluster_4,921.84
CUST_02290,69.7,3,3426.76,3,4,4,344,Loyal Customers,Cluster_4,1142.25
CUST_02291,129.3,3,2386.97,2,4,3,243,Loyal Customers,Cluster_3,795.66
CUST_02292,32.5,3,3329.44,4,4,4,444,Champions,Cluster_1,1109.81
CUST_02293,39.6,3,691.53,4,4,1,441,Potential Loyalists,Cluster_3,230.51
CUST_02294,22.6,3,1720.96,5,4,2,542,Potential Loyalists,Cluster_1,573.65
CUST_02295,31.4,2,1046.81,4,2,2,422,New Customers,Cluster_3,523.4
CUST_02296,169.6,2,3880.2,2,2,5,225,Potential Loyalists,Cluster_3,1940.1
CUST_02297,84.2,2,1346.26,3,2,2,322,Potential Loyalists,Cluster_3,673.13
CUST_02298,61.9,3,3799.36,3,4,5,345,Loyal Customers,Cluster_4,1266.45
CUST_02299,18.4,4,3553.02,5,4,4,544,Champions,Cluster_1,888.25
CUST_02300,108.1,4,2659.81,2,4,4,244,Loyal Customers,Cluster_4,664.95
CUST_02301,169.7,3,1167.17,2,4,2,242,At Risk,Cluster_3,389.06
CUST_02302,30.1,3,2724.33,4,4,4,444,Champions,Cluster_1,908.11
CUST_02303,122.2,1,1739.26,2,1,2,212,Lost,Cluster_3,1739.26
CUST_02304,116.9,2,1326.16,2,2,2,222,Lost,Cluster_3,663.08
CUST_02305,149.9,1,767.84,2,1,1,211,Lost,Cluster_2,767.84
CUST_02306,19.4,4,6074.43,5,4,5,545,Champions,Cluster_1,1518.61
CUST_02307,41.6,4,5212.84,4,4,5,445,Champions,Cluster_4,1303.21
CUST_02308,67.3,2,1176.34,3,2,2,322,Potential Loyalists,Cluster_3,588.17
CUST_02309,154.1,4,1933.61,2,4,3,243,Loyal Customers,Cluster_3,483.4
CUST_02310,14.8,4,4830.26,5,4,5,545,Champions,Cluster_1,1207.57
CUST_02311,165.0,2,1196.96,2,2,2,222,Lost,Cluster_3,598.48
CUST_02312,342.1,1,1413.19,1,1,2,112,Lost,Cluster_2,1413.19
CUST_02313,30.7,5,3248.98,4,5,4,454,Champions,Cluster_4,649.8
CUST_02315,243.5,3,2827.91,1,4,4,144,Loyal Customers,Cluster_3,942.64
CUST_02316,83.1,3,1675.68,3,4,2,342,Potential Loyalists,Cluster_3,558.56
CUST_02317,25.1,6,4309.6,5,5,5,555,Champions,Cluster_4,718.27
CUST_02318,105.0,4,1408.43,2,4,2,242,At Risk,Cluster_3,352.11
CUST_02319,35.0,3,3015.3,4,4,4,444,Champions,Cluster_1,1005.1
CUST_02320,4.7,4,5047.83,5,4,5,545,Champions,Cluster_1,1261.96
CUST_02321,28.9,3,2752.07,4,4,4,444,Champions,Cluster_1,917.36
CUST_02322,58.2,3,2846.32,4,4,4,444,Champions,Cluster_3,948.77
CUST_02323,122.2,2,623.73,2,2,1,221,Lost,Cluster_2,311.87
CUST_02324,35.0,6,3193.82,4,5,4,454,Champions,Cluster_4,532.3
CUST_02325,334.5,2,895.09,1,2,1,121,Lost,Cluster_3,447.55
CUST_02326,347.5,1,373.05,1,1,1,111,Lost,Cluster_2,373.05
CUST_02327,74.0,5,4004.19,3,5,5,355,Loyal Customers,Cluster_4,800.84
CUST_02328,41.3,5,2559.52,4,5,3,453,Loyal Customers,Cluster_4,511.9
CUST_02329,109.4,3,2878.05,2,4,4,244,Loyal Customers,Cluster_3,959.35
CUST_02330,213.1,3,4141.81,1,4,5,145,Loyal Customers,Cluster_3,1380.6
CUST_02331,93.9,6,6148.57,3,5,5,355,Loyal Customers,Cluster_4,1024.76
CUST_02332,171.7,3,2836.28,2,4,4,244,Loyal Customers,Cluster_3,945.43
CUST_02333,0.7,4,2226.83,5,4,3,543,Loyal Customers,Cluster_1,556.71
CUST_02334,270.4,1,401.03,1,1,1,111,Lost,Cluster_2,401.03
CUST_02335,123.1,1,422.35,2,1,1,211,Lost,Cluster_2,422.35
CUST_02336,146.7,3,2056.15,2,4,3,243,Loyal Customers,Cluster_3,685.38
CUST_02337,17.0,6,7002.18,5,5,5,555,Champions,Cluster_1,1167.03
CUST_02338,106.9,1,629.56,2,1,1,211,Lost,Cluster_2,629.56
CUST_02339,105.1,7,5197.87,2,5,5,255,Loyal Customers,Cluster_4,742.55
CUST_02340,0.1,5,3584.5,5,5,4,554,Champions,Cluster_1,716.9
CUST_02341,115.4,4,2693.25,2,4,4,244,Loyal Customers,Cluster_4,673.31
CUST_02342,16.4,6,4265.83,5,5,5,555,Champions,Cluster_1,710.97
CUST_02343,52.3,6,5423.37,4,5,5,455,Champions,Cluster_4,903.89
CUST_02344,29.9,7,4175.17,4,5,5,455,Champions,Cluster_4,596.45
CUST_02345,192.1,2,2350.57,1,2,3,123,Potential Loyalists,Cluster_3,1175.29
CUST_02346,3.1,6,4581.66,5,5,5,555,Champions,Cluster_1,763.61
CUST_02347,12.6,7,4790.62,5,5,5,555,Champions,Cluster_1,684.37
CUST_02348,192.0,3,3081.28,1,4,4,144,Loyal Customers,Cluster_3,1027.09
CUST_02350,97.1,4,977.3,3,4,1,341,Potential Loyalists,Cluster_3,244.32
CUST_02351,149.9,4,4238.47,2,4,5,245,Loyal Customers,Cluster_4,1059.62
CUST_02352,41.0,5,3320.19,4,5,4,454,Champions,Cluster_4,664.04
CUST_02353,121.2,1,1059.82,2,1,2,212,Lost,Cluster_2,1059.82
CUST_02354,10.5,5,2021.32,5,5,3,553,Loyal Customers,Cluster_1,404.26
CUST_02355,43.9,4,1321.45,4,4,2,442,Potential Loyalists,Cluster_3,330.36
CUST_02356,24.4,4,3828.49,5,4,5,545,Champions,Cluster_1,957.12
CUST_02357,138.0,6,5622.37,2,5,5,255,Loyal Customers,Cluster_4,937.06
CUST_02358,20.9,5,3600.97,5,5,4,554,Champions,Cluster_1,720.19
CUST_02359,49.6,3,921.96,4,4,1,441,Potential Loyalists,Cluster_3,307.32
CUST_02360,68.4,5,3504.08,3,5,4,354,Loyal Customers,Cluster_4,700.82
CUST_02361,47.7,1,363.77,4,1,1,411,New Customers,Cluster_2,363.77
CUST_02362,122.3,2,584.67,2,2,1,221,Lost,Cluster_2,292.33
CUST_02363,160.0,5,4705.37,2,5,5,255,Loyal Customers,Cluster_4,941.07
CUST_02364,61.4,1,128.37,3,1,1,311,Potential Loyalists,Cluster_2,128.37
CUST_02365,28.0,5,3208.63,4,5,4,454,Champions,Cluster_4,641.73
CUST_02366,26.7,3,2773.27,5,4,4,544,Champions,Cluster_1,924.42
CUST_02367,199.4,3,2814.21,1,4,4,144,Loyal Customers,Cluster_3,938.07
CUST_02368,180.4,2,1228.46,1,2,2,122,Lost,Cluster_3,614.23
CUST_02369,84.6,3,1653.59,3,4,2,342,Potential Loyalists,Cluster_3,551.2
CUST_02370,126.6,4,3181.82,2,4,4,244,Loyal Customers,Cluster_4,795.46
CUST_02371,134.6,2,595.99,2,2,1,221,Lost,Cluster_2,298.0
CUST_02372,320.0,1,857.6,1,1,1,111,Lost,Cluster_2,857.6
CUST_02374,29.3,5,3383.95,4,5,4,454,Champions,Cluster_4,676.79
CUST_02375,31.7,6,6605.69,4,5,5,455,Champions,Cluster_4,1100.95
CUST_02376,130.4,1,1031.02,2,1,1,211,Lost,Cluster_2,1031.02
CUST_02377,7.8,2,512.53,5,2,1,521,New Customers,Cluster_1,256.26
CUST_02378,65.0,1,366.18,3,1,1,311,Potential Loyalists,Cluster_2,366.18
CUST_02379,89.3,1,207.18,3,1,1,311,Potential Loyalists,Cluster_2,207.18
CUST_02380,91.2,2,799.7,3,2,1,321,Potential Loyalists,Cluster_3,399.85
CUST_02381,61.7,4,3616.05,3,4,4,344,Loyal Customers,Cluster_4,904.01
CUST_02382,51.6,1,317.83,4,1,1,411,New Customers,Cluster_2,317.83
CUST_02383,146.3,4,6922.0,2,4,5,245,Loyal Customers,Cluster_4,1730.5
CUST_02384,135.4,3,6200.47,2,4,5,245,Loyal Customers,Cluster_4,2066.82
CUST_02385,55.2,3,2711.42,4,4,4,444,Champions,Cluster_3,903.81
CUST_02387,293.7,2,1117.19,1,2,2,122,Lost,Cluster_3,558.6
CUST_02388,276.9,2,1743.04,1,2,2,122,Lost,Cluster_3,871.52
CUST_02390,14.7,3,5750.04,5,4,5,545,Champions,Cluster_1,1916.68
CUST_02391,37.6,3,773.62,4,4,1,441,Potential Loyalists,Cluster_3,257.87
CUST_02392,113.7,3,1841.06,2,4,3,243,Loyal Customers,Cluster_3,613.69
CUST_02393,21.2,5,4850.79,5,5,5,555,Champions,Cluster_1,970.16
CUST_02394,106.3,1,956.5,2,1,1,211,Lost,Cluster_2,956.5
CUST_02395,104.1,4,1110.72,2,4,2,242,At Risk,Cluster_3,277.68
CUST_02396,156.7,1,972.46,2,1,1,211,Lost,Cluster_2,972.46
CUST_02397,178.4,2,1042.93,1,2,2,122,Lost,Cluster_3,521.47
CUST_02398,196.7,3,2828.9,1,4,4,144,Loyal Customers,Cluster_3,942.97
CUST_02399,11.5,3,932.34,5,4,1,541,Potential Loyalists,Cluster_1,310.78
CUST_02400,104.9,2,139.61,2,2,1,221,Lost,Cluster_2,69.81
CUST_02401,246.4,1,770.75,1,1,1,111,Lost,Cluster_2,770.75
CUST_02402,161.1,1,100.27,2,1,1,211,Lost,Cluster_2,100.27
CUST_02403,92.3,4,3615.15,3,4,4,344,Loyal Customers,Cluster_4,903.79
CUST_02404,31.2,3,1588.59,4,4,2,442,Potential Loyalists,Cluster_1,529.53
CUST_02405,34.9,1,892.42,4,1,1,411,New Customers,Cluster_2,892.42
CUST_02406,292.6,1,956.06,1,1,1,111,Lost,Cluster_2,956.06
CUST_02407,75.6,5,2589.62,3,5,4,354,Loyal Customers,Cluster_4,517.92
CUST_02408,26.1,2,1845.24,5,2,3,523,New Customers,Cluster_3,922.62
CUST_02409,357.4,1,496.02,1,1,1,111,Lost,Cluster_2,496.02
CUST_02410,202.1,3,1232.86,1,4,2,142,At Risk,Cluster_3,410.95
CUST_02411,16.0,6,5013.95,5,5,5,555,Champions,Cluster_1,835.66
CUST_02412,4.0,4,3192.63,5,4,4,544,Champions,Cluster_1,798.16
CUST_02413,348.5,1,360.86,1,1,1,111,Lost,Cluster_2,360.86
CUST_02414,203.9,3,1212.99,1,4,2,142,At Risk,Cluster_3,404.33
CUST_02415,10.1,3,2169.94,5,4,3,543,Loyal Customers,Cluster_1,723.31
CUST_02416,8.9,7,4592.37,5,5,5,555,Champions,Cluster_1,656.05
CUST_02417,104.2,1,1302.59,2,1,2,212,Lost,Cluster_2,1302.59
CUST_02418,203.8,4,1018.81,1,4,1,141,At Risk,Cluster_3,254.7
CUST_02419,40.5,2,1725.08,4,2,2,422,New Customers,Cluster_3,862.54
CUST_02420,72.4,6,2914.53,3,5,4,354,Loyal Customers,Cluster_4,485.76
CUST_02421,153.5,3,2864.09,2,4,4,244,Loyal Customers,Cluster_3,954.7
CUST_02422,24.6,4,5622.44,5,4,5,545,Champions,Cluster_1,1405.61
CUST_02423,199.5,3,2299.9,1,4,3,143,Loyal Customers,Cluster_3,766.63
CUST_02424,16.9,1,294.69,5,1,1,511,New Customers,Cluster_2,294.69
CUST_02425,146.8,1,760.9,2,1,1,211,Lost,Cluster_2,760.9
CUST_02426,131.1,2,1029.58,2,2,1,221,Lost,Cluster_3,514.79
CUST_02427,250.8,3,2683.71,1,4,4,144,Loyal Customers,Cluster_3,894.57
CUST_02428,346.9,2,1629.41,1,2,2,122,Lost,Cluster_3,814.71
CUST_02429,59.4,3,977.47,3,4,1,341,Potential Loyalists,Cluster_3,325.82
CUST_02430,44.9,3,1500.76,4,4,2,442,Potential Loyalists,Cluster_3,500.25
CUST_02431,31.0,6,3632.61,4,5,4,454,Champions,Cluster_4,605.44
CUST_02432,21.6,2,1903.83,5,2,3,523,New Customers,Cluster_1,951.91
CUST_02433,63.7,3,1751.11,3,4,2,342,Potential Loyalists,Cluster_3,583.7
CUST_02434,99.1,3,2660.52,3,4,4,344,Loyal Customers,Cluster_3,886.84
CUST_02435,313.1,1,520.82,1,1,1,111,Lost,Cluster_2,520.82
CUST_02436,163.9,2,2019.05,2,2,3,223,Potential Loyalists,Cluster_3,1009.52
CUST_02437,143.7,2,2324.8,2,2,3,223,Potential Loyalists,Cluster_3,1162.4
CUST_02438,75.1,1,911.99,3,1,1,311,Potential Loyalists,Cluster_2,911.99
CUST_02439,116.6,2,994.53,2,2,1,221,Lost,Cluster_3,497.26
CUST_02440,150.8,2,637.94,2,2,1,221,Lost,Cluster_2,318.97
CUST_02441,177.9,5,6946.82,1,5,5,155,Loyal Customers,Cluster_4,1389.36
CUST_02442,19.9,4,2581.49,5,4,3,543,Loyal Customers,Cluster_1,645.37
CUST_02443,54.4,6,6787.63,4,5,5,455,Champions,Cluster_4,1131.27
CUST_02444,227.8,1,797.72,1,1,1,111,Lost,Cluster_2,797.72
CUST_02445,105.2,1,950.07,2,1,1,211,Lost,Cluster_2,950.07
CUST_02446,138.4,2,1240.64,2,2,2,222,Lost,Cluster_3,620.32
CUST_02447,162.5,2,1064.26,2,2,2,222,Lost,Cluster_3,532.13
CUST_02448,23.3,3,1138.03,5,4,2,542,Potential Loyalists,Cluster_1,379.34
CUST_02449,78.2,3,3250.35,3,4,4,344,Loyal Customers,Cluster_3,1083.45
CUST_02450,10.8,4,1126.55,5,4,2,542,Potential Loyalists,Cluster_1,281.64
CUST_02451,90.4,4,2587.59,3,4,4,344,Loyal Customers,Cluster_4,646.9
CUST_02452,15.5,3,3377.26,5,4,4,544,Champions,Cluster_1,1125.75
CUST_02453,10.9,4,2670.73,5,4,4,544,Champions,Cluster_1,667.68
CUST_02455,99.4,3,2178.24,3,4,3,343,Loyal Customers,Cluster_3,726.08
CUST_02456,167.7,2,1410.67,2,2,2,222,Lost,Cluster_3,705.34
CUST_02457,117.4,2,935.71,2,2,1,221,Lost,Cluster_3,467.86
CUST_02458,83.1,5,2980.49,3,5,4,354,Loyal Customers,Cluster_4,596.1
CUST_02459,179.5,1,345.11,1,1,1,111,Lost,Cluster_2,345.11
CUST_02460,25.1,3,1643.87,5,4,2,542,Potential Loyalists,Cluster_1,547.96
CUST_02461,2.6,2,1954.66,5,2,3,523,New Customers,Cluster_1,977.33
CUST_02462,115.6,3,2538.49,2,4,3,243,Loyal Customers,Cluster_3,846.16
CUST_02463,65.3,2,1100.89,3,2,2,322,Potential Loyalists,Cluster_3,550.45
CUST_02465,57.8,4,1221.62,4,4,2,442,Potential Loyalists,Cluster_3,305.4
CUST_02466,66.8,5,2865.34,3,5,4,354,Loyal Customers,Cluster_4,573.07
CUST_02467,294.2,1,197.95,1,1,1,111,Lost,Cluster_2,197.95
CUST_02468,5.3,2,1686.7,5,2,2,522,New Customers,Cluster_1,843.35
CUST_02469,26.9,2,641.04,5,2,1,521,New Customers,Cluster_2,320.52
CUST_02470,11.1,3,1972.7,5,4,3,543,Loyal Customers,Cluster_1,657.57
CUST_02471,51.7,4,4614.75,4,4,5,445,Champions,Cluster_4,1153.69
CUST_02472,113.0,7,4159.97,2,5,5,255,Loyal Customers,Cluster_4,594.28
CUST_02473,45.7,3,2664.74,4,4,4,444,Champions,Cluster_3,888.25
CUST_02474,32.8,2,473.91,4,2,1,421,New Customers,Cluster_2,236.96
CUST_02475,74.3,4,3695.19,3,4,5,345,Loyal Customers,Cluster_4,923.8
CUST_02476,4.7,4,1637.94,5,4,2,542,Potential Loyalists,Cluster_1,409.49
CUST_02477,71.0,4,3702.78,3,4,5,345,Loyal Customers,Cluster_4,925.7
CUST_02478,3.3,5,5777.96,5,5,5,555,Champions,Cluster_1,1155.59
CUST_02479,67.3,5,3614.85,3,5,4,354,Loyal Customers,Cluster_4,722.97
CUST_02480,38.9,5,3492.43,4,5,4,454,Champions,Cluster_4,698.49
CUST_02481,93.9,3,3079.63,3,4,4,344,Loyal Customers,Cluster_3,1026.54
CUST_02482,110.1,2,1484.01,2,2,2,222,Lost,Cluster_3,742.0
CUST_02483,73.0,5,3303.45,3,5,4,354,Loyal Customers,Cluster_4,660.69
CUST_02484,1.2,3,1697.2,5,4,2,542,Potential Loyalists,Cluster_1,565.73
CUST_02485,120.8,7,8805.68,2,5,5,255,Loyal Customers,Cluster_4,1257.95
CUST_02486,138.4,1,153.57,2,1,1,211,Lost,Cluster_2,153.57
CUST_02487,54.6,6,1730.76,4,5,2,452,Potential Loyalists,Cluster_4,288.46
CUST_02488,191.8,1,571.66,1,1,1,111,Lost,Cluster_2,571.66
CUST_02489,102.7,3,1439.82,3,4,2,342,Potential Loyalists,Cluster_3,479.94
CUST_02490,22.9,3,4112.14,5,4,5,545,Champions,Cluster_1,1370.71
CUST_02491,23.2,4,2991.09,5,4,4,544,Champions,Cluster_1,747.77
CUST_02492,54.5,2,1502.27,4,2,2,422,New Customers,Cluster_3,751.13
CUST_02493,13.6,6,4844.75,5,5,5,555,Champions,Cluster_1,807.46
CUST_02494,55.6,8,5519.14,4,5,5,455,Champions,Cluster_4,689.89
CUST_02495,10.3,3,4733.84,5,4,5,545,Champions,Cluster_1,1577.95
CUST_02496,44.8,2,1438.19,4,2,2,422,New Customers,Cluster_3,719.1
CUST_02497,27.8,3,2144.55,4,4,3,443,Loyal Customers,Cluster_1,714.85
CUST_02498,125.2,5,3292.17,2,5,4,254,Loyal Customers,Cluster_4,658.43
CUST_02499,113.5,2,2992.17,2,2,4,224,Potential Loyalists,Cluster_3,1496.09
CUST_02500,106.5,1,1126.5,2,1,2,212,Lost,Cluster_2,1126.5
